N,P,K,temperature,humidity,ph,rainfall,label
87.45071229516849,46.61735698828815,45.18150830480554,28.569089569224076,80.82923312638331,6.38293152152541,303.16851262029564,rice
91.51152093729362,43.30525614065048,44.34048034868772,22.609746921562614,79.67135123214871,6.620981135783017,163.46879021368807,rice
54.12623251230451,42.37712470759027,31.89735103732461,24.94274199778582,77.45987962239394,5.793848149332354,298.62595075686215,rice
76.61335549270197,48.67528204687924,28.602014510292346,22.36685182642445,82.55461294854933,5.924503211288848,255.02792073382687,rice
70.99041965121792,45.083062502067236,35.186347102164824,29.556834553526812,81.93251387631032,5.97114453552205,272.90179648412754,rice
61.68734525043467,50.08863595004755,24.322639008961794,20.015441853304708,82.98430617934562,6.869233289997705,246.8547312475988,rice
78.2652757641764,44.98896304410711,28.17182407706058,21.840467374815873,79.69680614520107,7.028561113109458,253.74473158273847,rice
53.554397669558995,51.24083969394795,36.91934175666947,21.969233999082125,85.05838144420434,7.015499761247975,277.2512047646479,rice
67.41173715166042,44.907876241487855,42.650107451228514,26.926635381367078,79.60412881077355,6.407170511668092,195.74660103975887,rice
62.05690063878994,56.125258223941984,50.84992022856658,23.783969635258998,87.01766448946012,6.680818012523817,214.19520981579504,rice
85.4209340826262,63.38036566465969,39.713391687120385,28.693930967442018,68.90127447955128,6.910951252187612,243.48188272952686,rice
75.51488974301199,48.91760776535502,24.099448683192858,23.340984336487463,83.78556285755873,7.238947022370758,219.2691912690541,rice
67.87259595660218,42.982429564154636,47.32321694161659,24.986253328979053,79.3511989811648,6.756633716556678,243.8831019739216,rice
94.52967485799334,40.979469061226474,37.37870282721786,22.823675540603528,74.68242525933941,6.648060138532288,250.44221088719559,rice
80.07670184963692,45.65412866624853,28.677034063596686,22.738064031703924,80.28642741736616,6.09886136538919,233.54857153335962,rice
86.06076285221808,66.8618590121053,41.396622502654715,24.772651172168292,81.62777042116916,5.540614392350479,238.93944498203132,rice
80.90345314911539,72.63242112485287,38.46111228175102,24.904642027000836,81.82644115147379,5.915660981190234,285.7129125806008,rice
91.27899549030161,55.910319470430466,32.724900361642085,28.2083829328083,74.9907446860386,6.793428546900135,327.61822503239915,rice
65.14195512303968,42.33702270397228,40.79721092070113,22.489573037651404,74.24668284466934,6.534281487403014,197.5078514509558,rice
87.10388645952773,38.80575765766197,52.39947524014032,21.65024012299129,80.38969241897162,6.906758608684835,190.7654273426418,rice
83.41189901906193,61.07142754282428,27.14013412351018,24.553901575596914,83.29941397124212,6.890911435888655,190.5219715648767,rice
60.193150803735854,53.21941565616898,42.375877385865486,24.75147855103763,83.73224104748488,6.159987639210755,249.29014788644014,rice
84.39608709948021,40.85648581973632,54.926196089158054,25.42149876273536,76.04348251398676,6.828276804316915,201.01273319090714,rice
91.80626905613678,59.58595579007404,33.43454145318631,26.890128387732965,84.06390463468249,6.911030079997245,315.8717193061579,rice
76.31917825995694,40.4626383564251,32.88388456299582,21.552569145103686,81.61449145292949,6.670575987408322,251.06763197320078,rice
92.40774873554035,48.13001891877907,51.62827261725853,23.20602950028613,95.6008458329481,6.812833673882503,205.7136977433487,rice
63.93661252908332,52.824724152431855,38.21229771739319,26.142001482276275,84.36618812286773,6.463585543671564,206.12825127726381,rice
57.27729162971203,43.53485047932979,46.85119035458778,24.642281232390612,75.77130610644006,6.586590462925591,255.41269518915348,rice
66.742138456983,49.53725105945528,40.465669747568,20.571089106508133,83.78893680174141,6.780392263184117,283.32204972701106,rice
95.80703078052355,34.22330632042909,32.49739968067902,25.54510580162598,84.56892975456104,6.757523843153024,394.1092596261889,rice
88.5633576603975,59.35565640180599,47.63201410794562,25.954173753917395,80.42365377679828,6.879484610246633,209.08699141849712,rice
76.44772089889986,43.14636452170897,40.65499311509058,30.943975700020527,72.66367403704126,6.843130095187257,175.49136515241395,rice
72.92102201315849,58.889505969673664,40.514240152763705,20.76676566621208,78.42348145370016,6.839798874467338,210.78533473131455,rice
83.24687884372962,48.45571839903814,34.78719721915346,30.431832267975977,85.16959511159006,5.487428706671197,247.4581725907771,rice
70.07320302847418,56.52433334796224,33.6598340925384,23.655790675599302,84.52493639490228,6.932877597085061,191.98814371776893,rice
74.98248146238578,43.25054688839044,34.77336613941031,29.29636272084329,84.02490855480478,5.869558022832478,276.71447788219103,rice
111.8323429551895,58.32465260551147,27.845040272367893,22.547297781401245,88.33455574593312,6.14616526719061,257.75277712584915,rice
91.61951080144006,38.730695284219166,39.5237971515056,14.276197979792782,76.87806179332856,6.37371592430342,190.08867272140603,rice
104.48616955897452,33.69858622039367,36.47964410642413,24.392221731858275,89.20636644533057,5.7820689244102805,286.52655008619837,rice
80.1534959152938,38.18491348952049,43.69682779410616,24.59717908672041,78.99891561420603,6.53490104249501,224.5874561255296,rice
81.70276017876873,54.62130674521047,52.68813452916282,20.286553503519453,92.66516687328134,5.523956100238749,233.92859619857666,rice
88.82475809726864,50.809918677350325,35.01840384143525,23.375633248928175,79.53499532670584,6.205317621527894,273.984083880841,rice
85.35523228947571,41.070904047393455,47.196799003466005,24.921898562629828,86.06431059419481,6.814814420961806,206.8401995631171,rice
71.59728439704546,55.472936051232615,44.88296212346772,23.937295218107554,82.58663691654391,7.138832447894212,216.3371444465668,rice
88.20646071755057,45.97807347566106,38.258550374182235,27.29633055596157,86.12708174494014,6.906754818000319,292.21915228617314,rice
80.31505762449139,54.81952971294964,37.51786594725235,24.972499057465328,81.34928472816158,6.548497982496359,263.8062810174765,rice
67.72668975149791,68.9238727568546,31.951860948002384,20.357434161636803,87.79055436750033,6.895831346981468,264.9647926820862,rice
89.4251826389642,47.87753227153085,32.82196502811335,24.22741367458118,78.61419144243945,6.987559866708875,234.11770473991444,rice
67.61754204811233,44.78614158347007,43.303451634205,22.308826341588077,77.88889802216784,6.621843605745956,249.7986628443489,rice
72.39585236943306,43.289616943816775,41.85639949886109,19.655746975508027,74.96268112811723,6.140777889373782,231.46211393152612,rice
84.66361348397007,62.753562169495524,46.86127698561616,23.520184410109717,81.90491896048655,5.998735317681096,239.2594745603044,rice
75.67012041619793,51.227185603380896,33.38215245158142,25.558039542723517,89.66369456501289,6.445619925771571,256.0684688839577,rice
90.35215987566669,43.987795281141636,41.79273985448334,24.037777202345385,82.48838049274416,6.113495108072267,240.9804069703577,rice
87.46997436868175,62.51143607795042,47.67416660868165,30.45954737253467,78.16326218555976,6.936160318360339,247.33368022953408,rice
112.8470439982651,39.91701714644849,33.282225262553794,22.201822063667933,71.38052137845096,6.23712248915962,209.6346935378521,rice
82.25590679714311,51.41755975777159,55.00936671372709,26.85127151455815,79.11548172168798,6.050792664325821,259.6767668602602,rice
60.19650189469037,66.31458765854353,49.435520965770294,22.592473043685885,73.43432735454562,7.176936187082706,235.41840618989528,rice
98.56724467960193,32.05572341205633,35.20499981636982,24.01573109915455,82.2349029688237,6.274967264260378,264.91399729389997,rice
63.98569355926108,46.576205149787064,40.962365053695194,25.543316502176246,85.55807439044445,5.937678954081066,178.6354331705751,rice
99.16515232847763,51.323140119795916,34.01210770754757,28.653455926567567,82.57837317146429,7.089648592031914,242.70073925640435,rice
110.91121887322981,65.55340842443204,38.00828681216741,26.914712852863065,85.22687974792574,7.184315778766174,201.40306157679584,rice
90.29077189997659,58.58424486849588,25.930084108615084,20.450224462002673,71.8038391111995,6.365296582777721,268.7016902318385,rice
102.53535578144042,48.74094780419775,53.02892436457034,19.859695625355325,73.48308780322422,6.47222615055169,255.3626179575723,rice
79.5095787785886,27.325578999601234,39.287039683897696,20.08659149848544,85.3483627441502,6.683299123048424,202.4048085469058,rice
72.2919962399496,37.40786478111048,39.498567221814625,26.865426961503715,77.07136976832228,6.752023257758922,218.78969526510235,rice
68.10690751606484,46.929696400454425,31.718061420645007,22.339052083958453,76.01061053705575,7.482362566458194,241.41054207886916,rice
69.50411738011121,50.13979910734222,39.10137560247336,23.33709120140033,85.07083350021712,6.878753855023652,218.7799540955789,rice
71.3627263903298,45.24948302848356,21.58463068211532,19.454426813404343,88.83437133722262,7.322483856750642,230.03855841774487,rice
88.6483544458365,51.112501545435364,64.63104646764191,27.35872473430373,81.36041204259617,6.022229779699787,175.7421471896971,rice
83.05195453800835,40.436492547156966,28.621970323218605,22.060281347272422,76.59225998192802,7.343570817536282,275.26559027797805,rice
79.88041038025074,62.79944138890026,40.61894646118095,21.41614739601521,89.61562038634828,6.7694550218423295,198.51015382694175,rice
77.14491982874588,39.24381746615243,28.93760215228531,26.778532642594925,91.54708320235065,5.800716213090429,262.51876946762286,rice
70.24036146317259,43.12874616235304,35.26084860608905,21.40802769096055,82.24260813972414,6.084524941794481,250.81827303119354,rice
79.24642835826295,45.6105195313359,32.739490703667215,22.269686008295,85.77695612912878,6.750458593812191,200.89779020805796,rice
81.48998458143839,55.51387123371789,26.644757751029026,25.630080577139804,78.68688120527077,6.78529933429658,209.46963373829934,rice
52.92676849003222,31.724575621168373,40.38467957329106,24.779167505164445,77.47841687447796,6.819296229388687,173.5391975092416,rice
79.00880302029024,35.889838002375434,34.785311137582724,24.142196013949242,77.69793317358024,6.307722227885088,280.2517123685776,rice
71.34662195715276,56.35692112065142,30.962345162739055,25.589412533745847,89.2078431032895,5.264177749936355,208.12418978118092,rice
88.6560819077081,45.96954613957007,42.96916698697047,22.18804443985254,82.4329489373645,6.42216138230396,286.7112824663923,rice
83.8163126495182,51.37602662075202,36.70498427102026,22.53718132778252,79.8372090609019,6.6972260711891485,223.16062076718947,rice
84.34662285344619,68.75400798645438,46.96899762745354,23.021929403496475,88.00606961081972,6.295962313489224,158.47501859288585,rice
64.87870533623894,29.292080789741444,37.18789212766953,24.055255137568654,90.38218656137641,6.663463686882081,231.23597884764544,rice
92.44108371775233,25.88864690992115,41.884916464868525,26.3125955816609,74.60706877110078,7.0718770216034645,253.53985629977657,rice
73.77068129148797,54.32781866106285,58.16554286243517,24.545598765175484,83.24110293150169,6.270319550229878,206.00622522140833,rice
92.45503724816368,39.43916174091133,40.57252989775514,22.56702765970465,84.39489912873196,6.666831052643474,281.501597770316,rice
72.3497540171788,45.30125064706629,32.169890273741544,22.667120219771665,83.88650246522425,6.878494308322676,203.113387032895,rice
93.0440888015849,61.55637858804951,43.307479225789606,29.630387437674198,78.13105400448214,5.877672648344292,168.85119004382886,rice
102.44066467233775,54.54365656354058,39.55532263271636,24.83990587895946,76.37255476350812,7.722875989808413,245.1688472790091,rice
81.64092191907339,55.25766623898692,43.84807385389371,24.671652072837393,78.04762772277344,6.735734178567998,315.2809798590014,rice
100.18130069232467,63.93186626639397,35.91027458855052,21.031185539224257,81.37106539950176,6.527862456144347,283.76766073883795,rice
54.613030554277714,63.29550319460614,38.735936811368084,22.71935679015774,76.93947812369916,5.6725716640671155,272.92682335847655,rice
81.09976950782605,35.10039100258946,29.639369823491073,22.992645902129617,90.34510762644696,6.370204324318197,179.87428187527576,rice
76.31385403871083,45.27276430252329,18.424906856467427,23.837115400446564,80.84532734895662,6.848103182406709,313.9582437978138,rice
96.89847544321637,45.31111309445169,31.147792730066637,31.72007940974958,82.29609217007244,6.506964645956473,239.03499651559986,rice
82.97127141151782,46.556395880760576,35.41070394495811,22.359423176278824,81.83623364892001,6.228287614433118,211.48616869291342,rice
81.59645341537845,45.450227825791444,52.03194390866151,16.047090574820963,87.45753425961232,7.123042596248815,157.064390703674,rice
74.85968608879477,44.28559134004209,28.73990644225743,21.666549937227373,76.44712077267086,7.376135221711811,277.42713572589844,rice
99.07332642491238,55.21672064043235,30.967585830262166,22.42643920116068,84.4468728061396,5.888936095554027,268.5199372068955,rice
76.39511902762797,44.251791924504026,45.68767974562793,25.33278993445812,80.1951691709046,7.079664901682124,196.7574668960041,rice
89.23903410416395,53.93101257968384,37.523628485488075,24.978399066726354,75.74443211807349,6.962013509603451,232.60391454228045,rice
71.72732375377153,56.392073806695116,16.478281547286205,18.77461611090932,52.54696661180877,6.442403980538256,59.39141295007434,maize
99.05753018381237,31.344564736930224,28.48228184145019,23.633052401607856,64.22629510503685,5.98203236527642,92.98272228704141,maize
77.54838357090182,56.82641505613217,20.571138243310198,23.450905284385634,62.09110230228915,6.177221750511573,91.15603537784118,maize
57.477979288120494,37.214516623154296,23.716320470113576,23.512596314383824,63.528133309178564,6.207373573226158,91.95163410723342,maize
71.52288383628766,41.7735621967815,20.979226275488408,20.064881667154904,68.26602204571577,5.518966558304864,105.58311274651288,maize
83.67116978895652,50.048237874511,24.91345491972757,27.99642333338773,73.11496052014505,5.463650307467342,59.40846066528597,maize
70.50217706765186,48.20872840168667,22.588295102345615,20.822768560539604,66.49413411581662,5.897846827058671,72.76964394016103,maize
61.120066837821334,40.61413403111277,13.241576971918331,20.072380241068004,73.42913437286272,5.820240444467223,137.64764129674782,maize
83.91981481057067,49.47868898955899,15.708211099093933,25.100929638226972,60.39489739009781,6.2488039258581445,136.2016907653759,maize
76.8472812033042,57.194186610285406,16.48411787437056,22.895034528509115,79.16640508508408,5.949213176884893,121.24897115993858,maize
86.4930232254657,43.50026579284586,23.162038695277605,25.91766334888019,69.97447969773756,5.571910112043818,70.45725648350263,maize
75.02977637338195,47.40453256719963,23.103360487753392,23.533103002799763,54.31724513031919,6.3520791404023855,97.21171490567646,maize
84.71748537517247,56.64624580443697,24.16961077274452,24.37754023768531,64.43867430833082,5.535615626593604,93.59236438265171,maize
80.49225224595733,50.17263069756299,13.616257120898453,19.756830378775213,73.42522282666323,6.1841779384573385,98.63001394745248,maize
78.33982051356553,48.238049115965964,24.691419029879988,21.45186581534788,65.76896621552787,6.015089884517983,76.31007545135368,maize
74.28993451837633,49.7770701730697,17.606256891682612,26.767268376720562,57.843141582243966,6.125251342335456,76.2053788345165,maize
95.3637346122448,49.5724382120926,25.159222697343175,18.543318880889082,67.13640212695407,6.555852318249375,86.64567978550848,maize
90.78576450078421,43.861692399197025,27.0467372009279,29.89669437085775,62.09729151648273,6.021798991439692,114.06768954235402,maize
96.95486574876855,43.81711978277385,17.899065914520712,22.154646173418477,54.24439591172578,5.8325392214063205,64.91718466495864,maize
68.78642921875046,47.72252090090575,21.171073662682602,27.65150147844223,57.01316767408967,6.593728959390634,80.72022311548982,maize
77.4064354841708,53.39855593733283,14.386389892188507,24.147229238552153,66.33161766570444,6.39698050560326,90.78337287815636,maize
107.46360167893073,42.89808012598947,17.345015224990913,21.13057842072571,60.55618304671796,5.9450451490773935,108.78033062215104,maize
95.04605097587826,43.43402965000419,15.838222134478857,24.414246669159212,60.58221564575223,6.453172727102205,89.058460417026,maize
59.81107062003322,60.38004161064049,28.97938836547761,21.16163392854684,61.898387520512124,6.314346156289962,91.6891357997405,maize
85.90253127207396,64.08163631013079,19.11526386252975,20.60510826638464,53.965446175883784,5.907627984023232,84.33746054252406,maize
99.53469436221346,43.85910960771063,21.118939758194493,22.950731311781745,74.50714618758467,7.210772970349449,74.38262454159359,maize
72.12672668978134,56.35328701655258,23.40945744813156,28.540121977208102,69.67142548260772,6.056283163685176,96.81309661384618,maize
91.3044429669949,54.56385744957891,22.53637015553649,26.200024068767462,74.35436472356538,6.752863596415011,97.97419775179286,maize
75.99458303619775,49.17370949146658,26.032544832541785,20.549192987038293,67.94938647098321,6.042664475069056,85.57489645869634,maize
93.34142235128758,49.528792544159224,20.232182740780743,18.920431577060242,70.97002852821777,6.458193672456431,128.2650944661092,maize
74.30666118056399,49.75320262131151,21.246918418553776,27.732359839290424,64.23763574090438,6.311608610308136,97.15793019433079,maize
80.2393094778763,44.42853108359577,20.97044996449154,26.220895249579314,56.78787760471152,6.253187869658751,70.99758370121654,maize
92.34055954709811,35.8145047617298,17.205390763642058,24.131635625193564,77.52419223387473,6.173699895570805,73.89600946613604,maize
100.57388483328708,36.415888796670046,9.005970216899591,24.32004335016,60.98356620517911,5.791506873147715,99.16712894598706,maize
80.92560856525438,43.487370954106176,13.598478006645529,25.617371984840435,70.20160942366928,6.160329654488247,121.93273992095331,maize
65.15898280408616,35.795798632602086,16.540459650593778,22.863241950933507,66.94671559458153,6.103505576857469,92.04110793028593,maize
62.981526909714674,59.55011683258608,19.589244108037157,26.351887494764384,67.74180277102164,6.382701287661514,96.39534560464408,maize
83.37250272020778,53.14178207894035,26.645762650662157,23.589563509104412,70.6720300607081,6.164105722285109,113.80234430898946,maize
69.88329237528876,62.40752346328652,19.799210246778284,18.707674693645856,66.02483531928631,5.927579337010048,101.81287097977449,maize
70.16851224837131,44.43053253428176,10.552296345272346,21.64308104225277,45.60896538696835,5.566438870605711,100.20829312288595,maize
87.42960190380998,51.40366049427972,15.165119284353935,22.85686593157406,64.97117968727545,5.736654124322983,115.067966035343,maize
88.52834748690806,46.23228660936269,20.134429194972654,23.625148423842656,48.666121052605675,6.101129046991762,71.36031504004403,maize
65.98055988126102,45.75119765691236,28.988432634247612,24.92252858380103,60.430568081737626,6.429033112542464,112.98710873172004,maize
89.09560419495322,48.47704295936139,16.76531611147213,25.09466994084077,68.147883083374,6.558077288011093,97.70343603363939,maize
90.59463258383202,43.718118307515454,26.586970328171628,23.5927988140772,81.60208698100212,5.924324872764173,119.71927606330499,maize
80.37492940155177,42.78865597108441,17.58057082972839,22.03895807541704,68.39332757121534,6.4091341952142,73.52599992122842,maize
77.7077448928682,65.13816286889491,28.637715850503557,24.308971009022095,65.3040278253456,6.248012530687305,97.27035945460833,maize
65.72648921761913,45.94098770061324,11.657079630612053,24.197669367815838,70.17756751762192,6.0067254150802505,116.47973526580066,maize
63.290812043971904,36.28500095832144,21.12225909279986,26.141294907836464,78.47142153166295,6.016446294852424,106.57361666862592,maize
77.53789836599151,46.61898160047344,24.41829968743336,24.95696863524026,52.388862744126,6.790616139890359,112.60182708294903,maize
70.49324758188564,51.16642826749927,22.470150931413695,23.782021297471722,60.59755876923664,5.931350652824779,84.48891858017109,maize
92.07274823111237,52.348801236755456,18.14692833956947,25.315096131945033,42.211659034959396,6.659506280148841,50.20572442443801,maize
73.65070870316241,39.04264084299085,13.526592621395471,26.482480362135558,61.25839038950487,6.338601552692286,84.06158842241632,maize
83.72448992667746,48.614575128482045,13.585038879057151,25.98880045834142,61.0499473347095,5.5773672405361,76.43769678068175,maize
96.00911748761173,54.80177393690794,18.256739327960705,21.952226887044713,62.42691959026094,7.030699193424336,92.63870904463107,maize
83.16049976629283,56.24226763225474,21.193945795132567,22.22287356253789,63.429201207320176,6.171359496234374,84.25555526980317,maize
86.73155452364375,48.415567086458395,23.663200386077897,22.757850259674253,65.62908152252872,5.400719726187157,103.32655349404963,maize
82.15786171077592,55.984080878877215,5.518723109031553,29.265124114342182,63.88328297475861,6.643273126695007,64.20188145748938,maize
85.35328686075084,39.57267549461075,16.881155196520975,28.74209406160036,63.474540793893226,6.28697314927189,102.40135461377508,maize
83.94818265567126,49.20335124114861,21.824805012331126,30.210246755714827,64.53904962373132,6.280439618685987,106.01308792015224,maize
91.2663111954958,57.496242444483045,23.19365111014592,19.57098526180855,78.06745225840876,5.741461842792525,91.05270930478066,maize
68.9486897997677,47.48689322725606,21.6438120515174,23.96407164635082,68.37536603388227,6.845484507623459,94.0706860302796,maize
75.07012037651222,55.71269734630686,25.947352444623203,19.31717655458902,69.77920055879886,6.4804690969243595,79.04872993280016,maize
94.50848175973942,46.79955530373979,20.627882267357712,22.48078452714839,65.12463238065175,5.761489965241919,56.198982348114114,maize
97.13406075869966,41.22430921345338,15.043038252718464,16.539829659188854,59.88830601848398,5.6707640826370005,117.84030320272738,maize
90.11780507211161,42.49479723857821,31.262179026721544,25.94529646097478,62.40134893193102,5.200237714050571,130.81885145181485,maize
61.32513039883685,34.836810024344864,25.112852160048202,30.319257219017818,76.07418254808414,6.425563648020944,96.89508683330573,maize
88.2409867053637,54.07142871829412,21.405957119846878,23.31260331185563,64.49925497680383,5.89841416445333,79.38649846266452,maize
57.684518229655374,47.213282985642,15.057044464245413,19.689232048352686,66.43915320922783,6.75680091453784,103.36633212004625,maize
59.15399275652187,40.0829749074373,24.70385593994108,20.052537819385073,63.202934800023804,6.420020839609821,65.6331109027273,maize
79.26450607375152,37.32779604065436,16.99316178024393,23.95934580242761,52.25605013174665,6.37618989518416,84.60724402146637,maize
84.62987945300577,49.79131307251729,26.82070214986922,23.375673507943723,61.564755670997975,6.248919001212914,95.86596058072776,maize
78.58632084390845,48.32473352963106,16.490041560966223,21.011297247347155,53.779157825602454,6.899830697274776,60.1227352921743,maize
69.68513762644912,42.25274187544642,24.474621884722207,22.115150965123917,74.98193658138987,5.930603750302453,90.57988324447604,maize
67.97583536088291,65.1611930221871,14.062007904852436,23.92946213068108,70.07021504745678,6.365519638980599,81.29424682244583,maize
76.44215160319888,48.35049177583288,19.264989991857558,25.89163735038473,82.68418401273081,5.977003285996867,57.603940408418445,maize
76.94061541978495,68.63767470123454,15.981627160151346,27.9173504163322,78.42160651261153,5.978564703316803,96.37966158370551,maize
97.54075947754245,44.966978072100105,18.982098199488192,21.254957258154068,56.88194615445707,5.940288981973597,60.52119466475487,maize
78.40900161911071,41.840214151530866,21.16892955895374,18.33231306138912,67.64704185771566,6.53341158464357,45.12528714857089,maize
82.48867883817087,57.82135193978634,13.951794906543974,28.017717160513108,68.35215207492836,5.917995257696637,83.88461844684588,maize
84.69992295026067,48.60804313129929,22.693779962231847,20.2379792207619,66.35488659228862,5.634514201238008,82.775478773026,maize
67.15310830242252,42.115760459281866,26.18046587605219,26.273930361782806,69.87310496725742,5.763074894130969,78.67183100610396,maize
92.5571723997502,49.13373530911924,31.596647699908473,24.179953518183115,66.53639293192025,6.076353414319,87.67081809564564,maize
76.17036196343348,53.664869413508725,24.78351158397292,20.642031618476153,54.35013637153777,5.4655178507586815,95.15982653825087,maize
64.75960072591351,30.776875256380137,21.942893022654822,30.47899855229837,64.95143270768085,6.535396309780657,86.6365871709513,maize
76.81332416170629,55.35261186390215,18.548627279056742,23.80217694221571,67.57358244956811,5.932763818542781,104.84084699073045,maize
75.90048291965509,41.95403872405724,22.682549217852017,20.304596054626888,65.22544925895302,6.196352401342319,106.71791131663156,maize
83.69637879455944,47.79978433003885,24.088831496001436,27.17062264705194,69.4624824508149,6.204141047937353,58.76327535299681,maize
65.21863604309553,45.55820236516266,16.952438989203586,22.439086091043663,65.45319939917685,6.411877101742692,83.59002443881818,maize
83.83801972591442,48.51579531848096,10.122667168230643,20.181993818543738,63.84729955422708,5.716122102863557,96.9985745999241,maize
96.36900998812436,57.750094813578535,18.93278564534896,27.472178410549855,66.1893396576169,6.065165611552785,72.7319467291812,maize
74.37036376214246,44.89458545167017,20.85208111187744,23.481721943149594,65.02436816122731,6.37477526789854,108.81292549572683,maize
89.39464962529588,36.12081625240077,7.230394325490225,25.80295973371782,54.06497041267663,6.110093839242927,61.59773947881281,maize
56.37623474903977,52.331701825638305,23.795775801513233,21.27046879781984,44.27166166284072,5.981502220699007,92.83608010805094,maize
60.25306117471045,49.46687935823324,19.923450754135022,24.737874498803265,65.95664294731323,5.810772423647378,108.93143003328983,maize
76.09764512367636,47.781563683920545,15.33366020463402,21.670153246425468,57.92157828778479,6.130821576030631,119.23416960284686,maize
61.537186284823726,35.09150881698607,27.355851637468042,22.372028968544402,59.64741809072067,6.615961874958431,72.88768920526272,maize
99.91211656256323,53.423406970714154,17.560442959271487,29.471924639796512,60.15428061597329,6.496838148803723,90.98585160812983,maize
93.62089547278558,60.49208957381482,20.160020745328833,20.73974638896145,68.67977714351294,5.928913852099158,125.26774495053246,maize
79.63842397299285,45.07742758950313,20.923401529324543,18.95862113141091,57.22708769191479,6.68016556317777,71.86211442057208,maize
29.5308901731806,74.43983303032743,91.85704154662997,21.1568599319952,21.980238429029082,6.697281964572216,58.67283999887235,chickpea
55.01333651955487,64.12784193389437,77.49166983544953,22.984582425547174,19.7811500470033,7.182355108832643,112.47503517351626,chickpea
33.564817696198574,79.13408153697485,80.57013124897084,19.80577683658977,24.64234213206266,7.203134302515849,88.07444118574449,chickpea
50.72507337309802,63.620567245485375,71.60790332660994,15.8655724179369,10.0,7.822482851976129,63.451874514174754,chickpea
37.78746376414228,64.67824040133296,83.07406697809101,21.44721163761789,21.302367441798726,6.766769024572425,77.49317429320382,chickpea
42.825799504882994,65.01570648579744,96.07345576019992,20.472924854914755,20.674388930249087,7.265152507466965,97.60210786227987,chickpea
41.81021558703707,52.43801662452984,83.99687951752642,17.045929318624513,14.356916591251217,7.234545607502037,98.57424607150453,chickpea
40.21271576736061,71.70599615118756,97.02214944635239,19.722259538465703,30.008415570901974,7.226203858252617,53.58855861266274,chickpea
47.53341621104533,72.57390061859333,92.89752754082745,21.019544053809874,16.307720080081133,6.510280705484254,76.86465114070963,chickpea
31.494795457907,61.03371860234333,85.88578404420609,24.00971351305422,18.973357649114906,6.521646775185927,86.66904002330212,chickpea
51.966314866456514,60.68260514816741,78.65982833327082,19.04406458418759,13.0755084345888,7.259312173537544,78.18577777088328,chickpea
44.195324439070276,57.3500938663748,75.62541699676589,21.167144073483314,15.135834239541165,7.690785540493362,74.00545721578096,chickpea
42.24684725751886,79.19108998247708,65.81634267066968,13.717573564057673,10.0,7.505033641370873,71.72212781161329,chickpea
65.58199285668252,61.22902881611134,81.84551303197037,23.626329857703627,27.030464440795615,7.8246014306545595,98.12549345889714,chickpea
50.240625258114626,75.1103233904142,87.78361076166638,17.346442851014398,12.909005582888465,6.998650217035619,77.44723066212607,chickpea
35.46771950672725,76.35664936948058,89.5530520857051,19.265220658875542,24.38765040527631,6.543324354346598,77.09510811080423,chickpea
32.831776793971954,45.60156059512328,79.17319314157301,18.63475747485015,24.567248716210656,7.252324673821911,64.63719763506192,chickpea
58.54092566334188,82.65240434630424,85.82097703468615,18.320547703450504,12.202803816382602,6.851117289571579,96.33122929556279,chickpea
58.84586305934609,86.51892233926627,75.11150578213726,15.641147700132967,17.70443123455602,6.292624253774859,84.84751571277172,chickpea
38.52397413701331,62.407561977581096,64.05296932733205,20.54080031970915,14.336495801690443,6.532033265715885,36.91606680077526,chickpea
39.724850949493636,89.26701916003694,96.6125921454787,17.628711230241183,13.988939698191096,7.18750970243001,65.02421841217563,chickpea
43.01791899819466,77.19296334061629,92.26933223884308,18.69953777056014,15.981631249115171,6.648806965297376,67.5967946894021,chickpea
37.73521108098473,72.40838608179413,89.13584626233249,16.590463147958964,24.46344284479761,6.8915505595829725,79.67949058477346,chickpea
32.527883208521764,38.9091168767247,88.8404539636105,21.2105316912773,15.593362214408932,7.026796286889949,87.73908826556149,chickpea
24.374541431134574,61.651367871844464,87.94264679621827,15.237131730492251,18.467789660833148,6.457367278150638,86.9964497365029,chickpea
39.643585177025166,48.618418209133885,91.64739354457171,16.796225269605852,12.948737814928094,7.080227678892377,97.22956024143073,chickpea
29.84178181021603,68.74015819817566,84.28816500330574,21.079316821789433,17.882207776386124,6.853188864366671,67.5861466902692,chickpea
40.86143883046375,55.13433185617272,50.78649516505393,20.309679412473002,21.519674205430977,6.054827025783265,64.85403942935093,chickpea
46.191542610051975,92.68994563654039,80.20793707675408,16.815991176312597,16.0855177944758,7.549950567659274,70.31053731313197,chickpea
32.00807993349746,62.20707773381561,70.46671391741287,19.368010947984388,25.123392292347802,7.129231709246412,76.21469746810568,chickpea
37.08188731084456,49.24171029564012,88.83109777147159,18.766488408961592,16.09760043204687,8.277243027137944,84.48129362548529,chickpea
32.48208949904816,62.88370884553348,91.48445709196756,19.339811231613293,10.0,7.367691573830081,69.97783871691509,chickpea
58.73297776217545,80.96057678857578,75.52678104341248,22.843049085205337,17.339277552637018,7.341109470048888,87.27099225941713,chickpea
31.536433450091266,60.27740201219046,90.29960817581161,17.995674003680378,14.981757683790017,6.617950968260259,86.35398598390192,chickpea
60.625249192431454,55.189605028948726,80.24219456672758,23.236661666246288,16.601793043771423,7.180948718499893,64.0640970777968,chickpea
44.28307097207649,65.75426881994541,89.85729995679863,22.562158154694252,29.947818210093068,7.2318532692854305,84.8869447487325,chickpea
41.94384301577336,63.76200448627174,83.38483843461691,18.11379576958291,17.84230488134807,7.527039014243184,64.90186152080538,chickpea
51.39878561129045,83.80538080807838,78.81931473008922,12.634435302974216,13.960890064527838,7.518797818624444,79.65697906551677,chickpea
30.00697767705089,61.94270094526139,88.40620026504553,20.640200704604137,15.805339504151528,6.853270235274125,74.12362776434267,chickpea
30.775898155014975,87.3845082736333,76.7767953078866,22.651475562476488,24.606580259612258,7.399324359259184,73.52569530922928,chickpea
44.037300903366095,67.709652723309,70.96298139269872,19.97307784516481,11.104801044200988,7.475071755384626,73.0307405405241,chickpea
42.01159655872839,71.3994544585537,77.41095026295923,20.760081404425826,14.625481716887379,7.348518918982897,59.81030479629877,chickpea
41.26379579546412,91.26714798869942,69.99668675394426,16.966765088425447,19.569539248294575,7.071832712775839,85.25945148910338,chickpea
44.891871301476634,75.61665762274124,91.09699841956223,20.229455970785537,15.793711726907288,7.269029480481093,108.49822902342824,chickpea
38.67366253617426,56.3056483439523,91.07080669286972,18.638856508139206,10.0,7.338968670860169,71.97007721069116,chickpea
39.094667176958396,71.98376396682818,81.90499679779066,21.128355451417118,14.822568147150783,7.205242319270433,76.10679983624124,chickpea
47.38810480887503,75.38440980815665,70.64561297955404,22.257946348525095,14.32018277442976,7.323223119312458,85.50930970102011,chickpea
58.38183676795123,65.31840821153777,76.50683203881802,18.941741182336802,15.484101085828623,7.31997676077682,55.75534087345118,chickpea
29.46317580853646,55.18636494104968,89.50307591973575,24.131840117745774,16.477753907312643,6.9324713107239955,81.05078244669772,chickpea
51.61878302608191,56.87176238971311,82.38368982734785,21.92559288934729,19.505470849699226,7.075832646639498,95.01569138850712,chickpea
12.967677070007628,76.13450383437089,73.45924316872576,13.508101309430629,19.556012997624904,7.549463418065183,77.93827228058463,chickpea
49.528745472029385,87.34733909586375,93.14914453584048,23.919893588114178,20.71063745535946,7.030173455560637,55.97051282154247,chickpea
37.53937511870051,57.8810408562057,101.70942717497815,18.47234256270299,17.61602403392243,7.220594150416187,80.65403669558681,chickpea
56.95051040430753,60.52820765918658,81.94607455237242,16.772588242905854,10.399887443896471,6.755292363637886,79.44444804427383,chickpea
35.7069777548274,59.69094824151373,65.93682536328166,18.750683282113915,10.0,7.304022385475841,81.23659629401755,chickpea
25.424485005350697,64.28949107540164,72.47843594409417,19.957523531257543,23.70225223011572,6.249931012141702,81.72539118721126,chickpea
38.398672044333594,76.05608091740558,82.1319662823769,16.744092004783543,15.404730321666909,6.681589657278605,96.14010707897897,chickpea
40.21311648671942,90.8142882290361,79.39339186185379,16.87477969926861,10.0,6.278744129497622,56.23796085491765,chickpea
42.67126651011483,74.10470027875921,64.18809297967867,21.685114942228346,14.584694741582803,7.0587172047942195,104.18330942383136,chickpea
48.96839315865532,64.77763222513,71.08807774584713,12.544553796012085,13.404233403787899,6.915547904468922,65.19230709273224,chickpea
38.68743032907695,68.92222259550522,77.75144018191921,17.04999225752962,17.84327335983364,7.176776259827764,63.64401383835731,chickpea
54.1093237974627,66.81694241258886,80.18849622944848,21.12464326976967,18.166080656317508,7.381254653565298,84.30686247802737,chickpea
33.87562625359562,72.33804230247321,68.56273792679337,19.32567911732957,16.833850046777695,6.916753257090984,78.07193732841604,chickpea
21.18150954502361,61.41530110710846,80.92844901141115,19.4795691759922,11.86162429537021,7.50628313634588,67.00737727678249,chickpea
49.69457200526737,73.12633234246022,73.53772690156197,24.325932677828536,11.0318158412176,7.367661669444001,95.00873477064468,chickpea
33.293797909233554,84.70958360077195,77.49953485401048,19.866080887839573,18.301609193856102,6.946276503411781,92.16212409739673,chickpea
47.93488720552213,47.01761632114183,93.04340242878152,14.012524035892977,22.162731021708286,7.4506820547310335,63.63550354677203,chickpea
35.891857120454155,54.73154397816877,77.85078969711265,18.075897147442777,20.898302661346698,7.524123498447843,100.93525716184934,chickpea
34.37831973421698,65.48933751506567,63.1656180777905,16.582389800511432,21.824258165487286,7.646233129419293,61.48476692180117,chickpea
34.075357408471056,67.68313091649287,82.80161158819607,16.571189440235063,19.120305222320447,6.810464261171633,79.78321593682581,chickpea
45.462842480037,68.07706723773126,75.63614109473431,18.67117058822251,16.558185203973323,6.851995588047149,76.11805905999347,chickpea
55.986471705047165,74.73103337529487,77.0451968197084,21.090863213532206,15.33090255121995,7.469249855034657,85.54463288297141,chickpea
38.92697855995771,73.37260310972333,64.29123847931501,15.619697593270583,11.030374968004722,7.057177237905483,105.98772499227638,chickpea
62.31300146192632,75.65661321728909,85.00844474944456,13.596826797541784,14.28663100132989,6.684886499236704,70.68728602623327,chickpea
38.318561814152105,62.334913067634474,60.20700189624212,21.243730768352602,11.636284871300967,7.09569874564446,111.1112400462496,chickpea
30.806154084135766,37.63654972704404,77.13995778119889,22.302878904995712,26.791737271102967,6.508180162219033,87.45048834854782,chickpea
35.34689543219947,66.72861974835037,106.44343347017035,14.491089014814541,18.268698307472867,7.187077268706173,96.2867948740902,chickpea
40.97983153470896,71.69660647404923,76.08351432578209,19.807380823735322,15.284038622512949,7.248628755942421,74.45584495934548,chickpea
43.77100393902187,67.64884623578025,91.26050250772168,18.845818829234542,10.0,7.504768600285597,66.41401548706071,chickpea
33.4623366135118,60.852064471478094,93.74438093170818,12.592977358063914,32.688742668299966,7.422422723626421,83.3485837119374,chickpea
39.451059993837134,71.42664889829189,85.21122428379338,20.935646757850172,19.778022330017244,7.035832272502099,77.03992369539012,chickpea
38.487267163464885,65.66110063576782,91.33770096867065,20.780670166842587,10.0,7.262360310611904,82.92104292078162,chickpea
39.81291243554102,63.33777856293337,91.24112719986013,21.842579386368573,13.135611660881954,7.162820914849814,65.42514898188071,chickpea
26.203818352110694,60.47939330492042,88.62393472382759,21.85937513612826,19.565427100486467,7.290038314739199,87.74267430672438,chickpea
33.585184047770476,73.18307053608729,88.00409525227683,21.262873989440724,22.944566857373214,7.2833215388804255,85.27172311312374,chickpea
50.701502383164275,67.68174488901128,71.18125348772283,18.510799108168708,13.275486775967755,6.729928690010247,77.83221993926723,chickpea
32.075800790000386,64.30446164433151,61.063853330462145,19.639881122118815,17.006027376811122,6.673164547572724,89.88868502648607,chickpea
49.37570137626558,48.70928162757231,72.37275221433785,16.692572950638105,12.300484494455677,7.331789936772699,77.09260791840795,chickpea
37.35485158689389,43.95365162711896,86.35418030209226,15.282224815439582,17.299663151331643,7.110950775183277,100.40987893757976,chickpea
26.911796008808878,31.765854130150096,81.83849544753694,24.401533544532562,23.19473176469719,7.08386376610985,72.62545721551929,chickpea
48.071225966373106,56.317445603546375,84.7635776935622,20.516410477499882,22.3010495374944,8.103864015564431,85.88623950768151,chickpea
34.910363742925014,67.69310825369607,62.30924095110882,16.915860606732824,14.953587809434481,6.790364640826163,82.28532308050583,chickpea
31.775800676177994,81.45236800789365,80.00207064918197,18.972099036584158,15.36052641743541,7.062076273543592,92.37647397001452,chickpea
31.328697842890996,60.10260213109692,76.96273971223336,14.962387229580354,12.903710701392512,6.809511650582136,93.11583771069091,chickpea
42.62561329001925,70.32307893641054,88.50897962167971,18.58788463480181,18.952324249644448,6.9587112988270015,83.98043524099442,chickpea
34.17241342388418,38.73419410068285,78.65720837813696,23.26824440829982,21.631077011207964,7.386158993836468,98.54196082709326,chickpea
40.88657590961437,70.36778848886715,73.8234810456565,18.05178143191885,20.07885574885571,7.4815537748675265,77.908305864785,chickpea
35.498107351485885,68.00633550627917,86.01206748929116,14.668435551599375,10.0,6.779785260203367,61.689313611287616,chickpea
34.91859802352689,66.22663617419035,75.46751590976987,23.357402603412236,18.6337238230116,7.120189743844332,89.33310716065102,chickpea
28.611668822192307,80.46934144904323,79.2423571346454,21.01144185172364,11.640713834799222,6.378496493593574,92.26834487037543,chickpea
21.882047630487584,58.9794844564249,15.651684593626527,23.376304353244308,16.05294053566336,6.457069181302385,86.98758530704262,kidneybeans
23.191959628041914,64.71381524251015,23.015937155411716,18.36765799365742,21.18603546963853,5.8163676701582885,84.95625088437055,kidneybeans
23.704121727100627,62.867864335284146,18.857000423299908,17.016951876174463,10.0,5.723588894959932,153.2523084322583,kidneybeans
23.92302143949012,67.80739620265605,18.68554585395866,20.06739767843614,24.73559557587605,5.327674873876462,127.28643389337745,kidneybeans
23.57690657720622,75.18185725707934,22.192378694048635,20.05884997308197,25.3643061798341,6.036725653496551,97.91918578117952,kidneybeans
17.131991135515495,69.01856295261987,27.74510075747594,16.2826787730383,14.6623736712378,5.865904336494607,106.01775403712035,kidneybeans
20.86670832185204,70.439531979085,18.883988726825976,24.469590315806247,13.995480107617421,5.4686011900879015,102.93490479701906,kidneybeans
11.784055944229163,66.24145595567929,28.30735082864009,20.062659464887886,23.153504528593416,5.295934093930968,92.67277183921045,kidneybeans
18.124018098380315,64.82284903243766,26.408218975018844,21.673073182175372,16.44271021531484,5.898601911372801,114.9644349699357,kidneybeans
25.700745192606334,83.80540686568374,14.924529040860657,17.567427466368986,15.71211070542692,5.706392056357207,114.32716748892669,kidneybeans
24.93667258294551,67.24048976357477,18.40076238372578,20.45527397674622,17.824285491849885,6.63581548867791,72.84677945763883,kidneybeans
20.923702894478623,88.2360621922964,20.033999222799988,19.429882894995515,20.212772885947864,5.727843327295036,132.4569694935306,kidneybeans
8.940690443352466,83.33433701296326,12.880214237749275,19.200043012296756,19.853777898506692,6.035421307908288,73.03751296232505,kidneybeans
22.310863330409713,88.24309623286852,13.184129977035948,20.569118502831188,18.690089111016956,5.970354882477214,105.38295554831504,kidneybeans
16.79256545477845,72.87872284871074,29.021740548933714,19.427288624818104,25.59878971074091,5.2826908168515345,85.87127246363983,kidneybeans
22.362031389401885,82.84116028535965,21.7780667439283,19.060825908430537,21.99645702711677,5.2998369064121125,117.09030652710733,kidneybeans
24.411665311617046,63.4790966716692,17.649789261202493,20.797634688956144,19.816401319797023,5.773546954149671,146.99443578333032,kidneybeans
18.76487149627002,64.41659847978778,16.762290971824203,22.23257591449981,21.093879133909486,5.5402507846714295,131.42608064546025,kidneybeans
27.098015022568184,61.99576434261295,10.66730024319692,23.022541069510766,18.57685087119998,6.116250239665107,65.59792364576329,kidneybeans
24.462986691496546,55.88828070719219,23.653820595332622,20.042819203509303,17.230302903016778,5.637185474829288,118.72636913913402,kidneybeans
20.52947226557617,73.84412980472484,29.882202922577427,15.307275164866846,30.08606287484312,5.841742375009285,87.02431903353744,kidneybeans
13.348431871305051,66.10879609222967,24.6082505596223,19.6173526388674,29.55577465123674,5.2195297239793765,104.7582210430789,kidneybeans
13.738032777934404,71.63631882624968,24.4344369504865,18.73771461895684,10.0,5.879579258718597,113.73477103467019,kidneybeans
22.021473774808488,80.35782191822155,14.644731601754756,22.040648316351348,27.962537562389876,5.088564966397393,111.39303651837955,kidneybeans
17.479100844961643,67.18477326898355,21.738382417691682,18.53831430765934,18.62145960419194,5.81366096699521,83.25508122274394,kidneybeans
14.570874355574073,74.79373282956503,14.25602982420672,21.998937502727635,24.312956464269757,5.109677308483761,91.4487069532869,kidneybeans
25.97054701523686,58.18834468860318,17.677978688453063,21.386182679755688,25.91695254641298,5.699384445582202,93.04979610616716,kidneybeans
27.111849308492538,85.3889966379758,24.894290253908977,20.255954427695073,17.95867139179537,5.467822237377374,115.45028210531515,kidneybeans
22.09199110444342,82.01598592946429,23.252250462680696,15.490759094720545,27.259738088614593,5.400775749074235,97.32057456095296,kidneybeans
21.251001031258472,87.95667489783965,35.549592780026806,21.820169177408548,21.084016906398062,6.01380225939222,122.75310851747672,kidneybeans
18.396661872214043,85.95211355912322,21.15035379595701,21.49322926727418,25.329621260272308,5.968634644245782,121.77881000939225,kidneybeans
16.913734067265384,62.41698246053969,14.499228835141526,21.31850369186068,25.89468251756057,5.983109146460754,138.48984866695076,kidneybeans
19.97201990585477,74.68741655592513,14.54149561930343,18.838700892576796,25.47768878782889,6.139640844297258,99.12066104671635,kidneybeans
19.642003740709665,52.821262533191906,18.214853995966955,22.67114949055936,24.87602508053283,6.000266288552484,105.9954737436192,kidneybeans
20.03531579314088,61.39678860526553,23.494142101012674,21.262918833168168,24.460094239963997,5.589586062932968,61.93314160257511,kidneybeans
25.48576355876848,63.211625439915956,15.686121179784397,22.08043673574198,20.03993680040435,6.223974553618649,117.34011899153396,kidneybeans
23.417846616002386,54.340442887994655,26.059719926932004,20.783751593701567,20.153614303768983,5.8573553869369,69.4752953420336,kidneybeans
22.043264057403356,57.706284918179286,13.236648570782329,15.432922441346326,27.563441874949625,5.548294642522884,135.67455419833,kidneybeans
17.32099268473851,50.92642042407053,14.417377800256705,23.707434860020815,21.220509110316662,5.580685081403759,108.20036451705576,kidneybeans
22.508913680837725,79.1739881590246,27.242496149464632,18.92069406263274,15.369761569589809,5.634613935550689,110.20561013165772,kidneybeans
15.181205368946944,58.428490851049574,21.718939407749428,19.854042945288647,22.163984977057932,5.496601866119972,100.39198571588466,kidneybeans
15.378834278658477,76.90198411124787,25.176246673618763,14.461436413285718,17.35244569903795,5.201388297963968,91.99952131186204,kidneybeans
19.582810151048196,53.5035478030147,15.390700934373434,16.988127883755503,23.03633664699472,5.8277377348145,90.56524893325494,kidneybeans
20.88410436069699,62.533199154127345,18.641724448369732,25.02035627089561,28.70230525895174,5.2801675052289605,121.5946483575835,kidneybeans
24.05698277245796,56.51736711247382,24.093888218774303,24.61379575523766,16.38727596877793,5.432998871594294,125.35322933687004,kidneybeans
21.35747655412824,73.51476275239523,21.702946082002484,21.172087762784432,15.367639358444585,6.218927082648579,128.39179984855548,kidneybeans
18.85304627965986,67.56523050186138,12.344462487221389,21.542764268053503,24.86028720857072,5.775123593200275,127.48706719741006,kidneybeans
18.329613845100297,73.646059258936,14.901678306539422,19.929343547377286,21.12822871048582,5.890123168816377,97.60946142333283,kidneybeans
19.34263702164166,76.26047171441506,17.81617881380891,15.180268697783962,30.747919521027104,6.352581631476195,79.15474609788762,kidneybeans
23.448539026225973,62.97025229448657,21.317436076655298,20.882672387040483,20.82796099841839,5.486493733765442,91.18917895367481,kidneybeans
15.419040422593788,59.681777917695555,19.664108549753223,17.852720032667744,25.410260328563098,6.394898462134371,93.39893517259914,kidneybeans
21.197022502676884,72.99685110302934,22.360011354596374,20.227865803748262,25.713412091798613,5.992899581072263,80.24675155345405,kidneybeans
24.345780321946364,76.87290837266742,16.183569479107092,20.113813506342805,25.416644964055347,5.716274472168255,126.45956095532023,kidneybeans
31.819362473096803,60.140139673650175,13.094776984231125,20.911455786814628,25.607812525630717,5.707653450462092,134.0652132664207,kidneybeans
13.306971001383756,74.9291862303161,16.970695896205534,25.15813371862189,31.96257676584059,5.493337364886661,94.0088572818284,kidneybeans
24.29793943489901,64.12869350210485,19.77294391033881,20.07616526162723,12.401634219011719,5.794464901562305,91.20544451871652,kidneybeans
17.53438588800114,82.43632003468814,13.717465528603718,22.439615560243933,20.605185348340957,5.688095932601666,120.80743792103422,kidneybeans
21.70025647284445,73.70612997219531,24.840923302664304,19.00607485045003,18.938816327461247,5.36593978937688,88.4917894004209,kidneybeans
34.745472126543625,80.44679580736786,13.244628168959894,16.03262612976929,24.40933030859246,6.018905918951186,115.9776767063473,kidneybeans
18.72522103223151,66.745457399971,21.639397620796785,20.25767901887999,10.903498136262325,5.708080147769922,87.97187131479373,kidneybeans
20.87605709454256,97.85259002603411,21.83740832737152,19.059410941482806,26.60900750988626,5.993075154883685,113.40188980903683,kidneybeans
23.034252966078355,88.56543564829542,14.345557823370422,21.420896230434362,17.368094350092306,6.022205058536899,86.62626977027811,kidneybeans
17.91316593197458,65.04910085762094,24.879083596723547,22.75536333182724,15.771413117768077,5.8219736443999395,90.80840290501655,kidneybeans
13.707475446623327,65.8298294957563,18.457586057720903,27.280149459036565,24.16479912680348,5.248952999698305,93.70451991658115,kidneybeans
25.106916477146992,88.88442772869925,12.070083438810208,14.360226844582865,31.35482587685891,5.955845670948362,87.63414536247268,kidneybeans
22.673145430612177,41.64252260983122,20.016877532985806,20.983463518529256,26.62135069768915,5.3944416190829845,106.71374322806719,kidneybeans
15.372876869702063,70.55383755674318,15.52326838818488,18.775697482519337,17.020923026048855,6.060454496729463,122.16902233313331,kidneybeans
18.826897150212933,68.38237994960028,12.75704292683228,19.100970055979637,21.748976914791275,6.84831723641199,82.76065948451674,kidneybeans
27.32088619376219,77.96858773465809,21.403182022450682,25.2758614525854,23.860527363034315,5.955663678267172,103.9375869396491,kidneybeans
26.117844412093138,78.96469233810883,16.871613562518938,16.042258416203698,20.985096813021716,5.479984574240941,103.7295085076929,kidneybeans
26.187190673420695,63.4269834491321,19.785883093442127,20.174068204425186,26.242154411026423,4.901244266406158,92.86599410469407,kidneybeans
21.056418461397364,80.00078956426862,17.540487762468974,14.370341881874378,25.098557229830682,5.545855044469748,81.20666681819277,kidneybeans
16.87827305143388,66.15474642344151,16.976276677308938,13.383301828702793,26.485330984435663,6.309950016511489,118.03043982679011,kidneybeans
14.311571647875917,65.98508466052482,19.96739342385271,21.79638316868573,25.341702443590403,5.506330480488602,106.63991112827121,kidneybeans
22.286402023076207,82.55822322146767,23.522532699123616,22.367170062126558,22.419133139646803,6.3641836580814015,113.19525591918995,kidneybeans
15.694560449132148,82.0336997012519,23.489516362695138,18.670867936614552,19.602535163003783,5.918630218056305,114.2636959053517,kidneybeans
20.986461328156032,71.11308673442885,28.499786872881902,23.214629456704657,22.95317795632512,6.176524232306993,84.34952192944921,kidneybeans
21.989635249734043,86.0930634973311,18.90977052303813,17.457098214142746,18.7395555570347,5.364146785063045,89.30476183744594,kidneybeans
18.147459507049856,53.94432980821358,20.078091669748016,22.70683152135994,17.4612190992654,6.407713569456707,115.21584177055189,kidneybeans
25.152902928120287,61.42165446147863,24.272626135333077,16.72419829881406,26.451237504182544,5.868735735917412,116.06502439969567,kidneybeans
14.12202697187574,59.049301577233955,22.986141091266923,17.154955987327398,24.316031460495616,5.2531448774159015,121.96348425333336,kidneybeans
13.837383426157455,73.52299937679523,23.128154668230003,17.909684544711276,24.910132835423635,5.904176905333422,94.22316287614524,kidneybeans
14.95722657961896,48.373743083274206,21.748250236498468,15.305591685913836,22.47672099720654,5.6946207135671,118.58285550876391,kidneybeans
18.48977250255068,64.70552213652908,23.659353521441478,21.005174087252353,23.58077978591389,5.98770703592341,74.28855753585788,kidneybeans
23.78394339993491,74.12468794013603,14.916584357117515,19.267758578977396,21.803463561861843,5.746201286239307,111.67719933137069,kidneybeans
27.156833909155917,78.81766727672829,13.438904032842968,21.866209970918145,28.64466659767705,5.954723408275681,126.81960850371934,kidneybeans
30.061352228503825,78.23709546106981,21.246542978208645,23.13526542225426,22.724439165484455,5.809561217313982,97.97171528572535,kidneybeans
27.81706679416054,59.81571334057999,27.66183862339058,21.499592371221112,15.003469125990293,5.947059717196568,62.99946984696752,kidneybeans
23.12754008415518,76.8523148298899,17.03822022173973,20.370643087866746,31.770787168751433,5.5977013182952255,83.82184825886799,kidneybeans
27.408317012312992,87.62587190530795,20.018478359239236,23.03438910622507,28.707379577654407,5.503006306984647,95.29388329264263,kidneybeans
26.154372565773674,84.85014278708509,22.814404300871775,17.360556939493836,31.935305558497205,5.587611640875214,98.29724437657096,kidneybeans
21.711689172448107,83.54160420714774,24.269879882761117,21.24459650108573,24.31644265059053,5.817405867457386,116.16279029037013,kidneybeans
7.352199611528485,65.03392540930201,21.206609674583905,16.546957749141477,23.9316165890578,5.718211511605551,140.1095139663098,kidneybeans
27.865098626074282,63.34194430881837,19.245811442166524,19.778157303174822,19.741702619201888,5.878009993611251,89.8343586222482,kidneybeans
14.346923325312368,74.22711223900268,23.147647921109055,17.587052721020022,26.476777153812996,5.547368908333867,110.06330476075962,kidneybeans
24.10172006306228,67.66387435296286,22.27370456070567,18.450711068337284,21.017667082859514,5.717656227647864,90.06843306919522,kidneybeans
19.11612918442109,52.51381701136253,17.544231264289476,19.14537351989099,20.7191012375231,5.703401021651688,103.76471600279743,kidneybeans
22.39720759043032,76.74517074132523,16.751173865758666,16.390397433832568,16.789777938784486,5.605118831522029,97.96157364366982,kidneybeans
16.150019669012714,55.038833357501055,17.71939586262906,20.544279860341913,24.975147329177823,5.577030778756671,96.74004355713132,kidneybeans
15.366508455763446,67.68560829625224,15.757856829045927,21.7193834397236,13.070667540329444,5.656148131019015,111.02214678383484,kidneybeans
20.91917258161252,94.93033663980496,21.749000122839536,24.98783620947397,49.23628602328741,5.111876833266774,147.58200752109718,pigeonpeas
15.834719714996208,77.15390275560162,17.252298627022327,27.64970225261426,44.91553726876477,6.869425675926665,140.36271701646265,pigeonpeas
29.162785217396006,76.14151762118266,22.41033363667693,29.10619944195256,53.150378385730015,5.036163710327195,141.6334981754773,pigeonpeas
24.225789855921608,67.51102816525895,12.974050765982124,27.84278664826759,63.63284413004393,6.62344585776736,148.13987971901904,pigeonpeas
24.757246385290433,64.33492979631949,11.480642065866405,25.226602035611336,62.50311014806558,5.8630034590853475,142.69848061874947,pigeonpeas
18.500809018625596,87.04136589573007,28.129794576810315,34.6563407003444,48.72763831679959,6.147812244373547,104.50072351737626,pigeonpeas
27.384672130591373,56.32220448732065,21.083877818813146,24.70809241710147,45.28906538609043,5.58136878447515,131.76374217972545,pigeonpeas
17.304386484255108,62.517312050749226,24.166669558901535,24.685411620812438,51.764331416110934,6.608979576152779,134.6041090645981,pigeonpeas
16.41040554626199,65.69475374819748,25.898626041803553,28.582322892860073,45.750285643139215,6.2419383255940195,116.9312355049073,pigeonpeas
23.40679755221474,72.08607307701767,18.46095764430558,25.484242604658306,42.906552621732345,6.267408668172955,186.86941507467185,pigeonpeas
16.813461264856027,72.58386703551484,9.564864906989657,26.246146808028403,49.75152853703278,5.545158291509083,121.90480875631212,pigeonpeas
16.661102217655568,70.92192728326373,19.063354907968126,21.285306300025084,33.03439877891947,5.696567411071412,163.73059758160656,pigeonpeas
6.262475786373827,63.002698238483696,17.368760717412894,32.16501333462534,46.91982550629709,6.191494492370464,154.2377142026239,pigeonpeas
9.347167600963997,75.68207216631737,21.07698252728144,29.52480591902377,81.40990165149061,4.957943530250706,201.74089949283325,pigeonpeas
18.56276240299822,70.87328904403009,19.77243877349379,26.72729099980587,45.44133657408993,6.164754367786505,104.48478909984962,pigeonpeas
23.75289583760883,63.83805595114746,14.349653304798212,26.64996142601256,60.05719373490058,5.732332456491888,160.7536085462886,pigeonpeas
16.34521862142263,75.57921849923619,23.42753869395102,33.54582649988923,48.59548843600628,6.334327402378953,152.94202618616833,pigeonpeas
26.47935890931507,60.8116761239127,23.725026564386404,27.415908111649955,49.48649458313202,6.045876242224186,157.56721189280032,pigeonpeas
19.41885478439021,70.14713183170527,27.890590287810923,30.956349056845657,56.953236739975175,5.772230236988064,123.32277515315027,pigeonpeas
24.776502791188765,76.76046792529795,27.36335337875491,26.18805812209231,48.163610757117226,5.180257918737283,138.2258668181738,pigeonpeas
24.982852552897235,63.33504620771802,23.20239897600412,27.428490682006565,52.59245622577249,5.426154305092166,152.55628348901703,pigeonpeas
5.044320145496384,66.13103841838016,11.8476337814243,31.61798354964045,56.21925882211609,6.23333549098304,195.6301868147814,pigeonpeas
15.255417395875813,85.47363197915558,24.660957821301924,27.290334138343162,59.084961177463555,5.446853243794183,125.26457515416979,pigeonpeas
16.9570513838015,62.71022291935985,14.717211786198735,31.669249201285975,47.929164797041345,6.176252484178439,132.88945900758958,pigeonpeas
10.896983497257414,70.70057358391422,10.438725122901115,27.794097861743595,39.053479689337514,6.993637999615404,177.34088166524165,pigeonpeas
20.528768956357403,80.63706677654669,15.768420112671322,29.63043813601028,51.59848346974971,6.132010040666835,188.17060500320304,pigeonpeas
23.66246051389901,70.88723662825024,11.725562818858519,25.11986111416161,49.018328531234204,6.0466861871383255,116.09388825978229,pigeonpeas
32.058383377892106,83.16394055253573,23.010591601962417,28.216110583851233,48.302328240790786,5.524040769988882,152.32441555556588,pigeonpeas
21.288762700713754,55.58239424518376,21.670882086224488,27.534222853525755,34.737539536980876,5.569807494610249,137.59183399735068,pigeonpeas
29.43843828670095,73.56553124533758,13.322592154500544,29.45810886825291,37.62156808849308,6.5413455269435365,135.86626044546364,pigeonpeas
19.531819056304144,81.2579664754219,13.56418215707875,23.808645444661025,45.33120538923196,6.5191894255096585,104.41961773569473,pigeonpeas
5.839222009447155,63.488411415910015,22.7587039995546,31.600785249216486,46.294709103316805,5.794286696441999,184.61702202767242,pigeonpeas
10.651291501522897,64.1147922481699,20.95211944962529,29.347656163855103,45.92154645447294,6.0172205058529205,75.35017939761032,pigeonpeas
16.70875793833076,72.53508712554468,15.088529828726603,28.17695266476879,53.57498000642158,5.828725399571118,155.11391312989713,pigeonpeas
15.186337173576938,65.93388720303953,23.051080847946114,28.470918882905302,45.307749843488516,6.1121082021453965,171.43829371909854,pigeonpeas
9.75029360711261,79.59074064955898,18.31872630659464,29.27646979972069,59.57797538916182,5.314163151384767,128.7167699271736,pigeonpeas
18.557256520621475,60.16246478875571,28.67468287918404,25.429683718519623,45.555625764105066,6.1021945158014885,113.93551421771733,pigeonpeas
18.02159644121868,71.17453261250175,18.335697978087445,27.719839423300154,45.765343100413034,5.242764845409616,159.64779634017717,pigeonpeas
28.774665358236206,68.18401630783438,21.126320586237746,30.078168265350577,39.84535602762641,6.8512573290648024,156.06986389268405,pigeonpeas
28.159284495445544,60.66967004476011,29.090309612789124,30.32546648210435,54.42432068681887,6.117012227176574,142.54414145776653,pigeonpeas
26.00265829236936,69.40359869848047,10.164651482064238,24.648440614878993,48.51323398245802,6.154999491582777,148.30234533300313,pigeonpeas
26.094853948968314,48.48898135961375,20.717939682525802,22.546062323838534,56.077698363873345,5.952770642778999,162.58829916072355,pigeonpeas
15.680585197051169,80.7946493165775,25.208623320294258,29.750632909035662,48.963862025092475,6.289928642647566,128.79322296037952,pigeonpeas
24.27777829510356,84.4948089432392,25.35305279989593,25.81119259057777,52.891338538184826,5.353429228120676,167.17170933527026,pigeonpeas
22.253017064312694,49.30183660467836,14.191080780438181,27.1505833097687,47.59312202287339,5.395261532290597,161.6693618805655,pigeonpeas
21.25736804470256,66.0573086802148,16.221042499208185,31.146121379249692,63.243256904706364,5.758219258076731,131.63499248535538,pigeonpeas
22.456038327059982,64.41970620253014,19.30301399668383,30.218959455174016,34.72515129994166,6.659151162426335,152.18041572988025,pigeonpeas
17.9425342771891,67.1076584577855,19.812146775102594,22.806396089665224,61.95950581962589,6.020662816135309,163.29006391342125,pigeonpeas
24.757748852870215,57.788375424396996,22.367359495176142,27.19707672730362,56.77416620173195,4.936386289824252,147.02717099276194,pigeonpeas
16.98589672108019,72.32262950634156,22.350220936841012,25.87712231553392,44.30260908659165,5.944667315721335,123.10073318054376,pigeonpeas
24.209918477260636,64.30792799552555,5.4650589033917925,26.875533830134582,41.69164943324822,5.184362092269527,112.87720085332282,pigeonpeas
20.547042359164852,81.28640828248231,21.565922369324902,26.18048983535278,53.647233561365624,5.770454844890504,129.16198892510567,pigeonpeas
14.228186658835078,50.48171193248281,18.050381467202772,28.474160469760395,49.22701063988088,5.7920165360263205,121.62761817909657,pigeonpeas
23.041230958424844,54.82868080053415,23.880139569217377,24.993348943219825,43.98051810117572,5.266607404692161,134.9579355934309,pigeonpeas
24.876562292389895,73.15628088443957,24.892110560140175,29.56642763780181,41.17064137175704,5.834605387836222,126.59402612647612,pigeonpeas
26.6528745201952,56.03211353573688,24.468488446945553,30.678861610326308,64.6369616137287,5.795156703685251,171.36966478740487,pigeonpeas
31.408259182694213,61.82358323066303,12.324798762338201,22.35996989827671,55.70169623089065,5.058424895970708,138.83042841186233,pigeonpeas
22.186565935194803,69.85175536829914,22.12722432092086,28.66686956740256,60.230926506507146,5.523841809630602,129.69014584624406,pigeonpeas
16.13670277364588,76.3019181186261,24.501992941975317,29.353675957955524,59.46794933511942,5.410979566311809,200.01672334653412,pigeonpeas
27.61619310856129,75.35621997245747,28.9089945438553,23.030130376966678,45.80441490989878,5.6323482696590235,171.6443797127203,pigeonpeas
14.749296301989272,75.57495149337485,26.852680719983567,30.085608700252,52.27000818929201,5.506063329549625,124.59447101623905,pigeonpeas
26.248094526483335,75.79349003905332,19.80490240311228,26.746271362702327,33.79353701510898,5.464573790657781,207.3425726141917,pigeonpeas
13.597722144987667,69.8947982122108,25.03721986597599,24.23523199599312,51.47768379824867,6.4689577687553275,150.37497965721752,pigeonpeas
34.34201527833384,51.31400741121804,25.293642649419397,27.481594787810607,56.1753612386934,6.220653575849623,128.0053140867001,pigeonpeas
21.1449819622967,49.42098548601713,23.016237502856967,28.894475397971576,55.10928134914482,6.529059162543575,161.02859520629133,pigeonpeas
20.740447098991382,59.18931663338708,16.438896181754746,31.560203860531992,61.49068324564783,5.880944781843973,151.38008241759823,pigeonpeas
15.476928125031169,79.72756845267445,23.32708411845889,33.82365230939125,42.97341538256209,5.810996050490892,156.94337767576718,pigeonpeas
23.232447688628852,65.84332362452368,15.635194547731498,30.644222586770713,55.76908290036465,5.541862949718137,190.66328403316487,pigeonpeas
25.85099354598302,69.34296497247793,20.39798931188018,29.662173313347722,43.106375437949936,6.015015739582041,85.42849366172459,pigeonpeas
24.38227822751468,52.385067775581405,27.517099142144996,27.00963971810065,48.30666414455059,5.686133046957747,141.3588337823377,pigeonpeas
27.092656725740184,43.1219134346492,26.384826930440937,29.014070443305123,40.34382681714227,5.462343803475381,200.29179081624608,pigeonpeas
15.272465600286344,56.46649489404041,25.686572711823647,29.015658628857743,42.49659538770881,6.108312487702309,119.22741949079168,pigeonpeas
25.504106992113027,78.61370964873133,22.660030994109714,29.08498318374105,64.08950499893899,5.999843163694113,114.54377623737597,pigeonpeas
22.247369564161534,88.86047049537115,14.92620253407074,26.915611699918042,53.33156830481162,5.97304757549713,120.53089258868056,pigeonpeas
25.609289281152353,91.2004072201726,20.980657295119535,25.287795130792,37.608315799572196,6.12898799061059,183.11632029948774,pigeonpeas
22.375838732476907,67.97596159081147,17.053641741053468,24.723509101845732,56.67801061059906,6.456885810692793,103.62810639927801,pigeonpeas
27.94919489090342,73.74071220894001,26.997973225728966,23.973616754544654,39.07340675667649,5.925515345116351,165.08353280685583,pigeonpeas
28.98180411463482,75.06078913815132,18.786593615939832,24.920892377002325,59.8400045817532,5.5176472871246425,198.85405664316966,pigeonpeas
18.578076751967455,83.9058207261785,23.39465645029639,27.589013531672624,45.844829025390986,5.82954606132696,162.8495007712571,pigeonpeas
20.385782481088583,62.06188591931295,19.17184294841184,28.23573108915745,32.97012724468151,6.229084057394349,120.6083632584958,pigeonpeas
14.233337983971275,51.1265565288929,11.03053751066055,23.933657490663133,44.32783233895608,6.976629568763284,134.22360972314388,pigeonpeas
20.888750531340158,72.00481386506328,20.655325931079243,27.76766961782202,40.43764989120604,6.725463774139606,204.21589930913655,pigeonpeas
11.586706529386571,57.7597140911362,18.60094828811497,25.106386615269425,54.04772442764692,5.635863898796694,214.9516820341981,pigeonpeas
25.95274297171798,70.12574030632214,25.13493131659866,31.317701273071926,45.48842009553405,5.591891377729017,152.34429188908942,pigeonpeas
24.308180622489722,69.39060398653417,12.115017589045014,25.591526668147473,49.40821709124498,5.9621671978370845,209.17626530369424,pigeonpeas
13.07006028800501,73.05589241835875,27.44556554164145,34.814349236268384,46.76482061452831,6.2457147263601,167.09281071595942,pigeonpeas
20.977408657766453,67.01154798760695,22.17987694750023,20.403261744340945,55.45655592050105,6.063088951830983,143.32575309665205,pigeonpeas
30.23431097859779,61.250659812094476,17.984620054674846,33.9746599066142,43.343509561201145,5.724942358531731,145.5892372970745,pigeonpeas
24.203672410647748,70.07802507353314,13.536873264238686,26.40349431061843,45.141164534302305,5.961389477388477,162.77530975889488,pigeonpeas
22.09102877943986,50.23988245951598,25.319704937804282,28.757706537989872,61.076256380751246,6.2220991636453356,183.03968873207288,pigeonpeas
22.332726557250634,81.46225756202747,22.611253180088895,27.706254260671287,68.17947776357505,6.444518561139946,167.21233263013238,pigeonpeas
13.61847791730832,55.11692382536462,21.463577410709267,28.436563593304722,45.087019479933474,6.07049134980603,197.65880784130786,pigeonpeas
23.477012372751492,56.589914902472614,19.442455864285282,25.585100557442317,46.89840066873151,5.793192167185179,135.67063252187984,pigeonpeas
13.724323140133025,66.7234531848181,17.19696181576345,19.211653929993197,66.4237761960133,6.5443848271083365,138.71097825225013,pigeonpeas
20.094095248702992,56.28345652682438,28.47861438905433,33.69186608431934,51.2535498259722,6.511765322092672,155.2586033680177,pigeonpeas
13.316372805620347,63.881766310363425,20.659639833859785,26.63635684376967,48.250773780519715,5.954300221245442,147.57364506403616,pigeonpeas
20.261292452487417,57.39394933603399,16.41491925436032,24.146247202900092,57.8225243974896,4.9471765290798375,184.60771029950777,pigeonpeas
26.931746986314216,64.97819413017379,6.984314560863506,26.91606831409813,49.48652670968944,5.494700890035543,134.5434481857527,pigeonpeas
27.650975994316756,74.64927162301741,15.3771794281095,23.207202491213703,47.38386145912183,5.893271610324781,164.8859756208995,pigeonpeas
17.323416437161704,73.11499575361862,29.675770200301145,30.446503067332788,49.61529194135382,5.908424764473352,139.29980597460386,pigeonpeas
25.903204562260722,41.72686554048697,20.22611354499991,28.153593705643257,43.985726457507745,6.113767226057949,54.84461755426502,mothbeans
19.694980140723082,53.0024046943657,17.331998467804166,31.662463896439142,40.98580975030524,7.656020142008946,23.785452352576076,mothbeans
22.173850322784457,52.754306825266234,16.02221466029559,29.273181813583037,58.23614935808127,5.691590580322968,57.54117211236222,mothbeans
7.5336458983496115,38.34335196476792,28.145831824504725,26.254653899823836,38.60896028472822,6.701031135507659,81.01859507245328,mothbeans
10.84158876396987,37.48690088360655,27.487158415898133,33.5731070306132,47.17255020567773,6.180473648736679,81.43765252713739,mothbeans
27.972211958745984,54.78946987762233,15.937988255312899,27.85291197748589,46.71711935164135,6.965425652307789,71.76502157197004,mothbeans
24.397085205687016,37.226239230152416,26.882482250097688,28.939396420039465,53.49652636687133,7.533270429639301,33.32629625729673,mothbeans
19.820872106467686,42.68545448640785,12.16070287317272,29.04012993281476,68.09245241267539,5.879961127747124,49.51579083425794,mothbeans
23.20271467537387,49.23078201656181,19.434359737421296,24.102350909662526,49.86229394352131,6.421618011492036,17.1511744253217,mothbeans
25.972961102568654,57.58385819842042,20.2583048842554,28.68722406461711,56.594544101724495,6.912169828389041,63.56026332141972,mothbeans
18.51258899563075,61.119837385739466,21.603928629663418,28.582155830817623,37.83951129030375,6.943477927150854,37.52067623758323,mothbeans
16.808586367357528,39.846243716838785,14.668825340503876,34.37431420905089,58.65071249590723,7.76018375107213,31.656574706666543,mothbeans
20.356268749554463,35.06492374795904,16.52152561401468,25.245619049750275,57.916672051532494,6.60188516094912,66.02569000541024,mothbeans
23.02060444794259,71.03638752104789,12.60277888430138,31.777699719360395,57.17152696320582,6.3133105809864825,65.10700004709739,mothbeans
21.680724815131143,45.72523740046592,15.880322565140002,25.84267164565244,64.39849676628741,6.800341409478741,61.73195002297189,mothbeans
16.045503091662233,40.201470537783614,25.40992404624971,23.951271365345406,44.67828985675783,6.817013705536116,51.67058902760078,mothbeans
19.10453357491922,51.958197810959234,23.464278779089057,30.20391263637799,40.11356953065739,6.657922451035601,67.92144292815406,mothbeans
24.47323593786936,34.27140548518936,21.757399501761007,22.06532425187557,48.37547921648296,7.748883508372988,35.78160924096521,mothbeans
15.82838477254209,55.640297815728594,12.28599242395177,26.101734910344884,52.77152910065402,6.482857076155298,46.46045019183543,mothbeans
23.720928551575174,52.21546083536561,21.33409198147701,26.982633162189885,50.96048892215164,6.738133659950122,56.86708414888677,mothbeans
17.51533987441011,46.17431025620459,15.05021103723993,27.894977169981292,41.51199309096924,6.242976774919003,53.87991721783082,mothbeans
21.063698879288303,55.82873734948573,17.844372152124507,29.224158540510267,52.40638057818931,7.022386903915797,37.61519475796787,mothbeans
20.746817411355945,51.641402960546614,20.03589233453971,21.740567024886744,49.28391699178784,7.906265519698621,44.59941096864526,mothbeans
16.359614510723393,51.73348559711398,21.561891052332857,31.578205496249243,37.9370547527289,7.165690126287496,58.85633091877195,mothbeans
19.28926731529727,51.3868731792169,25.147287407991787,30.61694614008535,38.85584550341017,7.210079093377742,49.029670924512224,mothbeans
20.364370490077576,48.73196991001694,19.2487850560087,31.575122491321196,47.330256321206306,6.2402269358084155,44.09705216045407,mothbeans
20.893473584052376,60.29214784297051,23.01547342474417,25.44839416375887,67.88151933343113,6.93238765548899,69.13086106998523,mothbeans
19.241427832113853,53.33359244705449,24.197342522592024,31.654584135262766,56.4589464430258,7.236098500036489,45.27369903208837,mothbeans
17.14126979021969,51.326075103241976,24.665640361705346,27.33183789767018,56.52137572571509,7.52630837274309,36.2551862138987,mothbeans
15.8153964810186,46.59624941094663,21.538063340945982,26.426298958698847,58.81762143093715,7.012033430759225,50.59170572361109,mothbeans
12.820452380657361,34.84184183572493,21.405046251409033,21.602213121535492,56.10109927715257,6.72092307781384,98.64639454392099,mothbeans
31.539581253080552,46.18550930752483,19.468314987343426,30.98674454200609,61.625380879344306,5.980985471281992,23.204368019679702,mothbeans
16.889825972228092,53.82737583173864,22.484367952537987,31.209314364951553,38.40241977307753,5.641928068515561,62.87021292953218,mothbeans
15.859018635173827,27.81512135611362,20.725318729796907,30.37952706465603,47.02354294302978,6.571075806908755,47.6095665178114,mothbeans
18.147086187996084,34.51952888059833,16.426596615047842,29.563839715041443,50.573428331012,6.88402990298341,35.07277277219931,mothbeans
19.092484189321663,26.22934953557145,20.892383319426948,32.286573123440704,36.20694294366315,6.507036163341122,54.93660168065195,mothbeans
26.264213172137417,43.51775383699851,16.538748353670517,22.09323057275175,48.82750503446485,7.821038020071872,54.16037692947014,mothbeans
19.888605104081435,51.22082310766986,19.94453998025699,25.56095688321961,54.586239325421644,6.912880761555877,50.26419877900486,mothbeans
15.123169863608751,61.03507931934759,23.32351372666555,26.341237487898095,56.014598829455494,6.551214580807396,38.26994761233445,mothbeans
16.201484412598564,30.289314469119088,22.35771190209103,22.50656536498495,38.1724493498739,5.762205995460733,48.7089546081366,mothbeans
19.24839769864064,44.73303786813636,14.787111526647118,24.48329873969008,51.714958908372594,6.5247240341457555,54.74537482304217,mothbeans
15.573756569378887,49.81062742771083,26.516390186580317,29.75849740117835,44.70068945426816,6.928599485177964,46.3900223820468,mothbeans
20.03940092347364,44.743889478514966,19.178323970573043,28.636280059222525,40.0531304033444,6.292060586505011,29.171861692531834,mothbeans
11.99864447748145,35.82717307779521,20.797312534020644,25.321637453524346,52.10891571384877,6.817356874376281,20.472436798429193,mothbeans
23.274877921108448,56.1079864559171,15.030686625825734,29.260574628684974,41.14801410072641,6.848835188374167,31.032523895675517,mothbeans
11.034467737327116,44.17182810387031,19.381355268625818,26.80696091915619,38.52775553421952,6.600050468934431,54.03942128871101,mothbeans
19.775534849387316,49.82501030599214,16.649423997728835,31.515153744148478,38.59061330756175,7.043780148543359,67.72836639439942,mothbeans
22.40454046374448,45.9747577293517,17.358514766685104,31.10826295313877,36.61620059790661,6.314937869810178,44.03663351762418,mothbeans
26.18826878755999,51.79767636040896,15.159771207448774,27.069076883845288,43.08541484722964,6.445105503883232,64.68334337835168,mothbeans
13.141284353682472,64.08780855734373,24.141148450923115,31.272585011811096,44.296483903797935,6.725029640460445,28.50272278212932,mothbeans
17.376687964665983,52.93654847643151,26.48031530890698,24.678529549592646,45.07595250411787,6.724350389883739,29.063161967112723,mothbeans
22.956746208792,40.76009668257391,19.02304824411488,26.644151884264367,41.68529195424261,6.7964775072597226,46.76585632147967,mothbeans
18.140710588606673,40.71538378319657,21.597623353914777,32.96085180547686,49.11909786271302,7.298059107455565,29.14667112269806,mothbeans
20.78880719646885,37.02631681028933,12.615375362340494,25.78188577762289,57.53519467530858,7.2750079143348225,53.645070830815996,mothbeans
12.336497200550346,46.03719348612063,21.50850004450868,28.526608688735795,33.24965133215403,6.3548410759900635,49.03883353776925,mothbeans
22.68145454758595,26.038721789000537,19.189380122600706,28.429146309636856,54.796895908129706,7.146428792118718,58.738569782132075,mothbeans
16.00029746649033,28.919978628766923,18.034736214692995,31.00489547562568,59.14763622019545,7.155274551148892,56.44011234202601,mothbeans
21.898198241929826,42.43881253239219,19.3496985322319,33.00720857747899,40.45953595366499,7.607389395354925,45.16957768261912,mothbeans
26.62716054547539,33.93184990502462,22.929521005823247,25.789689592157135,36.6778624646065,6.909267021205473,65.14207682893954,mothbeans
15.775292807032518,33.00984039541599,19.540776178325224,27.737694013668456,52.38655702043599,7.274797285682244,49.10877228091259,mothbeans
29.277516573971315,50.24234744535292,18.267867469965502,23.165297922691515,45.898723837470655,6.631806527294431,64.40457194422206,mothbeans
22.31241812033427,36.206308783673826,20.86127193205519,30.01459351518716,60.22425087510266,7.243751983707029,61.412699814672166,mothbeans
20.30042997307582,51.883120054234496,26.247524503530794,24.001667807561052,45.20448538226435,6.4137156256218795,55.68729678089186,mothbeans
26.151110878253938,42.03025713278926,8.04847816265281,26.76333776492659,55.30778985613925,7.068814951474939,56.42279371715864,mothbeans
18.600033490627602,35.209692637802135,22.576471608122336,25.497154569896125,65.47277386704366,7.085253604177257,41.29027546169073,mothbeans
16.94307376305686,47.070557933864116,18.80249038989125,31.350501326589864,49.491329357952374,6.434184130545736,78.35661027733674,mothbeans
20.246541657601114,55.68839675968897,16.958867462776205,29.08934688323357,50.48887992914556,5.855175353951923,80.2291266569096,mothbeans
26.453222304612737,44.02804683854012,14.488651297720722,29.042684841410654,48.69358159531517,6.9778344742816145,52.87366094291134,mothbeans
22.53120494652963,62.473056993918064,22.840516025643232,24.851033503270177,58.90050282169962,7.620307281744143,97.28085101768127,mothbeans
14.38252983380201,50.42882013150275,9.589506484055065,29.65944746913763,43.61439761466582,7.761722897412477,38.38077544972127,mothbeans
11.554084810163692,43.2873625929748,10.122561143914313,30.25329836352193,31.479335629949436,6.814228790591579,18.83282270215705,mothbeans
18.39851097731679,64.43378155804534,21.803239457178975,25.409519185105196,47.75037208848733,6.809008436022223,57.08945518765108,mothbeans
13.165708183595868,53.92567273847331,6.4780418419861245,26.11034634290857,44.093809260387644,7.116663413035619,50.339462790153036,mothbeans
12.972184730718567,38.15006874182985,20.993400047737033,27.762797974406332,43.36700712291403,6.55958310524401,60.44251995738934,mothbeans
17.411537135653926,47.119087559709264,30.849682940402715,23.72895208934823,33.185258147402735,7.191794832399303,39.82035408058845,mothbeans
18.4088123612869,40.18843621868886,18.700999296162436,32.79561433628902,54.417027668944954,7.2311117559434885,28.756594163110318,mothbeans
14.244231317235654,19.60921340514573,15.95309589458623,30.870109559156976,52.13557212598697,6.689243368523938,49.665495744229204,mothbeans
16.55557228712297,50.04758882401784,23.829391397403075,23.15233963776858,50.397181502698785,7.2662174354773335,43.773495665549454,mothbeans
23.503503060602917,76.14654444472552,19.47828603506554,29.17992115001597,42.095543330708864,6.890625581301025,56.904074374734556,mothbeans
20.97421170135069,37.80304680291143,21.031808856627254,32.38658781615291,51.58908611611622,7.2809935945359205,46.444820449810585,mothbeans
23.74950119711855,50.792678382165256,15.245446351563839,28.955563014396624,40.06642669247751,6.483559862557604,52.83992460938561,mothbeans
21.48622136690062,36.10767534922871,25.26992885591438,29.71601883490142,42.36217251511293,6.031207601775412,47.82643131377853,mothbeans
17.770281430694197,49.13140457053023,18.18441669422217,21.97762941776497,44.893224493590736,6.647190444465843,59.50491537161088,mothbeans
16.50900162694475,64.78674673372566,10.441797246741215,31.93350249340787,46.205448232975165,7.229792436171778,51.197022260881,mothbeans
25.697777680127345,44.12638035447189,14.506897874110939,32.26151286181319,47.09215483294287,6.910779236812105,68.52127871067192,mothbeans
14.840223789527826,53.95490897639257,17.050526217685544,27.603491933066884,48.57823172307431,6.0498890692765315,38.317444357693475,mothbeans
26.755364462065696,56.86191188584796,19.686802113363825,28.72937037553868,45.64605995490834,7.478291692913991,46.994711333087544,mothbeans
21.15921046067424,59.460301441420654,16.113142575770468,32.67636755349068,35.756308722052985,7.6148210655563995,44.40986624072038,mothbeans
18.78650626087359,29.09989828817057,17.726026413111537,24.880580406919346,43.13882923701222,6.73134451710556,64.36687421709358,mothbeans
21.038016757003128,51.07676653401114,14.522403055772187,25.35773773119181,62.389800146810494,6.432399482618377,74.84312378085943,mothbeans
18.784694005595668,48.02287936143504,25.351825801149648,31.81567726581597,47.1134995177673,6.605878473239231,49.161193272166805,mothbeans
21.689787641160592,56.91303686869755,20.02114929497076,29.85665889406946,61.10687785816753,6.990654806132392,54.674792840071675,mothbeans
12.405445874549661,21.692698631709366,21.94187864615084,27.715527306157384,43.88173860068206,6.921765102093172,49.093944062046376,mothbeans
25.638901253169493,48.86110868258978,16.265383574649164,30.970498716877866,46.26295140043038,7.063268341836153,42.83883940710799,mothbeans
16.75086557251282,48.84168230185696,20.064143217718424,29.439481106100498,45.85083397352206,5.881820108114801,43.50839174617417,mothbeans
23.96909233571908,45.026239207568935,18.76808298742726,30.959129517717813,42.304214181928614,6.02859839087855,47.59053320711759,mothbeans
17.579130243756314,38.33753680246746,19.123107720506546,29.47451694174035,47.92569150745747,6.953490536343119,77.20111547773135,mothbeans
18.28560569221218,50.78348634644669,17.453933187004328,25.46092084033908,43.32073877265784,6.560620714239156,55.39213696320688,mothbeans
31.745378933503787,40.8395656372416,17.91687347192269,27.810630960666256,51.166390789677976,6.931775405977392,69.26143690922176,mothbeans
7.868039647323959,24.130701298043274,17.520609139949254,31.291900562631128,35.47481574715523,5.296183830153121,58.56769109328813,mothbeans
21.21828611851357,37.097915932005705,15.07230199639535,25.090768841095976,85.5526765873697,6.249473889526797,54.940639189755196,mungbean
5.726866685478045,39.43148134872201,14.369730195444749,27.230977964882523,82.30976120754931,6.819137511958306,31.406632283399425,mungbean
20.22745738165376,53.583364232117056,29.283237182809774,26.554702086719573,86.62229302176259,5.778454882975054,26.080437956869762,mungbean
24.2238718789085,47.9443970635193,25.892563448992114,23.87979133309075,87.59951069764377,7.247527136217541,54.19705608357266,mungbean
21.382907527955243,48.0855608082435,12.145592714370439,32.066718807131046,81.94571180097466,6.701793302553207,34.36965693428746,mungbean
14.102701677461098,62.350873992222354,18.263488555210785,32.35982642812763,84.60884670470742,5.763240890816857,58.920675997317204,mungbean
17.05053841122196,54.98688813517043,20.12605433770041,23.37064531617139,85.82147382685285,7.37848925686112,54.92986458514459,mungbean
19.712411234972684,58.75343401956898,21.053342326015553,28.628602690788384,79.54187413920448,6.593539210315839,60.35443416416945,mungbean
15.819689239499876,62.24495821246948,19.54146987927437,25.336691465384376,89.98816038460123,6.385282305704692,57.59514887486108,mungbean
18.541206838707314,47.40173856470096,22.46780102167146,28.87269117277002,75.0223410977413,6.051502503962244,59.29409984790816,mungbean
19.339317055492263,42.762686972285785,13.207129923712628,24.760791036172456,74.89100680019027,6.459487712519387,44.01562419418953,mungbean
15.167060545073424,47.318765748320466,21.81985315426369,34.27959379662983,77.44058290218393,6.963752417320209,59.73101561015072,mungbean
16.104536303116497,50.03235954586031,17.711833753311925,28.557065741256217,92.54565506702275,6.742242493052525,55.08608373233442,mungbean
17.848453400226788,33.15943335075665,18.95765894729796,31.619824464591744,77.36416071705176,6.077964252729322,51.26267736234068,mungbean
15.076726075763688,40.07476552884788,17.882007091359114,23.903147787429553,80.12939076891816,6.781371166714924,36.92630217769036,mungbean
12.010639327525812,41.69975020466106,23.65977751254923,27.409234576009332,82.67709460942191,6.517743519006243,32.54292567140348,mungbean
22.473528268875164,51.83435031403644,17.953457629521395,31.01777353538925,79.3625195052348,6.951163597301427,51.54493665595251,mungbean
18.317237050609133,47.80126364631688,19.46367617094529,31.66084868925315,79.61660436264494,6.194992304341361,60.3630289207248,mungbean
17.022325324080704,57.00533077331592,28.497179915043546,26.7946149191751,88.40681163287653,6.038523087464057,57.54733298067809,mungbean
20.997119929933834,52.73038282160215,16.772139639823024,23.016749753298484,87.51626032374753,5.674638739008218,46.82649507757465,mungbean
24.70590933209985,49.91897735873036,29.741713223949066,31.07532745774532,81.73050805837212,6.510925351940576,49.52629297455564,mungbean
12.089116183269365,38.59601083515647,17.1961954651007,21.89133849143219,85.23746734125821,6.400371262138783,33.27106098688426,mungbean
22.02106432638666,55.158727446909595,21.135172394324446,27.02779547437309,87.95721075875927,6.772088144190676,53.074035697196884,mungbean
15.876938747826195,50.76600765511181,25.977403254127395,26.21011282416481,95.48969669566216,6.2897476264058465,50.324070133401364,mungbean
16.637572019968317,50.23270835920261,11.288891536823623,26.361874603549836,79.53939399825717,6.554135339156916,59.94447375508908,mungbean
23.230030935572756,24.283406391411077,30.2103482646394,28.885839821862604,81.11750429753499,6.562851167596376,51.761898225026926,mungbean
16.665756415242182,49.97916667342076,16.962638561898466,26.78691402192993,81.56860432122458,5.926931484104139,51.45836470215384,mungbean
22.92649718258169,53.14883596076372,24.09962626317617,28.973020630044605,82.33637250891549,6.835865545772475,36.42482460158065,mungbean
15.496643087437599,38.357999285767555,25.40028029569655,30.828365542420226,87.43652618522498,6.928771946084719,41.20717217588012,mungbean
21.742975599304902,46.74825571616836,24.23441051942457,27.654327302343408,83.0752855579496,6.716363407424396,58.76169167191233,mungbean
16.65827402576599,47.38924328647624,14.707796831791736,20.505816947521183,86.00229815706865,6.743562142501853,52.620668090867255,mungbean
10.252191411228164,44.491505699235255,8.908261199744594,32.109103322962554,79.56972708940957,7.002161443783958,59.45869643684146,mungbean
15.497048237319692,36.672150487322554,21.75185108193169,25.467027888450787,85.51242321079104,6.306868963677233,32.18841585534366,mungbean
8.847659904377705,50.26684248494597,17.192211268346874,26.340730549257604,88.47931919546893,6.9693769106529775,47.27455278638191,mungbean
18.297006465450693,53.001430331138835,13.215322151502123,28.66945916424309,87.75942985911077,6.772092083367052,30.63247297497535,mungbean
16.193223650955296,39.217367471765336,20.499434772046065,29.44223373930395,92.48355203722991,6.302013807852771,45.024275016907865,mungbean
25.748360094393735,50.96576938530305,26.33825755593987,28.86618400902951,79.21441690643364,5.9667486580888776,34.48487750941071,mungbean
23.310259173792367,59.88596823087008,29.246810706931903,30.52931599696972,90.81419288767493,6.267993466938526,38.43584183256144,mungbean
24.250396662087766,52.17680752239401,20.537221871704464,29.16211444189897,86.61592741229103,7.013526743941425,62.94985584816956,mungbean
22.721101761701735,56.45802872562928,22.57031276212388,26.61649080389614,88.7828233745657,5.942201972456296,60.53891552295883,mungbean
14.027385301169826,50.85803286794733,15.774230207869206,29.66016694922328,84.83037387036046,5.862097616734667,54.20699631018479,mungbean
17.110396115836448,56.81146720813369,20.006628443672035,29.186262956164114,80.21215522492395,6.264267107429055,45.413613638989155,mungbean
24.28351240121278,64.77377087805489,15.974141241285619,31.23054443397304,74.15161291137149,6.022324239563084,40.41221543813225,mungbean
13.237456552796388,32.1641161021242,22.064994560688987,27.357796906816414,86.89702698802554,6.776189074448605,52.65616993172534,mungbean
23.28881588075187,47.30467713757731,14.065033058471277,31.17344254246239,82.05443933609436,6.125761480495029,48.22082124195602,mungbean
15.435945403517435,43.82569618010568,21.720269607817333,29.04502521773838,80.51084966787185,6.304917850820502,60.743330047702436,mungbean
22.482000588669706,68.75065039348542,25.90064086870764,31.432879205679818,78.060657247721,6.805544140653369,49.46893198303089,mungbean
17.245090982308753,49.680153405325285,24.72605767305742,29.502494773012636,80.6076309932897,6.796983565437048,43.62412457924036,mungbean
21.08341559482143,44.96649932522866,18.905668741321872,30.29872892512153,79.79903140092051,7.278078029710773,31.789139307055038,mungbean
17.011661583725715,51.70211889941741,22.92157083217655,27.698572838284885,84.71304648499229,6.664220034131047,47.6893052254232,mungbean
26.96590628967453,56.39349114231602,24.364121755028172,25.101529829888747,84.60305787797148,6.379813620511719,39.94398624310534,mungbean
21.800820919728835,42.62354242220184,23.277019149251185,24.789425311317004,93.5952030642091,6.141466936563175,52.19302337200436,mungbean
23.959296551940337,42.293595697998875,24.262343217164755,24.31244920659875,92.2605884959128,6.505659705986304,44.0358859203112,mungbean
18.50409113786283,56.089192693927195,17.077723540747808,25.751926931731667,83.8923170120813,6.029215154892013,68.20543907941816,mungbean
17.168027043926383,56.31616786180403,21.047350418238864,25.046397848554097,84.97022645393635,6.813601111724299,48.11738664913693,mungbean
25.96556472925514,58.21515392781864,24.59457427329165,26.62102968318101,79.60078776109256,6.254564957854882,51.962409406667206,mungbean
22.728933567661777,26.284285952395525,19.95943399194125,28.474267675969553,83.61227871842225,7.016509535606351,54.21780074250871,mungbean
26.550959540404484,45.84039479649768,24.687387462534623,32.90519918358256,91.5584672463633,6.063143362628507,47.46323922457619,mungbean
18.27417647275102,52.89254535076328,23.431767775072665,25.48332197792279,85.33919256958468,5.692029067137545,64.4194500580189,mungbean
17.43812879661653,48.55863939844497,18.451751430059694,31.438082725040246,70.8124677930131,6.493355863069636,48.94181242502302,mungbean
17.731818062041587,65.26226545635632,15.563352705721144,30.315388531706983,86.78126394353042,7.004607701014207,43.32810915222495,mungbean
16.335155504381206,58.960699074773984,22.126606541650553,23.365187959969724,82.30347492768365,6.654553061539224,58.37764221546589,mungbean
16.603846734035223,18.85744010183059,22.616115928685165,24.33903793016807,74.91330600938794,5.367069630006344,58.139808601977414,mungbean
20.643087252024834,45.74343619287748,26.94512181481381,29.91197404906922,93.08150021360959,5.942905811133201,49.65449376046036,mungbean
11.916433125259928,45.70617668144533,18.756920731166613,29.879840911789213,85.2278194057095,6.749362855311967,57.03440133138894,mungbean
30.77464338691571,44.847033447138756,15.294886496668106,28.738250845949228,80.98859986430229,7.092784307374615,47.167819610547674,mungbean
17.17211816063005,43.28684278848882,23.592087117358204,27.526759050305543,81.79166589934809,7.166140767049413,41.4383015933825,mungbean
20.17783037016497,54.5230615161023,11.843324447914634,29.440781504217775,79.72446162259776,6.829113112333601,40.37348988081024,mungbean
23.463845159244304,59.05833066294713,24.307182628164025,28.753949944714307,83.84349528535151,6.269432169466063,64.71034690817103,mungbean
16.502523899161783,37.62933926430004,23.32684467516415,25.611589590440513,80.24968251266937,5.922558295132094,45.170901605394825,mungbean
19.586424880517534,50.43091727660699,24.75653122149742,29.58069377099738,84.0456389022341,6.420721729448112,55.10157468915183,mungbean
26.362850814642847,49.263141994832004,17.654345728947956,25.021401996743364,77.77397367793887,6.766507868817409,55.77978523639557,mungbean
22.886817625533308,46.71340553647944,27.034673729458753,26.547644516245548,89.77634618603602,6.484502842004183,43.91649235320662,mungbean
22.962651536588808,52.096361186839935,21.78486379633463,28.243835266168595,84.81053459141584,7.455348797148176,61.84256645196173,mungbean
23.61413447492756,49.11799158203388,25.035786002983347,29.553984329174355,85.13102376387018,6.378574269893634,49.19082662337312,mungbean
4.147871320609722,50.10600839297642,17.557619599448202,32.77800999484865,85.09672035405877,6.024414632186016,49.501198458718825,mungbean
14.769394574687478,52.73407415712467,21.454736821697427,30.873518893324803,81.04559104152717,6.5136032384912586,36.34978204573365,mungbean
23.507473909623574,53.18871180440122,22.479025105137854,28.00485709407082,87.07386445394395,7.141735643323439,47.14905742957986,mungbean
20.69322591855042,37.1387370081859,15.658695192008338,28.293439879279923,90.51966773350954,6.397487670299371,47.64083470687876,mungbean
17.965573777478127,42.65243329155677,21.474857278544107,23.508227064464066,91.40469788333364,6.233831080748216,57.21903485438141,mungbean
13.65000701303062,54.68840130546218,23.359723039072488,29.152606216017688,80.02785739100104,6.599819275839231,38.16943815265611,mungbean
18.736183724519073,58.29413100955326,23.98350963535371,28.0455488276213,80.1259671203858,6.7582350848696775,50.193812376980254,mungbean
8.398422008847884,55.826298263165185,19.87883583065154,31.60735374394922,79.52364740578598,5.2293184747216,52.79083858345185,mungbean
21.457818383409865,31.093283723935482,15.107502270666968,36.2656532311597,83.47194692923098,6.792383590550487,43.493401726316165,mungbean
9.548485505734217,46.297417532040946,18.671977198569476,26.800365283994886,84.42679582246804,6.605707308658254,48.49883048746194,mungbean
13.67996916026318,52.86184791561939,10.253141223387884,21.8489276281474,88.69590247350784,6.702808108854143,49.42604634925964,mungbean
13.02275747622464,40.920890593259244,18.68626626156748,23.21231809427766,81.30485670988384,6.7609321352706715,64.27305364289217,mungbean
17.90282623670725,55.56488354316098,10.429699647062664,29.978353723340835,80.9802579263626,6.622938246683188,47.52247581760291,mungbean
26.60207004891917,39.25564351660082,23.138031487809155,27.1614776101104,84.20847260995168,6.426458442736316,41.54326895505887,mungbean
19.92950517046664,47.37351777878178,21.206201242033647,28.253515437078587,88.98997274806118,6.869403446418947,39.49376678172199,mungbean
24.343862502953854,36.13663572890145,22.939279440688676,29.859216354108607,75.44341554168747,6.537191698611764,45.31503886639684,mungbean
16.206173710323124,61.50852330699006,16.731604296812904,25.58086921264585,85.37847470002546,6.7742358985193665,48.58351413989873,mungbean
25.831852728346263,53.30975661964091,9.108943401342849,26.411599109478974,82.1907895032415,6.691744381371769,23.75182943625888,mungbean
32.74504854358861,53.3102609489421,20.744384019588455,31.544703149257437,96.71827026406312,6.848298657835361,59.4881309647162,mungbean
20.65345012232191,46.58474246633052,17.621022779975494,25.521664024856374,81.56492950150252,5.959777614262807,49.24128549314977,mungbean
11.576662113868066,49.90916524143711,19.81834695978829,28.440805895160064,82.38934214990003,7.730744148072201,63.601159001803126,mungbean
13.777287499576385,50.32868087426898,16.95996928531338,24.956560819877758,78.29963964438032,6.672886676303701,43.18619764930426,mungbean
24.839130120126022,57.93782214530439,26.869571926057247,25.44283970177769,87.37682805346004,6.75298168665692,45.258218248960354,mungbean
16.141140213035627,64.09520665775973,21.13747937866027,29.907903252135213,80.88961994086036,6.012286213391122,44.30550225507889,mungbean
19.379893063050016,37.35779993182651,19.950775956748085,22.934484435794502,79.39976288765064,6.76836449931075,56.037905202778944,mungbean
36.86498587690507,47.82235690923047,14.862982242369945,28.88019526217606,70.15614793316233,7.37129827653773,60.55202396777047,blackgram
30.77206059212173,60.678436378663335,15.882325146870752,28.445242083416392,75.6022087234963,7.330846171426307,70.36961468377177,blackgram
29.824647991098217,60.11396567470659,25.313286453937632,28.873099002703395,75.80891271989373,7.517098115807283,92.9559924821521,blackgram
42.44194501225083,63.873916998060125,27.070936441655448,31.342181811206927,60.9901271376783,6.820582865388856,71.57832430660609,blackgram
29.67550862443025,56.56741084635807,25.48273559115127,23.426238446504158,77.27585681435612,7.448949687481264,61.10353076254285,blackgram
44.34712662297448,58.03147726906327,26.149951842193417,32.94804942830982,53.79943421453593,7.23490496538567,64.91558219535129,blackgram
40.6626605641448,50.71828099030184,28.740685345604177,33.12018545970773,59.081830688216264,6.4661557572359065,62.21491053533228,blackgram
43.47602116873045,60.40205843946223,26.26566412384122,32.36975916654256,72.75655220602326,7.130742160244175,47.16051904683515,blackgram
38.434411750824786,68.60089739908665,19.74238535737677,31.50927110587124,62.45001347803093,6.5880752605832615,66.14983903930835,blackgram
42.47237954426123,51.44312280538556,18.82144377571666,27.18161027404205,73.95395934051277,6.882217696964786,89.79133317689275,blackgram
52.229982804327264,57.189540352782565,14.957756337263252,23.742306366799987,53.223703415785664,6.450466070040536,88.67704441192257,blackgram
40.92659669781557,61.896045240919875,8.89789495532437,26.406100712348216,72.0966382115703,7.1147096449530345,65.79192081971604,blackgram
44.51873886880098,74.35797806135815,18.894787682314746,30.20810940797421,66.54077534985043,7.956843854109597,36.50965603371462,blackgram
45.46578411831047,56.85197751240936,22.833858630920897,28.02788233801583,64.6082797531324,7.284564231786198,114.69365301565762,blackgram
46.46428951521657,49.51934401969491,17.881201589886484,28.63975767484844,50.63485461895988,6.867963923319425,78.99243622732618,blackgram
29.80614304738564,68.48482651050593,22.43887410542169,27.797300034086888,63.86776290129722,7.639328723056414,79.00321720258799,blackgram
40.07026923918518,55.623166830390154,20.383045352258296,28.46470932617309,48.16200395424788,7.816871164213892,70.32987498799102,blackgram
43.1851781209803,57.42092250123091,16.32441599637706,29.44222655715369,52.20484190244551,7.910834599221322,49.48232002366406,blackgram
31.744269729222566,53.597407956135996,26.44037862426189,30.04352699778796,55.110913631756304,7.5017353443029355,78.96500940178223,blackgram
44.30747965773162,65.1573424117084,31.971809502912254,36.55528468510833,59.506277255973636,7.649553997124461,73.7475228463835,blackgram
43.99276652910199,41.07729168356671,19.14807117305902,27.561529228990306,71.62447051914647,7.428432200161122,36.88270473475533,blackgram
39.823721087965836,69.21861504794252,19.066605188432774,32.187190935007095,67.80932374101667,7.136664092781051,63.93027532897554,blackgram
30.267353566914323,46.784698525749725,23.546762572276585,30.05837476655665,63.8919020431422,6.830443983071059,63.42216731778872,blackgram
48.37529435590511,54.647559181319735,13.294676433492157,32.23095532662052,63.36098668908226,7.012558346213111,92.11367459599265,blackgram
39.835515541195946,60.891836731187254,14.105382543508373,29.34099164294712,69.87620836166882,6.377850506463503,71.01267639673564,blackgram
40.80632858115845,58.412874555874396,25.185794493291215,31.003315544545565,76.82457518685155,6.602564193762386,70.03886850827521,blackgram
40.67573429111958,47.3074550624492,24.78147501045673,36.97401991755845,64.86395140412935,7.202008435309507,69.26777713722991,blackgram
34.29132264074259,39.79239722197984,16.471132584523176,25.824124857144806,78.63281662447294,6.9539561224307045,62.81121006429244,blackgram
47.11323059830245,46.78248897144112,16.165679809977238,30.204216807745862,73.23015193138784,7.200674018067515,71.72487713773823,blackgram
40.624941881888134,62.002358555267755,21.008264525646272,26.910083175669193,65.36863377306521,6.570524536432899,69.21623814351236,blackgram
36.15481646809407,83.39381622782861,19.800528081241442,25.787281301215234,63.926558314584604,7.207743498255155,93.10045919228786,blackgram
35.284380800490254,42.1757202597636,24.084185057154905,25.858203882301048,61.51075646794012,6.896951805795602,66.95549820049838,blackgram
45.513315656594685,51.16365717713612,18.631353739166197,29.957188941151834,66.1967836601503,7.039130869883169,74.5400866283387,blackgram
46.7507160771339,61.92634115650968,22.267927617546093,25.253330499760565,65.40182159332544,7.191803019200643,78.93411791855675,blackgram
34.46119380612964,51.40960725111355,17.129496623582007,31.60924169967403,73.27104843939367,6.837015957083359,81.61943470440573,blackgram
40.98783847331676,56.757142228375635,18.943078850910155,32.23983409380647,67.60462253429657,7.910330171059055,55.21663035504014,blackgram
44.14481361623981,52.70798990188487,15.653565065056782,29.967398588895083,66.0988198352563,8.167269422024036,65.23781276475196,blackgram
30.958570164122534,60.73010717494385,9.626799812268159,29.7241296521872,65.12820225836128,7.317840153178085,82.6043337414177,blackgram
35.97144304873826,56.49385985370067,16.169395846946646,26.61581233557692,67.47915823504508,6.490565780561361,61.78059649142205,blackgram
32.0386083208061,63.496831862902596,29.00715049633244,26.095236051590007,50.175852136819444,6.950045245859973,68.23546693936638,blackgram
41.74927445405838,53.53679484765655,18.99680350587284,31.102531231621807,73.32344714115871,6.217980491872687,62.465908414528066,blackgram
41.71047035152851,48.82023895389264,28.6558481588365,28.09377035931379,64.66965850394173,7.222408838736916,59.13072816797158,blackgram
25.227415617564663,53.71345473083467,25.1472027796352,28.989314619644585,58.22852558832817,7.370268883801089,63.03837655965421,blackgram
35.91871349079826,59.4945608966331,23.853751048093937,37.14514059519764,71.61788886125939,7.463935986555338,60.41050701518217,blackgram
31.79305515224419,58.62331349619123,20.53584957629798,26.76446177590621,63.597643760767895,7.1597270406876525,73.4059009252712,blackgram
44.03430282707418,60.90964730137443,17.464956703649722,28.45829812005347,55.40838881604899,7.713910015674038,68.2017554692894,blackgram
38.201175553641185,48.71207918547541,34.678289511638894,26.780015903331314,61.56921659515141,7.166334734514424,77.00319448616416,blackgram
47.66345644172547,76.07608507769262,22.53078827730356,26.831907600099996,62.94443899902575,7.123132949005554,99.02339062258736,blackgram
28.817556172605624,70.02576505225227,20.899571847732084,32.51349160568844,64.18404226691254,6.6630269479494695,79.26309169101998,blackgram
45.23544821684497,67.72056965739722,19.933476823106822,28.20053393004045,52.52970403980927,7.327749307255763,74.3583422366598,blackgram
32.273738937088325,52.614263267033756,17.666205940242797,25.551046704052744,58.45854082715893,6.546467857277459,61.81281482168095,blackgram
34.0904200133635,41.72995079133251,30.11295115284741,33.75762219308769,58.76784462784011,7.108968558661444,74.26197634731942,blackgram
49.52868683818782,49.81394973339921,25.46053391991213,28.356284087379194,54.31310076665109,7.289654623725799,87.36137636183642,blackgram
60.70327178824547,46.002747349097866,23.494598425403943,28.7705962686194,71.26686968419224,6.4118041795075,49.05845336452154,blackgram
33.793001414668126,58.78964045668084,16.794593667308224,31.977163031740258,73.21515694606332,7.239831016498142,92.28181459491302,blackgram
43.326613035642744,45.83103289659833,26.8168825676917,28.18453129318201,72.28334799748455,7.629493686622043,74.85032016095599,blackgram
28.030729494682802,48.81787833490208,26.613722334425677,29.49263194307155,65.63658827953732,7.303529766465443,78.44484293120485,blackgram
42.230398499083684,55.91331628779534,18.436657771338215,32.57369647587403,69.42855624854235,6.897079999752884,84.23168469489711,blackgram
38.96772707896173,49.48337825665607,16.205146505483278,27.063777491070702,62.8207198671705,7.493489711334477,55.92357228454237,blackgram
41.507806088144825,51.43310654372587,18.698454793642814,25.469876364044243,63.2356941667477,6.922517848078015,76.10431916053543,blackgram
41.786247306042966,46.01607875047955,25.420991220217715,30.630909120665986,66.58714813741989,6.996327058645944,60.23363829166671,blackgram
41.74241871798981,62.75588435928582,11.265521543272225,28.383717487961714,62.96042423677129,7.102468242277712,85.89966508890689,blackgram
33.82607348322574,53.02038153182158,17.43732944676725,27.595417229686376,62.2225080391019,7.308320887995189,52.19246756953481,blackgram
43.422515161223224,40.98097769981665,17.19331001778897,29.01153209934604,78.39887738331252,6.890079078098925,34.98134789823622,blackgram
24.00888874511,58.34029586346681,23.068854278949544,31.126367572881758,66.34056084640793,7.464903839002266,59.90613168894303,blackgram
47.1592844482146,41.679851149735825,15.475260835309669,24.57887581520455,62.80123759464166,6.981495513093463,69.71152238339779,blackgram
40.49506682309708,48.72446669188272,19.048795777933922,25.507659994182752,75.905831801058,6.8785495708408,60.66670821434463,blackgram
52.71152262755266,45.57753466450771,14.372064429840155,26.711339025394306,64.45702894640415,7.172652651855039,79.09513202176751,blackgram
60.57596253995975,35.50567545799236,23.043677945622086,28.328608282283305,60.30867880888981,6.752091148698449,54.3684549378804,blackgram
53.476198676827615,66.42297327013902,20.115979892786875,34.053047257461,52.899768277609,6.467717947467629,35.330484017079684,blackgram
34.4046836790137,59.61698526704753,20.51429288966167,30.44802573317964,53.711545351471344,7.321261897045609,71.59441277358496,blackgram
45.864434251727985,39.07237822409948,21.55745429398895,26.43670428024742,61.8214139795891,7.213745959454553,69.3664040938387,blackgram
33.18768016176545,58.06273156184418,12.342323423781785,33.45080218769489,63.35772784402999,7.447419977702131,60.10202469355936,blackgram
35.81139209274734,50.35813213362154,24.38086965846538,27.871706528014574,70.15676345932141,6.847019040932284,38.36055050162571,blackgram
35.43748745770827,46.208917856371514,20.16951361841169,26.428776792976528,72.40780080571693,6.963569655858789,65.33606007861891,blackgram
45.24713710230066,67.63906934075862,19.89950624115174,27.68639910135213,50.808243071102964,6.725580097185928,58.741816300280576,blackgram
40.85645962393838,54.54853118861973,23.43966486025714,28.161050186187932,64.54367066517646,7.473594977278756,73.12737820932449,blackgram
39.51969966649148,51.98055558064823,16.833843016425114,27.44816024114416,60.67194507373681,7.302266335497726,64.67167593061598,blackgram
29.20181544495015,75.68169293059783,21.599825955725816,25.779169798460494,61.46520858207341,7.044354553131367,93.56888139946065,blackgram
31.135100333929046,67.76040719355947,26.997432134861715,28.11403708477629,62.779891049118135,6.585476301050492,64.94808288379542,blackgram
39.70728020525655,64.59649998082371,25.450917355102234,27.755711806135057,49.26139948619205,6.991502088289503,72.40306294952961,blackgram
41.99534150148033,54.73326752490956,20.623760498319673,34.54633442505674,68.05387335170008,6.850652629998766,60.49703274356006,blackgram
38.641181138578155,74.3673996183064,19.083496452369012,29.940616966437876,61.141491432509575,7.439593342976786,97.39755882117012,blackgram
43.60490439545111,58.827729037854255,20.183914165871172,22.847079633642764,70.96120691427853,7.053666566398338,74.42513075991087,blackgram
34.30830244733036,54.15543121022908,17.944875317484136,33.064868952219115,61.969921307175255,7.833064128843919,74.46293628522557,blackgram
29.794538720034147,56.71453706748043,16.74162438921792,23.416852590539925,77.79576752091032,7.281257016888001,75.99810976848968,blackgram
41.323229282397634,44.17982431307563,17.581914302222817,32.52534232435204,56.59023976173998,5.9872922734996745,64.59340988328611,blackgram
38.86593956777969,59.35563416414709,23.64259321757268,31.912817436693626,67.07015844195138,7.478212555234684,45.21545328780028,blackgram
44.03665451581912,64.26538363336942,13.802188569598801,25.49138817395283,59.03246298819519,6.735383422993883,79.30129195253646,blackgram
35.08368973047124,49.43651481718796,16.941831316527203,33.35589700246263,65.10434699501562,6.928299589857235,66.34991751948422,blackgram
50.336482674612185,50.50828273396758,26.57754145470052,30.631488896764512,63.71664494419722,8.000360199173713,52.165407653021056,blackgram
37.17051392346395,45.67568760835999,24.762309852680847,35.067566800955035,78.35938225123711,7.489579501258402,65.03569298306051,blackgram
37.07807218008123,41.28830227505935,30.179367675908964,31.4069342344454,61.06434476104413,7.531222755594787,53.40853224859999,blackgram
43.25297627378139,56.27370865709165,23.193385699401503,29.809279382441634,53.39257687111021,7.0302305490680155,83.73296212813042,blackgram
39.76626875316812,65.75115121589086,14.772352571629735,29.921217620190443,60.00391635929138,7.298792336041884,68.47237343392993,blackgram
45.5205894106929,68.87710426157867,23.45809287560694,30.819355302880933,57.01430193190876,6.9988855557332394,60.00364396976251,blackgram
37.24748834636619,54.25465849249749,15.100372126088779,24.12798423259803,59.65485561337786,7.077351780769663,47.77734431858765,blackgram
40.125457891772996,77.00268424310966,25.115282776261196,34.93062452736159,68.12902301546181,7.467003929194578,57.14052904298319,blackgram
34.84527786382412,30.608597938625273,25.930727370211493,34.62097193945966,60.57458203722184,6.898419317441106,56.692068294635575,blackgram
43.06122841181993,69.24932545303241,11.286140130594795,31.22831559192676,62.78662582624683,7.045357756786676,74.88491002511437,blackgram
19.058987806135896,66.96413146594219,18.930624162226806,24.910948605364844,67.09379980063748,6.61029176886868,37.290482789077174,lentil
18.107101283934227,76.98669160339175,20.188482865619616,23.978594408767414,73.83255900163817,7.019303034604408,50.93158337699742,lentil
17.445054149021363,42.46450403944102,19.158075387635737,21.021962512549454,66.95183097197688,6.423047386512656,46.79614940563206,lentil
11.103005347463897,58.60032170849934,22.383255204002786,27.147722893398083,64.51237308127189,6.663905536787062,59.52478156952805,lentil
15.945530318998753,71.66814043285443,16.297549468339206,24.594473315473035,65.75701523975866,6.64922590699072,42.17401402581411,lentil
23.535161798053924,88.84712921231016,14.96044152285897,20.98072297705743,66.15803737084046,6.893203105997908,44.40453714710531,lentil
5.834848549286299,81.59189494164025,23.802530597920715,16.771157408540006,61.96215604110222,7.284091214763663,64.47796418457867,lentil
24.693200113394724,66.23887566040138,20.41493709406255,21.60722258462162,70.6411989163442,6.062078796752445,41.94200345115795,lentil
25.05137293418008,67.55638544488438,26.89233677726904,19.985463379058363,64.72610819830588,6.038793507578023,50.07362681423567,lentil
12.607265315006005,63.123665790450374,12.818730675359411,24.081769699573776,68.58294669879825,5.634868634757828,63.33885745500573,lentil
32.48707563209927,68.46006386736342,16.794428698876775,30.472991773009138,58.40515750848745,6.510053233434549,51.796222726319236,lentil
26.725738102262074,71.59738975126788,17.506830521057744,19.14644688883613,63.29089089876932,5.9965363195274275,50.47825319784683,lentil
17.179019100697566,53.059622067102495,26.27572894187452,20.50698242971288,58.659315975123434,6.415870432756229,50.68371565967659,lentil
11.267666372104832,71.31647667125763,14.764212156548677,27.133086427572362,67.61980256038368,6.300050004945342,42.5483222968265,lentil
19.47516146218188,74.1279074158329,19.872529357074,21.34852357858943,65.29185145408948,6.198070534381523,46.56794073156962,lentil
9.57103780547498,77.73726230852368,21.49398890160881,19.679632467899708,74.49367490677619,6.543508240196194,39.63856428024803,lentil
24.283687107352293,71.98048216509262,21.972899927421096,20.72273318604523,67.25247861889018,6.369120854889453,55.559414516458425,lentil
10.475277729946805,63.661265370208106,28.610775489040975,19.6987976337991,61.98080851253407,6.2760193307750125,37.85193864111356,lentil
8.95859611885874,65.69413601476387,20.679297120408286,21.842484794384042,64.27560719026057,6.521520435425193,60.22841471550764,lentil
19.047769070353915,62.259174229127304,18.594372575559568,23.738040279270326,72.06013439271625,6.185928130415411,50.989337870288836,lentil
21.6917872096798,58.07421993271177,20.10208583606459,17.602978427973714,56.154748481303,6.683373203946129,46.16125258669217,lentil
21.011402038106095,67.8210502299165,15.117999756681012,21.86423709410699,58.83449347492572,7.1954861790007,36.440296551400365,lentil
19.02107364515709,57.57728411952752,22.852105866803978,21.005705886155493,62.40666640189395,6.926600772525777,50.29430591677552,lentil
22.583222229679837,58.186740634825355,12.975915280362464,22.321623886120403,63.40576822252634,6.813217336226972,49.2009154733745,lentil
21.02537669617315,51.76617470058757,29.442184698071284,21.507274044903905,68.487934851696,6.0819541648901865,53.08009902217341,lentil
13.485776182376274,72.52067838259671,18.220129578070836,22.0875715118067,68.48987015065049,5.88372984438986,43.15508269387203,lentil
22.286621405433827,88.98221474546747,19.30958832669259,23.7734083537718,64.4651426507076,7.4711227973781495,32.52778333034745,lentil
20.47310522334679,51.744559664379395,7.467142147316416,22.89238615935345,65.69748898073729,6.3575815311289,48.93805909960247,lentil
35.49149717035629,65.41824861968566,22.550621806250376,20.05190554115836,66.47616287520302,6.380883162472191,45.8948151727027,lentil
29.094492661001624,79.7718496318434,20.683733236996154,15.0873641921681,63.19495388373715,7.851513782202542,47.69338333360292,lentil
25.516087860268293,82.419424019526,21.094819579279875,19.474535104395542,52.823438341085556,6.842081604304477,41.85243997176452,lentil
20.88075225943846,55.50179660410636,18.67381229764899,22.10115716470316,66.34296790522149,5.942588906323793,61.96910948761352,lentil
17.015526076340144,51.255305395467545,19.45488290018268,22.10312592707938,65.8029471658588,7.1810662018425395,47.6355116326414,lentil
19.401901878156142,56.96815618766907,24.102767514439485,22.55292719223431,62.89986136352919,5.547662653267269,64.44412195055088,lentil
13.861600177719714,62.08721990630294,21.791722555380016,18.41032621414994,57.532451108734286,5.438026208649667,57.20996952905636,lentil
17.27406877636839,97.2727009247333,15.028224671845633,19.235646929713237,62.17303514857299,6.621567327569244,45.29796661214689,lentil
23.061661070012562,58.21411610011346,13.092041407682094,16.60535578177268,53.882129160314015,6.240965490262472,46.99019687606778,lentil
16.842814862584085,80.43405797187162,26.140151048040675,20.995591037666493,56.03039443404018,6.216647445972473,44.00178606082939,lentil
16.71432518860971,61.022810961017555,16.732685521375963,20.84037515230672,61.822294505922216,6.604161254312796,53.60368715904861,lentil
15.446774564087551,80.71065326007033,15.099688490796929,17.14659815855399,66.90389035682526,6.09129593279283,53.21291470757388,lentil
7.981656994497348,81.92455941483067,23.36146704020201,17.498570352510995,57.606114380768574,7.3361329520487635,42.626200965020416,lentil
15.82907575633688,45.33947905850717,18.24610897199223,21.316841155492742,68.57746548384742,5.800460785907762,34.7971320775939,lentil
22.254813173882383,78.06730071227065,12.144238244410584,25.244542258899223,65.18770920743411,7.045902669537323,49.29779638482383,lentil
7.388610412560247,66.48032617683961,25.30071909335635,19.318761942748857,63.06017515546274,6.411933248224511,21.00486120131518,lentil
28.35673787718738,58.98624320102826,22.528677162363994,21.739896591555375,71.2880952817968,6.703028061214041,47.65075728479025,lentil
15.5324245374036,75.97850701382139,10.632793480226916,23.937671260827678,59.50477624222564,7.1261418309783195,51.61299542662695,lentil
23.220618839250545,68.8198881382472,11.238114524295016,19.417812509813984,68.36194668805692,6.583327908679922,61.809899053056725,lentil
22.01637281518586,58.3329810929734,16.01967931139683,22.30875217156971,53.429779669999476,7.336720942811493,54.41746736377557,lentil
26.13517298524436,52.19396059190831,26.222825801776278,28.694496733083245,58.39560822311341,6.885700897451883,50.01109944687293,lentil
12.277830758758778,72.9288397185187,24.16801602418674,20.19662034199346,70.82958260127612,5.666618296605401,35.052438535503555,lentil
20.682986977943763,68.25385277972272,16.417132557879473,24.42878330791566,67.65447157107975,6.929069535467008,48.76863564647732,lentil
23.012901339891705,63.54349696970006,30.269093450432976,19.562362689634043,75.52648714729156,6.5174439735447045,36.24489110431257,lentil
26.840396752443006,69.25901388394959,24.25562049190119,25.67156775562778,66.68977777072513,6.203879577593593,59.7571337766925,lentil
20.003777537272978,74.85857818608419,9.231347131042693,23.340945151029555,61.80707087427485,7.326654818589265,56.23087347889095,lentil
21.199288729246483,72.86309993350221,15.007795735616408,26.869770071584163,74.95685209208452,6.6964567552741086,65.90403568573639,lentil
17.154259006637332,60.02886433775019,20.204623743644614,23.304823115103694,63.0300665937844,6.768884095184242,53.06389482073414,lentil
15.008466123544725,73.18793017451722,24.317641212607604,22.514407952771172,70.76324051630846,5.891298103251524,54.67950422131852,lentil
14.148596468016127,56.85918641766912,16.84534583131105,19.173819449277264,62.26002090629431,6.392924844644406,58.371544863313844,lentil
18.39420480647149,52.14374293230407,25.7003392324758,19.48872959915488,64.70639786447686,6.723268253470356,51.99610418402783,lentil
25.470897737607377,72.7900314339276,15.69345210151446,28.535686521974988,65.97166731669117,6.426329886689247,59.63925423055571,lentil
21.24725472965036,71.99228192939327,32.460919993003436,21.17463571523486,63.41119552991302,6.558289256006232,60.715159355810385,lentil
12.467329849048005,48.34444108523495,17.06442364689926,17.09823112282214,62.87584326237181,6.751249848064645,41.09251136447736,lentil
12.865867116093288,68.69337161715347,24.312717423075853,16.915079684450163,69.10116199152992,6.908653101869163,59.54085102156628,lentil
26.09240107435843,90.02013924659616,18.219539756904723,22.328714740233575,62.91780783375987,6.5009884223779055,65.32873355636312,lentil
13.274927580346656,59.38950327834424,26.885904682522806,25.06010952070627,63.18434176591461,6.92720100056036,53.412158424920335,lentil
27.50137304500494,68.74509593826772,25.12816056936291,29.92603573147786,67.99049577523733,6.524664082897422,57.22446985220979,lentil
18.173595708980574,91.87967705524733,20.900355188479907,21.18120003932346,60.82155497489982,7.04861009580322,58.67187412827739,lentil
17.513228142929535,73.76451345122423,12.457220158935717,22.55491172521947,67.26378176038347,7.353664904779611,42.291811972713106,lentil
13.608236855988379,59.04572039074958,13.3171574984254,26.00997207327695,72.74319647512019,6.660108288974414,62.21294945685148,lentil
20.669791902901178,67.04888352299234,18.334811904731193,21.068827025867304,57.260992218454845,6.632127381803669,49.596660897859564,lentil
23.72680362038938,68.9352349643861,19.18648149215454,19.386420909977108,65.36076618410881,6.869118615408081,38.566610089161394,lentil
20.437368768403697,70.33042951529484,16.409676081908678,20.236431085276,66.15305424383108,5.933289490853689,53.499237152493926,lentil
15.523228131704,78.62853693033216,31.6891387269415,19.417729594894542,67.67103931187337,6.136629047558991,60.4095417379779,lentil
13.673707954573924,72.80586758427712,15.635055165553236,21.379046232704894,59.844873624263464,6.911175235447876,41.63019645560413,lentil
22.759821296659137,64.55901971737667,19.427638141005687,22.443267722200385,61.190876641705756,6.605183556770443,65.3033456435441,lentil
16.109526070836427,79.71810143273845,27.490488167438922,19.55153503291587,57.72472697454724,6.650980450085882,44.52592477233127,lentil
29.34301609581501,68.34807540499833,15.989002959824104,18.558521466964866,70.44952479545415,6.2144080129579065,50.43828799460428,lentil
24.779013725562404,63.157416480691694,19.770355856299197,21.95029477053244,68.41662255758045,6.795372167755163,47.79886268745172,lentil
20.318245307482588,64.28220988476511,12.611937965402777,22.772802572194387,74.46095880416534,6.058140429654468,42.26970290397297,lentil
15.646361141781293,75.24591778723122,22.2424272709822,21.52438692275063,60.409904691805174,6.5461883958199625,34.353778726641956,lentil
20.717132834287465,76.71524386087934,13.74400431683161,17.402445169511008,72.8971894584743,6.194120180247707,61.35947845943822,lentil
19.230011674010843,66.38045183058672,22.192063497483225,19.348003429760677,65.66248571747823,6.309255292587953,36.795065565949685,lentil
21.687410373631995,65.36692193122084,19.214875857776462,18.369517169757525,72.95700183881402,6.9383570931930585,59.641558841719785,lentil
18.47277648779159,50.7081711049658,29.764586912447555,21.816707475982394,61.25600101989973,6.7084007872415565,61.67120788003297,lentil
19.88474721957267,80.78575167939374,25.41499969258434,18.770856437793825,61.63104947170262,6.9787685816398835,22.87387436189562,lentil
19.252721534175055,53.69168798375328,17.617230992832376,21.103539732912388,63.20877811046246,6.223869373943696,39.02856350371186,lentil
31.45955633409343,86.67462004161351,14.189670898718585,26.746350253910702,63.00267254763573,6.564593736665855,49.36726040103084,lentil
16.70125679373017,77.83852343606146,20.62943265288329,20.570345730342275,58.47705278099764,6.053202493140439,33.586198843979034,lentil
20.061117742075847,56.033344077156045,18.672197437407295,26.11030556083111,70.99649786460793,6.483861552948691,49.1291527385685,lentil
29.39937274710504,73.20756120358712,18.360967700617387,17.721945648638645,66.96936609082371,6.914661886291431,43.683484754863564,lentil
21.456013775690163,64.3642670508497,19.079838004004987,14.536533827313006,63.89109298141932,6.984684651204027,43.68597444433442,lentil
20.26263184107658,60.4404929330808,21.802208381463863,21.350430407391478,60.30379229658997,7.166275733832564,59.28932013532215,lentil
16.975466180359128,72.97788309417777,22.687060014101903,23.926903705033528,56.52872052002461,7.003303270516314,44.30301037074268,lentil
18.210860332793665,94.37881752260199,21.50936690360506,20.841032573658474,53.973528136220466,7.194882066973178,36.547903291913975,lentil
14.982805482502481,64.6864770091215,27.082058958501463,24.31971995999728,64.2108124507987,6.65414603181941,43.99614307128894,lentil
20.698268447826756,68.73336744778136,24.843849478406767,24.90153436731685,67.46988691102823,6.318826221226949,57.41822294390126,lentil
19.54015766898477,57.18085631286867,17.983561040445306,22.253580951352973,69.55107891832373,6.408235913921423,37.90801288760394,lentil
20.283708416484096,69.13456040056552,20.929188144513766,24.75961454786329,70.0946162004495,6.202894563809167,43.838565419510566,lentil
14.799006445222634,74.98815670280476,27.244100541688578,21.05475421627323,63.792847176375034,7.2333912784494885,55.05557853215008,lentil
22.181178524005276,56.09083494026273,23.393640346397095,19.212590978470725,59.32989907032521,6.3266142116166435,44.1420727655131,lentil
18.892001528074804,2.7950918273754066,49.58816306467672,26.510745178065715,80.26328762929593,6.9892289028332755,93.78942740356747,pomegranate
24.28487768491393,9.657767536667922,40.28775564080998,21.259609402315125,96.06064602116743,5.880205993737486,122.15680677470017,pomegranate
25.506650824447753,13.581700402702053,63.246989143234174,19.884212949101205,94.78652411296765,6.44695468232929,134.6681215270534,pomegranate
19.961555021393153,8.060621090687652,53.06072203871629,20.03375224392428,82.93637120549722,6.241576558413086,122.38065893177065,pomegranate
26.960193757935457,10.55564687648256,53.181970672340256,16.567300314089625,87.78368267591048,6.355712441422949,107.7088114505496,pomegranate
20.420471941250984,13.454554786960964,35.5519316182951,22.5561147478125,89.77438554837974,6.037055048054425,107.72666621837129,pomegranate
19.281702350514408,9.17459717498477,40.31759456581451,22.302694162453545,87.83852410446335,7.136357366985632,86.61038741593967,pomegranate
16.39514945765052,23.89981812111778,29.6200864501077,16.584981301160965,93.67238372500609,5.461440073113063,105.29452180055122,pomegranate
30.729124625382443,2.2753203892329976,20.180355142612868,16.003275192169205,94.49179784173492,7.062388359992906,99.74822406042982,pomegranate
23.416062020005345,16.95127663755995,57.873464144298254,21.014658875280606,78.49264141165007,6.089560538795157,101.46391610129484,pomegranate
18.705306017108047,9.060702994956403,51.188945979306695,27.097713706750326,89.14163173037608,7.049242438025909,117.15322733262178,pomegranate
20.32252986431286,14.53272078554982,40.72252048237916,30.23124470839105,82.8079441660272,6.242414550453991,107.469622060921,pomegranate
22.197263452289953,16.339802435515445,39.75601432763843,16.311081401975173,94.21256948227503,6.877479383070982,71.16282681241188,pomegranate
19.980979331646004,2.0492908465985105,33.353489024979375,18.3887642921488,94.04632349120993,6.558415087086092,84.28817998487945,pomegranate
24.400329814786712,2.8309708803579277,43.301137904709435,18.743957322833776,88.1716145873474,6.752135374019192,120.42898798119057,pomegranate
26.6848453677798,9.588731501642734,43.06450862963341,20.2490507103827,90.90994941311399,6.719743024004256,108.03380305091248,pomegranate
10.981247579537518,11.657354481654476,43.64561477355457,19.279306094608195,83.57806481963743,7.237939575251983,119.82891021788804,pomegranate
18.854594845391453,4.314835584262563,31.78185171578654,27.210361587144927,90.68830970434023,6.224706466499646,120.19378462449312,pomegranate
15.928009062768382,17.504215151401894,53.528005348967255,20.133703715188894,86.8566487648457,5.19093340065386,80.36838456897264,pomegranate
13.30265112521122,10.67595170493693,36.7376629555864,16.618658050339036,88.59417978767722,6.752668573823675,120.55678699831174,pomegranate
10.501648595705595,9.358682597580845,26.166592230283896,25.606914788561095,93.9207320817675,6.050986386837771,94.679095951992,pomegranate
17.693664747508464,0.0,43.35968173440577,20.908621814639478,94.8508754128393,5.9507953910187235,97.61754103500137,pomegranate
12.467373709804423,4.978547182528734,28.18018003931781,25.983894715385784,86.50869075624304,6.562087842372307,102.3847319227639,pomegranate
13.652673669935936,9.158497884141786,45.99103331863595,17.168962429826593,94.0455639536569,6.075139539261152,100.34032147854319,pomegranate
22.65341561505024,6.68281921390256,40.37574859335866,20.74123668484763,90.6468400335191,5.309630447238251,73.40636369583834,pomegranate
23.07983503023419,15.185907028245252,30.895132964684787,21.023886591315463,91.47359626451151,6.846608800829352,69.44645456658303,pomegranate
15.569798765108114,8.337103100750625,47.03140197236049,31.99372193488598,88.85997136595141,5.796511268948006,118.04536154402597,pomegranate
26.60497894770355,10.540070604897505,30.933514548457072,25.831975765920077,93.31772809249217,5.986959577902188,117.62851235068683,pomegranate
24.986327838294365,15.909450212794468,39.33551024690544,20.567682215282723,96.13636911040632,5.894919748509557,118.7715858184201,pomegranate
13.149866863177854,15.326881361298014,37.41954484388839,27.074332942589876,92.45706378177763,5.888389884969035,138.49255464154487,pomegranate
27.756226332138645,14.411432462996078,32.3841213496378,20.775944182570363,90.7271360870288,6.148144800334284,143.8469314492641,pomegranate
20.721632358630185,0.0,43.3935581275622,20.60737041273075,89.62536721940776,6.31569031710715,126.14092833213374,pomegranate
25.598438892766907,11.415265811293269,36.60688812861841,21.83465118076332,90.09799808288814,6.098784980067582,121.57857297142469,pomegranate
22.30021161930233,17.702206198883367,52.55349780288475,19.257300329639477,94.10149187254483,6.024523308452764,123.918642018817,pomegranate
17.41692900619946,4.883733883122078,42.800453426974045,11.301731487383437,81.24512212797386,6.411254058112858,111.64883533269685,pomegranate
18.153406149209054,2.1028185064120066,31.821081578614944,23.564837308949574,92.90890885314181,6.491888441202029,133.13667562073977,pomegranate
21.98698511729617,6.262721730208939,37.194979465883826,16.38853537116858,89.45930504804292,7.0560503096106695,123.70580169421936,pomegranate
27.01004662959561,8.485573781005034,53.46099794514258,21.22678309420812,97.35792541284947,6.489071626278938,124.14462747608553,pomegranate
27.375561821549276,9.032861857093971,42.18388987544174,27.15545370082521,89.33498418034968,5.839553858746919,152.8601410916982,pomegranate
17.651177678314316,10.793780254687714,51.56006669451127,19.566024385075192,84.96066043388934,6.626868648387417,74.13847204175221,pomegranate
18.5604696156604,11.225193321577029,37.30048103174836,15.826196227257011,97.97088978102006,6.551769076974588,138.62304235523482,pomegranate
18.699818749097776,5.5999400915461806,42.691809202551596,21.13685149468712,84.11119271004321,7.234892129393748,97.55459554212008,pomegranate
10.798668076022157,16.64083026978666,34.957019841873766,19.568704429537505,81.17306206485013,7.370470743298496,84.21038825580625,pomegranate
20.29224740352825,14.563101612702201,44.21716933003097,21.761382752031235,81.49167070856292,6.095137582116358,113.75600676085044,pomegranate
16.06412965006502,11.016797299993838,46.817434088151415,25.850011543200406,83.86910321093659,7.598323027489477,125.34958689108261,pomegranate
19.99142923165468,15.447682915383202,63.654077719999734,16.245119595772522,88.87368678754324,5.310784170063336,113.8530306529605,pomegranate
21.826971209625704,9.804189422786203,33.4546642900169,13.801941935246699,91.86766841705884,7.227717241957663,98.17963088533136,pomegranate
22.200299645115724,2.1592784328997467,44.57213063692514,20.42647080902137,86.18791024698542,6.119818179391935,102.1277683593398,pomegranate
21.912166578462678,3.439183994022411,36.02884668432147,21.83411288800341,84.5048038773407,7.3983326008375085,92.93009039877316,pomegranate
16.652815431832547,5.108460250887511,57.984800871381175,24.211620914397926,85.31703996878178,7.053115779429985,114.01397388577756,pomegranate
21.28626710555751,8.277613956237737,32.505840130430265,23.351064396218405,87.27456385002205,7.408377814787553,84.61417789513791,pomegranate
27.680783864274726,9.443405756010996,42.99085734021106,25.332631066517738,86.84875352497782,6.932124192349319,55.84912289237646,pomegranate
16.400052333890304,5.379685963294673,27.464939876282383,21.140180647684197,91.92874984090848,6.851329999249653,114.81753514400815,pomegranate
16.671532675532266,11.845082189125836,41.2428569485085,25.744224671744064,93.88468351465758,6.515238206960315,92.05493987677487,pomegranate
16.735249220839595,7.2510532018098335,36.84733666083744,23.072201710359014,93.57587195064029,6.474440653492311,110.32249575800945,pomegranate
20.71653152500002,7.4204734343383,30.74607742357044,14.97824841075716,86.52425320961564,6.736572726633893,95.94177123920865,pomegranate
18.810964812870303,12.332156437061585,45.206894964226684,17.681868591335842,94.98529678226821,7.063675044677742,87.40300285562881,pomegranate
15.88081565179423,15.955453415730958,38.53146478744699,13.120888210192597,83.00159247633657,6.37531518741376,86.73914699430796,pomegranate
17.93288114681779,10.161981068417894,54.62254604034729,20.838184335088844,95.36270899786379,7.214380081018385,138.68619338704153,pomegranate
21.423772966927842,0.1835542608051295,44.608248654038654,26.193599551254163,89.59466447282291,7.372291935037624,127.19667122934915,pomegranate
22.84136688576392,15.431903556029189,43.333698512608784,12.028758002418586,87.50430524264817,7.098584013623927,93.84817319803408,pomegranate
18.882637473815304,4.7758184304846445,57.839225952017685,28.72596982967206,85.58065552429635,6.573649000194542,96.39011904471904,pomegranate
23.074723195156892,12.548415386211644,48.117055716132654,23.32767379083155,100.0,5.986038117494631,75.7879329112697,pomegranate
18.034548996492692,2.1600586721986623,25.075377299940072,17.994741383208133,85.38905547284186,6.02269094902497,120.36437900890823,pomegranate
17.46905469457332,9.102427125637599,48.94232774500935,18.934709900874296,88.67727050647639,6.682879993046458,71.16864398759557,pomegranate
8.075472455247088,11.730586643988614,44.92014280566899,30.256880539409643,90.79047437933404,6.9098698586290475,106.09054712828052,pomegranate
21.486136107925432,18.33628420874767,18.760071818743643,23.654465030286723,100.0,6.641017109604671,143.01145926465696,pomegranate
16.853939252352788,9.839762529181433,40.33524702388588,13.129635682564917,84.159110860749,5.951562460308007,126.44132156065055,pomegranate
24.360765528420274,11.620182213532667,48.24102896855706,21.343402349112903,96.00965834769772,6.504394221316036,111.15728094853513,pomegranate
18.672036833687944,13.42225238818214,35.78801183387087,25.905725508792273,84.33925429641997,5.950541872635903,123.74853510253008,pomegranate
19.557278927084937,7.730542919234358,48.90057732475459,19.57095434365566,88.99899372849815,7.19961397503558,140.782846916213,pomegranate
27.861991051351637,8.589371115330444,52.3070290498447,18.20418868892529,85.4654856263897,5.32477207368782,143.4573640379706,pomegranate
15.680100754619609,9.3673371012647,30.89675658071716,24.780660993320563,88.1218316964133,5.847591554783525,118.83325128372121,pomegranate
12.831349875948858,5.812971373422544,18.93110885373919,16.304167551209574,90.89264584860238,5.517731980948538,80.37708550756568,pomegranate
19.98815541933596,7.281965519534737,59.92036635959309,29.3355861840975,85.66038768624423,6.778568809201741,124.98565113758903,pomegranate
17.012605709877985,2.522292317508981,39.87701550691943,21.308617300743556,87.8211775151469,6.721158434082243,94.98540785988803,pomegranate
14.240012262104285,10.54541485174916,43.859700925688756,17.29342022439979,94.6404530549554,5.614759431111961,98.43773082568714,pomegranate
18.709957319011956,6.818881436740352,34.349395264488074,29.484297929232454,85.7455795548055,7.720610861235957,118.74253559462103,pomegranate
20.46027568655996,12.381201766938329,65.29927749251952,18.02562798427421,84.39791040531806,6.122566901714039,110.64286293929122,pomegranate
11.371144375937133,10.11169619659304,56.93547133413672,22.60562956249911,88.53657270512362,6.190919775658187,127.97023409103129,pomegranate
15.870836133809762,19.23197960299624,59.33359747714357,23.02700319464715,89.94242455961677,7.0153299041207795,131.89597004454652,pomegranate
15.970041344702922,7.36722433431649,26.776525653167045,23.63625975333623,93.33313941728446,5.825037181069364,100.89602190367683,pomegranate
13.263730412093254,5.506000948780812,45.510170602262995,19.066071733286883,88.49587021983851,5.686344136026342,113.73980419449329,pomegranate
19.778633400776755,6.355203749834189,38.10985702317526,22.721179522013777,85.92565925545328,5.7618687279991105,146.1114886537363,pomegranate
16.833636476448635,9.516199484065554,50.108397350203134,36.11622075028194,83.77756775055568,6.724913606863255,95.84895429411787,pomegranate
17.306048477116445,6.39893989496605,28.74345032199415,21.834834552861356,82.62748656475883,6.973403783255935,111.10005872066749,pomegranate
22.1121748645072,7.669056940268885,36.327960657882514,23.150255620669313,84.17974683797087,6.321004782793332,92.80772972243092,pomegranate
15.547155947044928,0.0,53.393265894799995,19.253844987384923,95.81688027581775,7.034396160697146,84.28000586967013,pomegranate
14.55794382163577,22.802514796778418,57.50925941927143,21.873925946687585,91.28686553208675,6.184576798526406,118.6470542840068,pomegranate
16.414090496387644,0.0,26.78444213488949,22.08437099140235,84.34466382248706,6.466361267543233,88.50677921134275,pomegranate
16.088230387490032,14.265826532065958,42.474805476401045,21.961342314746613,94.39481986535326,6.740304296673673,138.93126582502734,pomegranate
17.700703688424298,7.8518251073624565,26.988907336086548,20.284077130510322,94.82384947151223,7.149993686131067,129.20610336173337,pomegranate
11.029040667252819,15.415726063303673,21.614813767279294,25.59246929648939,88.16107736714473,6.851266656966928,83.35103304210868,pomegranate
25.855838163530734,2.6751262694755553,33.315450891468224,18.00762148892386,81.2285757358875,6.547263783794234,146.12178235673923,pomegranate
33.33452611160004,10.485778935431238,51.16681275067522,22.92837855171415,92.49441597384106,6.32892567443638,113.90153850845205,pomegranate
22.687393523032142,7.107701355618343,39.22505700107012,21.76627952401005,94.13201658665263,5.96698391418616,108.96915582784698,pomegranate
29.560027345263485,15.820300762929687,53.49179048888705,22.09772736071214,91.60498781843012,7.001118083351463,141.20511059061863,pomegranate
10.241985435585567,3.4227934647507716,53.09444101402648,20.892442576924786,86.64139605370961,5.872919506502198,98.89966596911782,pomegranate
12.988153582880877,20.455471363662383,39.775639480194265,21.76819783294913,92.94038337583916,6.981172584633285,128.91776313109278,pomegranate
25.36810971953786,6.845772246045718,37.02133195043139,25.076126621769102,87.3630546918019,6.497446683986388,117.97527528849629,pomegranate
111.77777623465565,57.22319037629799,57.147456498889454,26.53255188429655,83.5372885543219,6.388465846177414,137.15830122238316,banana
120.30180471431805,88.46571662610296,64.43670319166239,27.582757969631892,80.1609254351842,6.436408541589167,119.64161902866044,banana
95.36400644892609,79.04823408808268,49.64903533215406,25.292134183079888,86.45230370688175,6.027599621265044,145.97416515397703,banana
75.6176159470025,69.43221227156634,50.326388366908716,29.27476219525783,81.99734686301093,6.155236377090375,82.45472414891705,banana
82.64587904155793,78.22504660289904,36.35894006181641,25.936244499421342,82.50458664542928,5.508837863861612,137.10711924723614,banana
118.35904516356835,59.285800016616996,40.67628756818013,22.4284455110101,76.08704318725934,6.383194238286199,96.72210115450287,banana
106.91195865423951,59.776656817182555,57.97975254581905,25.8897815441433,80.06084841141453,5.953562749303473,79.56902958215431,banana
82.70373502390326,84.67794469003427,53.98992157501696,29.100098083106854,81.6232911775126,6.071495317404608,70.47978762666466,banana
95.94449954858246,74.72615679596257,69.53107198272573,28.373913264197355,87.68030590854764,6.298768852947364,90.77393546101041,banana
101.75686324224777,77.36223646264233,40.60844430229318,26.23122524681416,78.97116503161413,6.802809916282559,63.38518949218043,banana
118.08727631074065,65.63204765040618,36.27920812730386,29.359884260076928,83.6594903461719,6.627259351190595,121.01403895091153,banana
130.89767502606102,80.58723836944485,48.435226238768415,27.685852754642685,86.21734564172982,5.610312337369941,91.96222834937238,banana
95.36559978103139,53.954172012346675,51.38078408417547,23.227742592097947,80.26529656466309,6.432644878067625,95.4624707871233,banana
125.15673805280306,60.39499100581512,61.91260681631832,28.350274112813842,71.41983375844656,7.355397149520266,103.72509428992068,banana
86.83773966766552,60.92912805215983,47.79981972340326,26.74518625522008,80.51322764269833,5.85110192188802,117.66450620230187,banana
94.18555251005131,55.65035882759529,48.506385043503585,22.265044693253444,81.76885315445695,5.510349884858682,108.267207098316,banana
119.71112472286906,65.51251304732,60.61256258512118,26.133220866627692,88.76597401032792,5.817423693400893,88.19014028986618,banana
110.30857675592932,70.64210270376364,41.58550485870992,26.044320298592417,79.77696733908499,6.671090065622427,66.31824509080846,banana
100.34620988425631,81.24903594654043,51.93448574991796,29.61973033886707,79.62827335120738,5.907724278907027,116.84659094026686,banana
101.48970722427025,71.0959126171953,55.1614403958638,25.69494341356671,76.94411423990337,5.7360029891171935,132.06138320332815,banana
51.684754660214296,78.95598834762943,50.34271814200222,23.63825908152376,81.54863389568001,6.237875995915766,116.792784627148,banana
60.22257905432576,88.66389411854439,42.622632953151594,28.373135493506354,83.70536890341143,5.5616514571903535,118.209199047031,banana
94.21760138631463,54.28622820661843,61.67741925527779,25.44991007396752,75.72753268630973,5.798467065981639,110.44473450654776,banana
99.14094383766846,80.4806692470717,36.60510633471341,25.51522725913853,79.42001463839233,6.948943646329353,102.72374923172484,banana
116.27833395492448,75.38555168784318,45.163413625624315,26.50655115177112,79.15790143985559,6.301822869480369,132.4922253515311,banana
105.39521271529482,86.87077678741755,40.352102623703146,26.17073898237194,76.37848732896167,6.1572222954374265,97.82083229641172,banana
110.94659405551293,65.68998288367558,50.430309733212816,28.37371582202451,69.67348612479695,7.060815653665101,99.33696230240248,banana
69.6244012948574,76.58093898576786,50.33443467973151,26.836211240855015,84.95595556463333,6.373722485713528,110.95752382047691,banana
106.75233450919971,73.95641550561913,67.75490849240049,24.041607963284466,80.69825837107949,6.03251231559439,121.26560812129186,banana
87.34219183862652,57.56327397603464,51.56823016098193,27.56246098443721,87.44799704723825,5.364818976837457,128.0938753343344,banana
135.51121546040682,71.22235112477523,37.09057780506776,26.18605126725326,80.0700248368569,6.281893937503457,93.17210540323904,banana
123.32797801221014,63.854676849919386,32.607948478272,29.213420848574636,68.626894843969,5.897935115563642,167.35362258416095,banana
99.81934670560102,63.7923234930375,49.426025362132066,26.898398422760934,80.80324970176558,6.33113149107981,84.21777663264521,banana
125.3132208285519,77.45114284372617,57.26794046401804,25.743701200488715,86.43191068497767,5.8714737955934675,110.55105026987063,banana
86.00340884219337,65.03068373597873,56.882053064528826,26.112786339585227,75.73088456247811,5.678408328986484,118.97906143434842,banana
90.56443208194584,73.82345068397836,50.15027750287097,23.165302227979403,72.6443679731324,6.168138944623781,90.25941277694605,banana
115.85087366920628,84.66807104250545,57.19168666355437,30.639543574625193,79.58455336128408,6.324440962951919,93.31198046807938,banana
136.78554869303085,94.83633652436019,50.11880434517792,27.773172459810386,86.79648799682403,5.926430247592947,91.86751858400591,banana
113.10984626510324,75.7843924608367,51.829944496452605,25.331457313864068,71.41163925818302,6.11807120493955,123.099240829884,banana
96.61289876385938,89.36429519558867,42.96083674584455,24.89059109006816,79.66384846401934,5.958703712324355,120.39937462670446,banana
88.37555763904022,88.68094236814898,69.66916962508253,26.921711946063315,86.24855210092159,5.47175146468737,126.50443082363832,banana
115.70914612839194,83.63437280189879,49.84436911129706,21.091502117515937,76.79136428173935,5.687041991157699,85.43490123879045,banana
101.833645068206,70.81036554478766,41.75387990234978,24.882399703504362,76.42243507257386,6.560749605924964,91.77949890745012,banana
92.27591940350091,70.43302384976754,53.389935138094195,27.912498977057066,64.7767173037842,6.510817606913804,133.72736068487507,banana
84.24720193957496,65.27701755265166,45.49746612221728,25.48799196108679,81.11963436973303,5.0267373568205675,82.6414478392652,banana
123.08795800262361,65.71780032651982,62.43428278102925,27.710676391180275,70.9536614270587,6.317664597608103,102.64665395614293,banana
93.1679941562539,77.44957093172005,54.746334855667925,28.415183643949238,85.89126423774002,6.204067956389178,77.48731822427277,banana
92.89531813523213,104.43048335268621,57.244910603817274,31.738574601622993,86.97717041099592,6.120901035777874,111.02814139562236,banana
99.45129940184731,57.621953841535,50.180472524682244,29.421349105084396,77.00180002589398,6.205976499530904,122.03182091786394,banana
86.35479341031287,70.48697135656336,39.820885095228405,25.355668786621187,73.56197358173469,5.549775769310987,133.38911361595677,banana
86.26784456364561,76.2645921906069,44.971312463290445,29.357731874073878,86.55581148301809,6.432034991069473,111.12269106205511,banana
96.53410694738652,63.081252958087504,69.43528881122197,25.480653964494895,83.3182317351642,6.529782786311698,93.8943900618934,banana
115.57018790973943,82.64213203338855,67.27963835381766,26.06130706714658,73.57067991360142,5.747255122277744,109.17707085068663,banana
100.87319090627585,71.0656210372545,30.90802541022757,27.940965992258214,89.861722395411,6.2321256190615015,117.18271038107028,banana
108.58667959232653,78.970466698824,59.31665966868095,27.79074736237133,78.43661415173362,5.602005544995623,100.02052689438649,banana
104.71194244675999,71.83917038877027,53.1433868313143,27.878300267400835,84.16589715635091,6.64139748441949,106.56014836957715,banana
80.38335152278509,71.5489590318081,50.44062567406599,23.32846248764582,86.94332260051242,6.0711889562552335,112.6270566916057,banana
120.48289693789398,68.69857169857653,55.7404193088403,26.78027175379613,79.07956566492041,5.61390380609781,138.31206427373056,banana
94.36749939886644,81.99464246895703,31.249926125280638,29.359977059379574,85.2610557797853,6.048717055148652,100.4611506772415,banana
106.00000008420349,97.8879066088029,32.36763301096515,28.564054775148254,75.44191348923049,5.990040801850134,100.04239761842673,banana
93.57522613303367,74.8953487094727,38.6582885472221,29.058360872255935,71.029282444007,6.269882256414171,98.46928294930858,banana
82.4361265928882,77.02383370598696,34.43048913293522,27.07942764343927,72.88561546094223,6.230636042158916,86.51285332739249,banana
93.23508974456036,77.93949387943162,42.27457888157764,26.884072000663394,72.43084749377573,6.315437801798078,140.2982761110154,banana
141.8831330186494,75.91168146666439,57.88204140797187,23.438748654185023,87.51367163152794,6.388114252362053,95.32133110097534,banana
118.55771200433514,72.45523923354658,45.41974816985444,27.950669850854982,74.6832275008484,6.510812382199974,83.88020376146314,banana
84.2491781526522,65.90310211591665,57.59500037516122,25.766449276960586,73.26002107816416,5.697160000032101,104.35915258639027,banana
82.28541274503422,63.48318890965656,71.11296334099585,25.278869192372227,78.38478815613496,5.816381499600357,96.57286384459117,banana
109.32020109953653,84.4814295047205,46.94045568468408,24.527043426815304,86.37220113924451,5.952329454401658,139.60643629714338,banana
66.31621153652256,76.9540322128332,69.18606333876208,26.293471729123684,78.87253288332683,6.147755845795169,93.82408362230086,banana
95.318921019209,71.62184905808597,43.72579265573627,29.45771310040112,82.30539016148218,6.125314116051651,121.17142013780233,banana
96.03466250194799,67.257961816471,43.973756953854426,27.00356608220922,74.70394145813549,5.749869491706662,94.67766716257131,banana
131.8683434474352,47.261850600660836,48.203802785943665,30.45138758562954,80.60922232066227,6.376708736710547,106.99652630199536,banana
89.9899992817528,52.58084065491087,52.05455687036303,25.448786790795218,75.99832296917349,5.750506372010444,139.89722813246988,banana
136.07256313380958,77.17207937528401,45.35232776088272,24.64554716509758,82.34270080773035,6.891452800032572,100.05319225949687,banana
64.31505938870163,81.70049671815524,59.853997114500494,23.828308719228303,80.88242091831476,6.225613008068049,103.53785395982123,banana
88.1384362137197,85.15937223563556,45.966202540313176,24.029627674600135,69.7526275716516,6.630424759999655,117.33327952942237,banana
101.31960320693753,70.59725363149197,44.71001585796873,24.84852670311678,77.84272177720058,4.939956392439913,90.27872693062972,banana
95.3359372547336,81.09880047190418,49.60073536626636,28.589846227751117,86.74567552556715,6.5290850469120505,114.41019694757114,banana
100.17794018771177,65.19211991586441,57.39944051379317,30.35949476444306,81.71053019825209,6.958629574213061,74.48856583877833,banana
82.68754922830688,83.55201507748262,52.64290210153251,29.627564353143615,79.9226417963663,5.566012288735834,100.72813515589915,banana
77.00974043614399,63.714093269029654,59.724439979180104,28.74557482893922,81.81502142403039,5.139461239519766,97.83192848974222,banana
81.62500167009924,86.76533253787765,44.16277866437399,24.828504578436903,80.14898082560713,5.679922771582694,134.67487820407413,banana
88.97783653698714,61.00771740775369,28.470864842424845,26.93842699517317,77.19034943071037,5.285547696744136,128.7845292251157,banana
110.00867721143862,74.7178212106277,63.643262441708664,28.325072066797226,75.88572049240784,5.480389918004617,121.35963088907722,banana
105.94550434701027,76.69747767970662,41.535021971310925,28.215895134011507,76.22250558433025,5.949006672703161,133.9388829277396,banana
90.0874864628478,59.27010742927139,39.4745280812989,28.988597653375248,81.27365568690105,5.935561310655623,94.81812389376861,banana
107.28039861329785,66.50895149009776,53.05665568642596,25.537490862374085,75.51170307362473,5.681256282587494,97.49185107032076,banana
99.26755246099445,77.35455795111115,13.11634708571556,25.38469888450647,78.0421501132198,6.752531019304165,83.39994783235736,banana
102.44194927149869,89.95030309735837,36.870314700527274,27.787950451728804,75.9886408303274,5.747683128855383,88.9377833209337,banana
89.02214037376172,102.21912147906494,58.44455872071666,29.203475723572417,82.45996743418249,5.196871605799021,112.89915940646614,banana
116.0939442176102,66.46600525960889,59.65326667161126,28.408672419708157,89.26020022406836,5.791108493743191,83.04778035448547,banana
94.57557835941182,89.35570993163623,31.71594119158037,22.863248569137937,80.44697639465807,5.778705353612922,105.15455786351369,banana
114.17967656853799,69.47430653881148,31.269941690693795,31.08896311439989,75.01385856280612,5.470481438993951,127.07440027445193,banana
94.23266318437723,74.36610147965189,54.82790124060318,29.167166206219992,78.33269653409114,6.759976002957149,62.28400302530389,banana
111.39680855429616,66.60472441982343,63.72271316607991,27.28408895766109,76.635473339953,6.331420546510817,122.86376694414503,banana
109.62841184287957,64.7030376036694,45.15982876377915,26.99185432575713,79.7937017367497,6.374872737719174,64.70197534986784,banana
105.01490581830255,72.1001864556336,41.61499383616048,25.5150264444608,78.92731167741019,4.199457447770241,90.974208584169,banana
86.8627776303056,80.32783209322625,41.94473317489479,26.56977239965902,87.71138313830652,6.497175759907711,123.04542799886906,banana
92.50191354383722,80.43032279289652,47.66102199546406,26.607813578646123,82.04842671873274,5.701503205789534,134.86006208886408,banana
97.59804790603094,81.18360566259665,64.55600479257298,29.063307549150352,72.95540448654738,6.222447947504942,122.01438788921294,banana
24.459315110803743,19.09364132708295,24.743718103861408,34.983674707224864,43.90591703453883,5.650151971667842,126.51751619003939,mango
19.76100374807605,22.185806897329257,22.979061145096757,32.998157988755565,39.33481593218233,5.676332018051791,101.66461069980043,mango
26.495749102738337,33.34038464295997,24.28747905614257,35.53525795269116,47.60387969962018,5.182148488975296,91.55917281469056,mango
27.19084600572851,29.321920400519403,30.10017491463829,36.91163493410856,38.54916122356458,5.157200442973614,62.683070580663355,mango
21.863240932400274,29.331945016920997,42.34189093823821,32.73042523141031,46.76674272416558,5.800897436439054,97.35414836921916,mango
11.641193633359165,49.682653154679144,34.15896814481529,32.63002492406777,54.92131187422864,6.154705490293303,92.18893028995137,mango
16.843794318796498,32.795605490573635,33.085686724251616,29.570329702731776,61.35228489093811,5.946676018161492,109.59638724535262,mango
26.959604438399595,28.17511056931868,32.53561605587292,34.43008171551835,44.201111329599584,5.827025831423001,97.51097173302297,mango
15.219707241583027,46.54109430939103,18.74165245206078,28.105688288938527,60.51381260562863,6.156633125398271,74.48070365038444,mango
23.036445075508464,39.742803559978476,29.757895539224116,39.79646870022375,36.207505513055715,6.146911726929551,118.33056672442007,mango
24.456719508026232,26.365154186834815,27.676468143910803,33.33243551326177,56.52603589321656,6.101236718141181,115.80115781586778,mango
14.905650214666323,26.177832167010923,22.479872543009968,30.841661671741576,58.12176713451444,5.853991960362614,147.1371832629954,mango
20.967031835948585,28.47753504463789,30.84946335552173,30.086573921420193,49.53730710097925,6.363894013555822,97.27941336255545,mango
16.03270135058264,20.59932303617092,26.398384866673254,32.22159030323264,59.5486922838101,5.129755679316782,88.60347444222488,mango
20.721550097175395,13.330353858964523,23.33121373626875,29.96033438079144,43.63223700919601,5.895944772510823,91.78880780996406,mango
17.22356948699482,31.42370101242108,43.784597741169996,36.91776955022526,34.617825823501306,6.08853609191757,91.43953419872324,mango
20.77577671432678,24.813735731659612,30.94070903909762,32.45422218821606,45.368385941208615,5.35181622608741,86.02608634761032,mango
21.171296322283826,32.791970733474116,36.826791818721176,30.517429930799263,52.27075653842189,6.281251295976649,118.31189790288256,mango
19.70583572934239,26.2325462004831,31.52899387069114,28.550877581307784,48.45112391171593,6.172293199236565,107.83894258887402,mango
18.648661978180556,29.741745608697332,23.4027972776745,34.11047644467507,49.37742851090822,5.662024274151931,87.76552327813226,mango
19.68553066550071,24.41697884054433,35.26514428802051,30.814149355951457,62.74371276821905,6.532605251740691,77.16913020290991,mango
20.348521347146402,22.79474702931044,27.386819494491107,38.00728240293439,47.53942866307361,5.980113018538714,105.82642588016557,mango
14.996853137583797,21.159236204726362,20.35182102873505,29.342087798306668,27.199759125462542,6.072291200396814,136.0838768251214,mango
20.739103695182635,16.669849125275142,24.857788936800418,30.62336946492501,41.859321782292994,6.230091319197578,111.20520088750668,mango
14.222741030911703,33.800648355580066,42.214501308618125,37.70767461568868,72.9216961846877,5.349003675278401,151.48440852790407,mango
18.228968057456058,23.260276356955885,32.616578999022764,30.253815997720963,53.19235312517221,5.1399614061313486,90.22494795873132,mango
26.427911171808397,27.54350966855075,31.13276629391906,33.42577581415193,59.36529303454128,4.972387643905283,106.6904810367487,mango
18.659304303791185,29.33310316249471,38.47960135809901,28.41744004576447,41.89884446845528,4.832285020143097,84.01682116472448,mango
26.652161721894082,27.035302492212242,19.279000834761714,30.54296376627486,38.09710637207502,5.237406949134419,102.77637820527427,mango
14.130633368469855,36.90107444162641,29.431037673357313,32.256784111833575,47.773016259136845,6.186423919271862,110.66319775554021,mango
21.675271759560857,32.518312847261186,28.303282640636596,33.626609020727145,47.296977796209546,5.801115811081201,89.50712501267405,mango
17.71390730340402,22.487105618225677,33.74152083087108,35.93181773844039,59.368815773356474,5.171717332027282,120.78406102813747,mango
18.409207491910355,32.80586412116473,22.75027734362231,32.42593974162202,52.509785463175255,5.0576976040401735,107.16534332688379,mango
26.729675039191577,26.602816434546977,40.881345046624105,31.430919519642778,56.79667624837294,4.69071501702445,143.3755555862693,mango
27.477291226214785,25.72299596597057,14.223287786849456,32.86408510491647,38.44859562340994,6.022426768778744,103.23131438328564,mango
15.292984154989876,36.96773618891502,36.444597622449386,34.927470011865694,50.070861629351164,5.092237966543147,114.55744544422275,mango
18.648143004321042,16.881758854458646,40.81631492779461,38.29822256150753,49.67001496816638,6.879560577301646,96.826294572227,mango
18.097720479168245,22.95633236651618,43.09665926394194,29.659568355836683,55.8821544797999,5.520418082470396,85.79386474851273,mango
25.151248469847836,24.95970522968517,26.761636964637653,35.39841409152442,62.77917834577298,6.1223449016421165,81.90460448752101,mango
17.446957503512103,28.6393221099203,32.56744049540526,29.036402269580684,55.784303516638914,5.8427566648198,60.685833627237415,mango
15.355367587696348,23.96697061078669,29.417138489271558,37.667836386511986,51.90537044911703,5.379614055050688,99.41261608614326,mango
18.239561262730597,30.598065916268332,34.644541496284916,35.62769194167181,49.80570803463979,6.619480263799916,113.16045325072383,mango
16.46280227593906,45.67884532598771,32.61595610616078,29.494626488083295,63.22330440984337,6.8388887925992226,94.33949472560879,mango
17.48174869812202,26.621000340370703,35.7178538201416,35.83356996509154,54.56389864690859,5.8508616042358845,124.96023540608854,mango
18.43581763474239,36.247354706935255,27.695497613189772,33.29306887403268,49.09149948167639,5.772073908673595,87.4522696507558,mango
26.724270155903472,22.13659169513172,24.078141979610333,38.36298069753533,57.82278051723465,4.607443150653482,83.69482521579192,mango
10.940053312189729,20.394474452677958,4.891882670127682,31.589031266918173,40.86446544670951,5.829952628398219,62.497574822349506,mango
20.4145592658602,24.68066977503738,42.01562372150877,36.23407058523688,56.282764824082264,5.636693109669394,134.70760790520586,mango
12.234823610800897,16.771530963490697,29.329735200887484,38.76211432676336,48.3812887450393,5.708377378395359,66.16179287776382,mango
24.72964792635189,35.62541003463483,36.31260161119928,30.112337981457912,44.346345853015954,5.153438874797515,96.67745003521867,mango
14.597963353607492,18.58066795800569,26.610474264714593,30.532531474447353,45.69617176942436,6.033222298420131,96.58095604300559,mango
18.55921984744441,29.464103426491857,22.067783671162942,32.315835871729035,51.20481994275707,5.0484765703212595,114.91387508740723,mango
15.592831473865022,28.72247839365148,39.31529392428216,34.777030273141605,50.27466710855068,5.618750498558965,113.95023817151134,mango
23.3734748890431,23.053079839646962,23.640850823986476,25.782934454912006,51.2322547334687,5.7586511274908005,117.72382749285084,mango
21.795275467401833,38.67383355338153,24.421086176670634,35.41445099290286,45.76866896716276,6.188798030896136,65.82483214938613,mango
21.175676496830942,12.12249646843272,27.86290011246596,33.32106198163374,45.83225159015123,5.274781185622016,111.92236938591867,mango
19.482686050765384,24.083434823754626,30.335167369234213,39.91000742583677,59.228022798252354,6.38128683409392,103.71092637984728,mango
20.832426362885734,8.83134169335667,24.568157228294943,30.558276760392577,35.00086348761974,5.221292104892283,55.38327058154732,mango
19.808380821513136,34.55012776679053,38.85419614899463,33.24435338623773,42.292829270411445,4.83396742074002,59.862626011969965,mango
13.655087113727507,20.889122415714603,28.722012016067307,28.957507345619096,52.71180714934609,5.683863248600264,95.2109142348205,mango
25.701252763356024,18.55814612639704,33.34963662633895,31.95808031457178,47.33210975224244,6.24262816043298,112.58028309114015,mango
15.26754602005786,26.542715329136605,32.249693460672525,31.180979755932245,54.68017065830239,5.940596008955137,131.65122480712026,mango
12.348604320351061,27.02051208202082,22.73197990790247,33.81232236631713,37.06262487963564,5.973156355112443,82.39903137303318,mango
16.32919066939493,16.4280143716745,26.27939243039195,35.25350159087278,49.798490531764166,6.113840208937237,128.2928364393255,mango
21.31877792411288,23.529603423501275,33.73801772146232,30.367111561057126,45.96461853362264,5.040053600190507,113.52514982168785,mango
18.069987121752803,29.456785966526898,21.712304571146884,33.307842889146414,43.90447009491933,5.729145639149087,112.55652062478252,mango
23.953796561162648,27.823759419864476,15.854951738346253,40.97843171018192,63.966871762185086,6.161337412444149,79.93592436818058,mango
19.432039191490176,23.652636561787865,40.11084751277111,32.787508672555504,43.72668913312134,5.564622450437609,117.4237628513981,mango
28.00048923410239,40.226652507889966,36.056256520431816,31.24212539359209,24.067889397367036,5.94858001190411,94.96342482311799,mango
20.699910481606768,28.43117877626565,19.389902704406744,33.67222567055356,55.0577305122548,6.1411693910298295,113.93154007146774,mango
23.020258224608117,24.719764707688714,29.43330521667128,32.27337460176013,50.86159559285295,6.299108827985865,107.87337506044982,mango
30.386717197849766,45.65175183907738,30.6371966609114,20.490033354621893,59.89465972901813,5.529811830506473,78.97032156337985,mango
18.007773625053165,24.42685562548315,34.89815848084314,27.321692662621324,41.378234033667184,5.971579277098708,107.45888060826616,mango
23.20770822468006,21.703709768533606,22.173874805870078,30.480095498636242,51.9189820182778,6.542738684636275,54.051256284584994,mango
18.89635621520817,17.338572471798372,16.78205858117208,34.900869936034454,54.35699659599471,6.024716757973631,113.42051679461987,mango
17.60140551616932,24.538899869331775,47.4858449337806,31.260286837221276,55.88105690443273,5.803190770481657,58.0348293984317,mango
9.776854980993658,23.368126240480763,38.44881001335991,34.36487496990801,57.312617313792266,5.306476910531842,127.31744980244628,mango
15.175533499068077,29.702595189359748,29.917181680738107,31.47837853905624,60.70873710636485,5.447444739917019,68.00789488576143,mango
20.099977431032098,24.801386125707786,57.01906335266116,34.029522429319925,46.72527539825101,5.271944215406457,57.3942317886243,mango
14.873904571312835,28.919534174073053,41.418629212758155,35.36506742716376,51.832758653171034,5.638416167148757,100.37624712824308,mango
17.40681001257712,41.74691196611101,28.48647854979936,31.74098642525982,32.27342059983465,5.702282576738618,111.72968275929883,mango
14.661387114807274,21.994237324057497,36.34168814186932,27.57002832944584,58.46240806033535,5.533928054913448,87.22863559017594,mango
14.38060797437203,31.024370083423065,49.67897588023504,34.344491718381896,43.085717904475715,6.367810292745737,88.66640908131501,mango
26.8724249071378,34.4534112173149,6.454867476226134,28.987761101134918,57.55508178268312,5.875828636072509,74.52488104584299,mango
16.832052422530936,12.750107039284956,29.293013699788833,38.632069178047296,56.439467125858606,6.895208500594212,112.6479417957996,mango
25.137396716763458,43.79262950196019,33.01810607473781,31.43831803547936,58.2612601329761,6.526920118560942,85.40070714575582,mango
16.392154588299853,29.110848259447042,36.6519909354533,34.394273145984684,38.60665919849921,6.75580303353166,82.176701412063,mango
18.674675015557103,20.778765120097443,51.5866306874967,32.726212010863904,43.19219935454748,6.231961774981222,110.38271558620066,mango
19.06136488210058,34.72485370226707,23.397664313353083,30.52124517515224,33.91826676347149,5.138024457890219,131.15261611341373,mango
28.20714313861157,28.5263091891917,43.3034515775187,31.519776540175087,48.05271757945674,5.828255324232778,92.50156809352869,mango
18.924018382199097,37.14718485719642,31.201085231649625,34.13744529330141,58.25104420221865,5.994092897827366,75.59457348183523,mango
13.235670555179805,29.190245078458442,28.629949561400522,32.26217428676036,49.87156768601131,7.091786830083283,68.39547488717324,mango
10.050268650894376,30.65901466815688,26.98861956329444,32.948203609189854,54.67106417827201,6.442052347589448,64.85548359232124,mango
17.216410510714184,31.43009007104611,36.163708765497816,38.580348650865155,57.64563176891094,5.771605702056862,77.19128494114676,mango
17.178550736404905,23.258377416343148,35.24186902811009,32.770992336757494,39.41080343326257,5.582049265454783,112.55095106902841,mango
21.758311774870293,32.549156928102164,33.063373680458106,36.87929220382658,51.88834451059496,5.606988601064651,76.68489917732879,mango
21.248047291048557,8.474367881799328,28.525687985338305,31.382480420235968,39.084233171061754,5.335867080672002,111.19315060296482,mango
21.153558745374813,28.81430666965862,32.45078027145618,32.27788276384677,59.942900502866515,5.8617145908518244,65.83573772362499,mango
28.150649824372053,30.962722138630767,25.285970153639457,28.239794845114943,53.16731376766436,5.7414139975128125,126.48293572064817,mango
18.27046359666586,21.300953682540264,37.16636974588743,34.775845678150496,51.34921094088156,6.138178523837454,94.24625758515525,mango
21.169325505046235,142.47486323845885,212.50636668043006,23.3229022466695,88.76181272963075,4.817572313604244,100.78109967132903,grapes
11.470204525546324,115.59360762841555,199.1816492960986,23.414077317087354,87.03205520013277,5.4710816906948825,73.91150226224595,grapes
17.10893950890123,129.42711469006125,198.70455480404246,24.37174261073191,79.25037583767828,5.744968024951959,74.3090877104114,grapes
24.718577528780223,116.02580998703229,182.6246491085418,26.453840662687348,81.83748053471156,6.415249066992976,56.41304179943279,grapes
11.102805372882846,117.00493877260499,184.67294781469968,23.6848463996788,78.81577392864806,6.370508475668225,65.67774606366225,grapes
20.752372493869505,127.36451837661416,203.89910184824376,23.903483558180106,84.55300345205157,5.602172433087096,90.99126889980825,grapes
18.817313083157323,105.32676293151977,203.76146713983547,20.59527807021006,85.32667267254438,7.104802788021189,58.20141862663225,grapes
21.661861666119925,98.6674161694306,209.07810458882693,20.45714480080124,78.87582690782759,5.449356755080086,80.98226839082103,grapes
25.03652178736631,125.35077821987761,182.7114658932856,30.35809214441545,78.24794936122672,4.91898385003628,76.87583514935602,grapes
14.476126631792416,139.82913190248763,192.37724606653163,26.414852962176784,89.00750173276079,5.395570567689639,61.51094303661392,grapes
19.621644636714684,148.06326978551516,186.8323456411911,21.62198521620397,84.39070287777905,5.711385637144715,72.28788824346425,grapes
12.242312895159365,158.21494913834894,173.04581539381192,22.712989184039166,81.83759482078953,6.956344067178398,50.1273132860089,grapes
29.918520677393758,136.35765231653033,208.34190648846493,20.06146525192818,84.85570621019036,5.6382566887901,88.99991879797619,grapes
15.144689854461333,123.30262258315874,188.89453823973656,20.049908150292023,85.70659908453958,6.2677293737048165,88.13515298351496,grapes
11.100624458959164,140.96256053511564,250.1089781071379,22.19343564329221,91.47574306054484,5.868419363970086,49.413853936580395,grapes
18.471837787966024,140.72305951512914,183.23647035336938,21.59864536397405,84.96769716146595,6.001530058369286,78.76934428730111,grapes
21.18914770379168,132.19437979327358,191.35397628380917,24.92692376812157,77.36313497152034,6.644216811251694,60.48587924774029,grapes
25.64423743774695,121.49589558525702,204.03998021514641,22.020141796437198,76.92002284415986,5.127619806197349,54.170137621113106,grapes
18.380455733920392,128.17818768243325,220.20758626566527,22.216970160812604,77.59019617866413,5.278642606998644,77.20095426856156,grapes
26.915972576646716,143.99495401934433,214.19865496294474,26.554173269070397,90.4881188985467,6.1660407307084055,79.69194514036258,grapes
18.396080690740003,104.56934943717863,186.32302199000847,23.96336384586138,82.30392686250651,6.963142927427697,71.21915751386604,grapes
25.89421722012822,118.47384137635525,193.76648228469531,18.683969451106208,78.28835993561714,6.2634906956818766,70.113402705912,grapes
24.71469309948617,127.71880922517576,192.95092536724516,32.593187455147834,81.53048215643476,6.581500484852652,63.98186190182984,grapes
23.547997396917832,138.9202348872753,204.16983941151162,14.582068309213591,82.09126230428056,6.615230023879988,77.91221249541596,grapes
22.229194376146232,99.1661459906372,185.5908985864988,25.645430524605757,84.05191638393445,6.607333390066451,67.82699867280859,grapes
22.029120433369073,125.24561362896941,180.26114526996886,14.97683467562101,84.15504846065038,6.086973604206405,60.727374368497465,grapes
11.904134717420675,134.44609271613106,194.68159851608897,26.22749888947258,91.3202426520588,4.929284559840148,59.50598786946454,grapes
18.953121933440435,146.82239261219976,167.2719396158703,31.743444102722417,82.67927950783145,5.9519996691330705,67.0291035517164,grapes
17.818684839099856,140.7217513890373,178.6295849183512,25.381656726575414,80.07909167146512,5.618933275742951,108.78962763525843,grapes
22.0952536737673,134.19898316991717,222.75553561337324,18.31460021872581,90.76145954561017,4.745521410752462,58.46850384942219,grapes
17.7048416341055,133.7258504745576,204.37436532282976,23.33274103720643,81.94001327686138,5.510988488238716,47.5415140827374,grapes
23.6325581116803,135.4055916880428,231.68988750314116,20.839931612739168,85.46407605150462,5.858146635817634,87.85712477790223,grapes
25.109813883390707,128.16814098836684,193.20939686668027,27.843728714433045,85.23452261628283,5.657779798956908,50.08301989780854,grapes
18.55733549659102,147.73120723022313,222.92974317466076,19.55069012131768,76.16121292050039,6.637341924839744,52.965461428632565,grapes
22.54647661821004,115.75893176995514,232.34089849043366,20.918300803448485,87.71680765102914,6.092429327030183,73.7829228135143,grapes
10.148457093242996,91.95629970191422,195.58868119465373,24.987624253666446,76.37401086131138,5.455653294761829,78.422089447392,grapes
22.814272402285653,122.9338840941811,215.6040344237215,19.303190817119415,80.22032541456515,6.823938802891837,71.02483194909726,grapes
20.631562572934996,159.5891987895161,172.0131566830246,27.18572146656844,90.3199313990405,5.8375710367507265,82.89446180282269,grapes
15.089902513945475,114.69901406648972,207.69932832095267,27.194266692442362,87.60468256203123,6.784814293469746,68.98830162167226,grapes
25.96805877586294,119.86542734826277,218.04182623176536,24.82995519140873,84.22838953540962,6.211753937011019,45.92942485303281,grapes
14.379390705696133,126.53812159726283,166.25441840717662,27.324844412799024,86.35777983144071,6.163585276438895,53.18298980863116,grapes
26.900694694342576,155.55815959577538,202.9415365489195,26.042141513804946,83.00869327398021,6.2651845944994,68.20661865060406,grapes
19.827178800780985,138.58576400746048,246.91248323792883,18.399715062393046,81.48093757798516,5.409769757383959,93.88037347864125,grapes
17.06131015340051,103.3519880932131,212.76373997697146,30.977244458972443,85.31798934280381,6.102398938640959,76.1371138416399,grapes
27.07420331412777,111.88701094978775,197.76305791827374,22.189239405961867,76.16067346354144,5.835812370291599,86.61581643973673,grapes
22.833010741963626,134.664657501623,202.92951223306636,26.093295130914356,77.99704828825948,5.845245057036386,72.88006355453015,grapes
21.387579294409452,129.8028178238281,197.23329435967244,22.490306395478683,97.78885641522149,6.453393636466199,76.19721213928933,grapes
18.83395750896803,118.23171759584186,197.3839881254609,25.171315374346733,72.59782227968459,5.215305202312658,60.44676416591564,grapes
21.035697183892843,121.41090279272223,229.56242452198967,18.070412852016926,78.24327265198315,6.760045870495551,71.9667898701272,grapes
24.424212914005793,155.76870414904195,186.12391164196356,23.60274264883187,80.63786549534564,5.0227034977583624,65.34404794366047,grapes
24.405310936903327,133.1088431271836,212.3816633877602,22.497964077442003,78.7195138199718,6.63462783594931,62.54024280463496,grapes
21.47041019396607,127.45002021016307,229.23434032514237,27.88564943068944,75.5237068966644,5.40622341661248,78.68364727103702,grapes
19.67831176310417,118.17242324069355,220.3125576798894,24.749837528355645,82.26228693444722,6.389914320377525,64.37336507584654,grapes
27.84259492736277,113.17928565150488,213.13858132684177,29.735331354639378,75.1135225536395,5.828332412073776,87.13311089328337,grapes
25.786222738655127,122.4275659941764,185.3065781264628,27.823743289323048,87.91774551290803,5.4176683257438025,51.941295265504294,grapes
21.126283409918,134.44040950143338,194.0186182953989,26.717175279929396,78.4493169658131,4.942653200463132,63.64148391501106,grapes
20.316160732565507,120.86240060155315,176.8279347268103,16.73740409648473,79.42955597816051,6.448827885824872,88.84296159120524,grapes
25.938566920692274,112.76135697277171,176.92587352739272,25.986538459919583,85.17550005798962,6.200084802600249,39.78905088643355,grapes
15.665577075582668,124.55466814571032,209.74436389260853,27.069229450409946,82.7212676114102,6.165391903269118,71.27298187541656,grapes
23.428096871092414,129.69298477236367,201.31475320094574,22.926524803450476,82.40645712521241,6.242295689419637,74.01213083347092,grapes
21.904132091726268,145.14082792026778,205.30327845493176,21.40400591810737,86.41803392997085,5.316900831165541,53.77879928891069,grapes
21.679236323600346,132.74595001679867,175.0989755299201,22.468730076053,78.9695808389017,5.756661838559202,84.15396664409418,grapes
23.532527317736264,124.71316730219439,189.08076145770144,18.60140131911944,89.10092469390975,6.296056950142459,59.399963438902894,grapes
23.597997488124456,123.94664569138061,194.25780990275314,25.74084611315841,78.29250875043637,5.828121740244945,71.82191596299319,grapes
17.502744035573933,135.03627815401285,237.3813300735652,20.98280746957143,73.67437351847978,4.999129916261869,67.74297787757527,grapes
16.684177049369087,128.1179075160062,202.65195344052202,17.587132613543616,72.92558085259297,6.147966620173047,72.03143252079936,grapes
17.870910008167243,100.14284622301543,209.4278252552998,29.087598181695775,83.38991220109462,5.576263054717468,70.66828248356727,grapes
13.169429595331575,140.8694107075819,201.63688669059079,16.92737235298707,80.49662819778159,6.231650755117116,65.00428568536717,grapes
18.62052139279913,106.63396689429092,211.33081974163312,21.40612319992345,71.21777311497483,5.814371314664803,84.7172457335553,grapes
18.065352767000263,151.0697747768528,208.57935897097033,25.355032649121465,81.35800867041196,5.965856896117855,66.04864547320744,grapes
18.48865303958737,132.96300743100724,181.2833754041887,19.69642468510296,76.38402474562311,7.022827273838577,77.9551435250587,grapes
21.522461008400725,109.13727994559852,212.46684601349656,23.533714614186685,83.07084470565874,5.511689842068222,72.40403286126364,grapes
17.880832308967584,113.51583264454719,214.68212671614498,17.84916876587999,84.82388132157075,6.342243066776498,56.80534486673139,grapes
15.898357694337662,121.65461478100397,205.6407242092444,23.388580032743096,84.1678123009594,6.8814898262687,62.38424846275429,grapes
11.424100146482898,137.3888537454598,233.6662915185506,25.571073452204498,76.56125662323166,5.938053818382399,53.22214773682552,grapes
23.21427746981474,104.73064395952349,193.997424263436,19.982648694824373,82.63412342567482,5.816829161431121,72.65143154875396,grapes
20.111752774831828,110.20011458413835,212.53754127058045,23.80493739262754,77.0573549606705,7.120463278102896,77.14645250075687,grapes
19.233697233003472,146.22806790052735,236.83631218773215,23.418602310744458,83.7369874321738,5.505998590998529,67.79210873847983,grapes
19.004687231200652,127.77240550432481,206.6552095727402,26.23931379531224,83.1882132814998,5.394628686685418,55.922993413883724,grapes
17.267961902681634,120.76639112115157,221.01548580944228,19.34824405258835,80.2129247591465,6.476504749107025,65.50183788255082,grapes
22.30207824921412,122.90686935608144,205.13566514649446,23.086109824761838,85.33532736364177,5.227471796296783,64.55031987417182,grapes
21.48286338347154,133.00542872009288,229.85905245507655,22.435901332537693,89.39740880930437,5.670488086670165,89.92969617316966,grapes
24.08733563349186,111.29812130551666,206.14078474503643,23.795056657871235,85.127922968375,5.888364205783345,65.39130661507403,grapes
26.845472913814255,123.51918658316491,216.52844648383532,23.0985940598232,90.33331629613761,5.660832685332253,60.78784703129223,grapes
27.622585905579516,118.32580413657121,232.02148612328784,27.567362318379253,81.22675146719584,5.093353263991421,69.71022543592247,grapes
20.508150267667123,142.5082659995656,231.76894352480224,21.26005128342501,86.00590881994091,6.382701078006675,86.10119053615668,grapes
22.49344956067772,95.86253463557345,196.8915513494448,19.377169700332338,80.98697113540963,6.490002118066947,74.57726253812459,grapes
25.740454331987163,130.12630881070308,174.03348120662196,13.916611973709061,82.74404380839795,5.893036766824418,55.34581390927177,grapes
11.49686375174311,113.97885179790936,196.1101703027045,26.66351129482556,82.9431554078399,6.804033623586364,54.465939159319085,grapes
24.405294460287166,125.70948114693091,213.8933824823717,22.253940546937827,87.35840186945295,6.147612379172621,59.80832522623376,grapes
19.93987985543406,121.4066621159435,209.78356701275587,19.280893002501966,81.85324148942152,6.197653626324666,70.49534960789549,grapes
26.73470622194498,136.6103416110658,199.85038406518507,24.86675638999069,83.47832775741,6.201649802083412,42.61513006503088,grapes
18.492368521153264,102.7334139770986,225.56561894918974,23.756601919988288,81.03329525160188,6.448398666016618,76.33487196174812,grapes
14.356827428103964,123.93641956208947,193.2966605354723,17.021868445575784,78.54861883381398,5.908229838991767,68.27573602762236,grapes
12.588842881613456,142.27498374571212,197.95793882217123,24.150212306642253,84.00320819169919,5.605961873048164,76.84533959699044,grapes
18.164626769909084,111.55121689029212,211.46894986710797,29.96669543520723,85.62414686742916,6.461488782570216,62.19054090156551,grapes
12.011901354157718,147.35206283149762,241.0902977880952,30.171227095078727,80.32107030510124,5.422682830635578,54.0147595327065,grapes
11.581337161929756,123.38932072384932,232.1135591616491,23.433349472511026,83.51161450174138,6.687798482152104,63.938570322514,grapes
30.177657283597974,154.8814161124618,197.37777322639036,21.68986294392315,85.48619023195157,5.826237528740571,52.65167174398995,grapes
26.406193267614903,143.2467108091562,203.11023207527123,18.948540985087288,75.85236874391308,6.053614644209576,62.50193448242452,grapes
94.88360601787588,15.109815775300017,57.33179317422558,29.13442804149284,80.04688388311371,6.362723372525315,61.38472543190169,watermelon
106.72117511519338,17.66190191293811,54.2053670590407,30.544327312316657,87.7000890086157,6.924866979035464,45.147275798233146,watermelon
100.21430817825984,14.554722019197376,66.12978170593054,27.18771084793226,84.5841411403269,7.050934011811337,17.120320155801785,watermelon
78.6664824773969,13.408171118341945,50.14108356253125,26.816540953372495,85.3220376121597,6.728378277841549,37.78395768510214,watermelon
108.55729129119536,14.972072641037922,62.205506039312326,31.040662883946098,86.22049221751193,6.609564434738871,27.152413037392282,watermelon
92.02882898292363,9.034589629966938,60.50319552276355,23.166996627731113,88.98170009874416,6.499351313214648,47.34247827327857,watermelon
103.73340953699885,8.044218138735786,45.709627519073344,19.885642282629657,83.76022896336055,6.30801274154051,42.26028515976381,watermelon
106.2530959388506,13.293159763952549,52.321945046423274,27.986245571348423,87.87780962915183,6.381977524077743,43.057155714284306,watermelon
104.6923335515027,12.868835549509505,63.97844307031498,28.573519134820287,82.29263496746415,6.459197487949095,60.06526707376655,watermelon
116.01996667088457,14.69484734352396,49.361221671686536,21.23793204271445,80.00531811877204,6.6090534057277655,55.13338369136518,watermelon
83.51980939848423,10.222848054446358,56.31224356971783,21.54632002747857,90.52498600902207,6.34898754057607,68.86419668864977,watermelon
91.99821331336149,4.866872585579105,45.418630101582806,24.71455563076804,83.05760046614259,6.413599431370755,55.009477245142854,watermelon
97.432309453054,9.669438030239965,32.90773600797404,26.17509404803142,84.55398351154166,7.144117192193148,35.90652249119063,watermelon
72.87557007250729,13.09034246965021,53.46527018313,21.974700938406563,77.35125522497954,7.114958692273716,71.21165585910173,watermelon
62.68814861940806,7.708884853717495,66.64192054783899,23.5718123266664,82.54693882986673,6.386896268948252,33.18654539347761,watermelon
74.42836383657934,15.262736553673744,31.570630937523244,25.741814356326266,89.43289746378825,5.919509480439537,36.13597396107393,watermelon
118.19768782587386,12.6644586011352,43.82714293121113,28.606747010083513,91.03267861727151,6.607621077206283,36.49759658189505,watermelon
93.79826944792308,11.43193371977695,48.11405170852512,27.816871534704553,77.35112959945332,5.902294588373504,52.71306667223649,watermelon
92.62683379289643,6.864756926511296,32.319432808256025,25.058637534394546,84.73622445999617,6.761391592780696,51.03359199681458,watermelon
98.01093882639255,15.885003183951685,36.8753269655145,26.609167656542727,76.64426417602326,6.164655247999677,31.810143010650293,watermelon
111.72913803177877,9.67294883202303,49.86496755407023,21.679801036811646,83.50153252033556,6.194613878676355,55.75182522281324,watermelon
85.1336329700258,16.64897182602538,33.24419550375906,22.580440502630317,93.38600254983048,6.3259445008151864,30.27682003393382,watermelon
103.28607343806503,7.623038788927289,41.64129744381694,21.712387567603848,98.84186802812971,6.399379239926345,21.116489595006843,watermelon
122.40564638508302,13.055354525552854,42.33533568980212,22.200642733941574,88.36736398079115,6.4012326690042185,21.11033272332348,watermelon
126.80859946907003,7.8300476889202155,64.95571736482427,28.835304873897144,79.99495227758592,6.9132759457452595,40.22836175204478,watermelon
71.99949119794087,7.877009169889288,53.97637501776279,23.611790056010985,83.4647582953745,6.957426417971445,51.59740970435138,watermelon
87.35052533072572,13.510151618336632,51.97675566954245,17.435185595613873,87.14176456885724,6.656731483086441,50.3018169437129,watermelon
113.37550871604363,6.638032078367489,53.36499788820901,20.299121886497943,87.03545191699416,7.281223878215958,35.07715471298688,watermelon
88.60296802018337,6.449922785542238,51.29998225801595,21.810891181438844,87.1062368934549,6.838735978187666,58.015208201806765,watermelon
73.47376861542891,14.975838325793031,59.3736741425368,27.490484117038914,86.86421124327913,6.588075725682053,65.48584097189595,watermelon
128.8527023140518,5.234797683175751,60.78125395794772,24.741348705977643,84.35163473985699,5.885387723847185,45.72815885726907,watermelon
85.04102563047377,7.680727852470271,39.018136162218504,23.65327483806098,82.96944821488299,6.53870196737552,25.778752065630034,watermelon
78.31722778382016,11.809571353652633,42.02561882929901,28.223589370689794,86.12634861007524,6.742704860082563,71.16038480631342,watermelon
95.35433782290141,7.127566472918621,58.71702585598813,26.528540691789058,84.0633484508935,7.056583186782377,46.81633535240104,watermelon
100.49160456333672,10.106113254171293,40.65406105101529,25.232756168459172,91.98380088699246,6.67798732615047,50.46595139598397,watermelon
97.57349078251497,11.654335142031757,57.49766628489185,26.82771649266926,83.34067569089011,6.629912637644046,57.19909611722418,watermelon
84.89207518709533,10.841152705918471,28.38696113697638,26.447601129463557,88.30171527281341,6.799018450314584,44.07429721745649,watermelon
104.63570252536053,17.119769227705834,64.13769648291259,24.91248190232032,85.6965981536478,6.944364457893773,27.487969771067377,watermelon
95.15386385984463,16.677852277683783,59.75200541684766,26.107791332949713,77.4708379733469,6.480035906783535,41.151269056251,watermelon
104.9655835422582,5.953266576025599,39.74276605025393,18.805404166949074,91.1090234248835,6.340091795422777,52.35718675553802,watermelon
99.96642825288728,4.662830335197503,37.409350885518066,21.984054622008294,81.38415780585304,6.646642498805522,38.06423504719083,watermelon
126.19735947391932,15.135755179465756,58.08359549665708,24.64102329258055,92.57140367860242,6.412797747551551,49.53107878768631,watermelon
102.54961809623904,13.50911520271672,56.369080790029855,23.57462416466619,82.33503140287023,6.755961182860834,60.72854875836849,watermelon
94.0997331276569,2.06405965160773,47.92683903991755,26.870577396477575,94.0270842320989,6.020816815063736,43.601431207541395,watermelon
94.15894657711935,16.779026697157505,49.65058499541367,22.278020321883204,87.7934764146091,6.338144591983621,31.634190899630685,watermelon
86.60840039085774,18.670209772113097,53.84209221649462,25.32328016635763,83.75053132093977,6.616859536847519,54.20353919003742,watermelon
104.3825324231099,10.574225451388765,58.687983383055496,25.069313038002193,80.11030582223681,6.255030843639653,20.314719597654317,watermelon
130.4022567406359,14.313772959763433,41.69929504870763,24.1544654518087,81.81561762896783,7.117018884549647,28.701842535936066,watermelon
101.71714088228168,9.45736078717576,58.26838630709114,24.687972316825913,76.20895561672282,6.399552866143024,35.417566730850126,watermelon
101.19369319834841,17.170885182601634,32.60574755767722,22.59933179380029,82.23653523108251,6.347347561834716,61.10188496157866,watermelon
97.39683373657918,12.079013628602226,43.74226956268224,25.68977303625381,88.88898815438857,6.207080180105165,61.72037179709772,watermelon
100.78559153091352,15.227301202411264,47.985800999230264,26.143733965486298,84.79696884160735,6.461515095183769,53.88395642338535,watermelon
108.05211203837355,3.7521754403799745,64.33633608817878,19.421010878350604,81.57593945130552,6.46229237169404,56.18533953628922,watermelon
123.64258791612068,0.7085425588744627,44.923058716102894,18.619499536602206,85.15810986955124,6.608673433800012,73.86193613256879,watermelon
101.80952141340181,15.220125647211898,55.83837081539059,23.694255408984496,77.9551962660398,6.610000919316724,27.618469742819542,watermelon
119.42810609004466,9.18968948981588,61.95177411511416,23.5593566976028,86.34425393200496,6.583739542933875,49.324338229836144,watermelon
93.51010729905111,11.9622800923526,40.73836736516792,21.371694013122823,91.21413446663414,6.7908671955568405,50.9883741290336,watermelon
124.97713573815672,8.661172406375776,63.22703219988979,25.526722254777464,79.87624624961805,7.23921607670834,64.86066269936128,watermelon
98.18468453485653,13.635856297669745,45.962965660020934,27.487447105178624,73.0446071735802,6.092079466522162,64.68889616430444,watermelon
96.25516692671621,11.037711474443709,36.53214337884565,30.54360098710631,90.95264821858838,6.419725912649868,43.929562147050106,watermelon
115.44406542129539,19.912352250844638,59.537602558113534,31.515408002189808,80.38824335469042,6.172245267800483,32.16588322919977,watermelon
106.62640974474219,10.87801774902185,48.48048876528014,27.427775884369897,91.16164302607332,5.889735036285263,41.045419581483266,watermelon
112.30215391184589,7.661306580707089,42.01793923641846,28.055612282951184,78.5524996513801,6.379368076883558,54.929660387072126,watermelon
91.39270129134822,13.915778280065874,44.31123024802631,29.225858480337756,84.37126851252114,6.768508054682141,61.190359294742244,watermelon
90.58689995883891,0.0,53.60755754663835,25.216865041374607,87.77913013787564,6.409389011046865,43.54358451798926,watermelon
130.1270951647255,2.638229692446111,57.33950478364238,23.276194425449827,83.32110691129789,6.373158866970414,37.94848588743115,watermelon
108.56836315354359,16.953217979749788,54.700136612466615,25.310145988636286,80.06779750450377,6.70673010632978,82.34524447593948,watermelon
94.2895806430736,8.12008210324067,44.38910869019003,23.531757296516737,71.27350223163808,6.662014154342285,37.31671735468079,watermelon
75.84605321812299,13.765949748662745,39.17982214958064,23.983992838348726,92.3322119559429,5.936313680790194,27.01102648103357,watermelon
104.03959284343507,15.747436820051842,34.25658282268037,26.223069210511532,87.90499769980846,5.676335806523072,61.9775200686083,watermelon
113.1490881976327,8.441072133719876,62.52346362298008,28.409366722974536,85.51558962858603,6.3194218438700265,35.407581611255644,watermelon
99.43654735950713,12.848794598520895,46.75823138959359,18.40749698421391,91.34356947288285,6.576089288737958,44.305632549847495,watermelon
112.85737582634933,17.62319298241378,21.980884305121084,26.302790949766216,77.86675394594826,6.699644202719576,51.91890803561869,watermelon
109.53589789660825,7.503761927526724,31.267598881808482,23.648895426229995,87.03423817569892,6.90615693147009,32.422530492912124,watermelon
115.40590640309526,6.760638551767393,53.624498815945266,23.4703181414031,85.91085313856051,6.85675105382811,31.594788840671963,watermelon
89.80141154879753,10.924812936710433,74.01583661030352,22.410430863499517,95.2006694299846,7.3017693214700685,48.540332739476135,watermelon
95.52771210700149,6.539674006676542,49.31797469667331,20.779841702321328,84.61880491339701,7.098752109540342,40.833724062849235,watermelon
96.38913544016424,1.4942976286637908,53.740620881310434,25.79344505485412,85.31851179882885,6.4132691799111425,45.60863121841318,watermelon
107.52850350551007,9.855916992056883,53.14971871555332,25.644948452363643,90.61713643547881,6.770797638950022,52.89292764725286,watermelon
122.7763304597827,12.101342645282807,63.04962688790419,26.820827825159913,75.79040460534229,7.021933905327732,52.02764362014004,watermelon
99.22067843648833,11.406741737447884,46.55016838042933,25.681086581166834,82.04061966828453,7.009708903493748,48.29617829568424,watermelon
94.2612423591635,5.375370921403631,52.68775789148641,25.561321300375276,86.94212306838753,6.089099244997948,25.982282017826407,watermelon
109.3838695375984,17.42320930938254,39.73646377610104,29.768323850685096,86.41955529368191,6.497174838179668,44.03676955181333,watermelon
79.23222970862506,14.938642579622998,42.24393638562397,22.6605799727872,89.95963154943477,5.746806621331309,27.1460328399775,watermelon
99.72798634737877,11.46642214502426,54.847346479689236,24.09460451981124,97.65184834320844,6.408842976493666,46.53820771845917,watermelon
88.04519996779183,10.619534082605355,56.149612320467746,28.61073416360038,77.55357867779891,6.40160186465772,56.700554162137166,watermelon
108.80586301891803,10.032743289022696,55.42423969532102,22.5731083212226,92.78952716159178,6.897051241191772,29.826083194022416,watermelon
83.87345427824866,4.76539124946547,56.77969970896528,21.1458167007476,83.3448783289596,6.68188175856671,49.00751098180348,watermelon
103.88331273569058,4.670986443256209,55.94854373397244,23.16036432257201,83.37690162801029,6.595092691162394,51.54617332296272,watermelon
100.3597002852339,6.246865890116222,47.004505888008076,25.00655077251111,78.12457383416458,6.314986813474649,55.8151981854927,watermelon
80.83845094231987,15.782908257971199,62.69613262599843,21.264548272119743,91.7880981652507,6.4425673645151464,56.27771838735582,watermelon
92.5502342180763,14.61522413613381,54.06094018848667,22.557540230207188,79.17399000017356,5.915879025916311,52.81912664649135,watermelon
108.58707117669604,13.254828393897206,48.82018905392622,21.52901063300691,81.58962600988109,6.960939455584771,42.73057153099878,watermelon
102.15126446022214,4.621747582125563,53.36583045459035,23.626946314962765,90.23356356887882,6.809423082482725,42.5644108013765,watermelon
98.10003958978506,7.244418799796856,35.8056680345499,22.42767271135835,85.9910866386041,6.630103799291833,52.22821855388958,watermelon
95.47400419062046,14.665333028604927,50.635419045609375,27.10976148428784,76.1311243389874,4.931039899352663,54.256820417571205,watermelon
78.62851519417765,8.93774148643472,46.97902958975394,29.762201807246612,86.99998276471803,6.5663436107194695,62.55486731950511,watermelon
105.52746380258559,7.711615035057834,60.7147593025456,21.67074961633518,86.61623593766781,5.880972082345475,53.05915786273992,watermelon
102.89484462659394,18.382274809573314,34.3502610655822,23.197338472438563,89.11341213287072,6.634126902558923,52.70457577006255,watermelon
85.65796445562191,7.045908259542854,62.450410082232565,24.845472418738215,86.87679848072237,6.4539246684894085,32.25371727125352,watermelon
114.00715639112495,12.516161922662482,73.05636837367189,24.953255861048365,94.46771876360144,5.8753824135852,26.258772541384623,muskmelon
114.64759883594746,0.0,47.950675257583924,26.31037079787214,89.89412810511463,6.554085060903742,33.96548565138076,muskmelon
98.00081927156266,11.027432137800101,51.143087530592474,28.005410519069244,88.73197208686368,6.843377840689158,27.361562945270688,muskmelon
105.92322235003867,5.967451854872089,45.4077960201076,27.471597406867666,87.39762591965345,5.724786269920929,20.19401655489146,muskmelon
107.83781149663585,6.734313050350296,39.811948024092864,25.55594304028699,90.63397273056407,6.258456414871959,42.32417161765245,muskmelon
115.81930942730978,15.12387056140864,61.685803642733816,25.003537391997853,88.33290615503829,5.957251883386378,35.6760490667027,muskmelon
91.79212316676264,3.7432190888035652,45.690037997801866,27.28418340485612,92.80523982108369,6.500380408284817,18.374555489011936,muskmelon
110.28484588770567,6.80403233124921,48.43723663294957,30.060322211510066,90.07453578816697,6.172259430567546,29.733344397545046,muskmelon
87.1340023509247,8.076039881979646,55.557421780428925,34.16227732430792,93.81621351428824,6.589055905196005,29.246412669381836,muskmelon
83.90214588899426,10.57798369339954,49.702335116635986,28.96475362111827,92.34952415742761,6.551879870966846,22.508262440806387,muskmelon
100.87913376057689,3.8608571697150396,46.80092721997086,32.17250064452993,92.95642501888477,6.3916315850467695,40.168986210034774,muskmelon
79.58747532548381,4.452722222768902,67.12711411276273,28.137882808146802,91.27225089113062,5.920318269961743,28.581570131160095,muskmelon
108.16689804291194,4.527528195825519,48.59724414449572,26.9934525039008,92.76793143925632,5.952299903111743,35.01557963610526,muskmelon
113.73735672396407,8.18412220633592,47.835812883616285,27.59073354916715,89.6650743409805,6.222628232705986,22.837837058603128,muskmelon
124.19302556060691,14.733091541652183,59.34654707336624,29.109776839013172,88.64801897320629,6.383403558169048,32.76390767690704,muskmelon
81.12603055949069,13.182766034366322,73.22609225262767,31.185449937969196,96.24208740668597,6.487335500176864,32.74345559011992,muskmelon
89.23220178468947,13.979319061706132,56.54388134060763,28.869733522112988,95.9480222591555,6.184486064861045,23.503539868210698,muskmelon
101.43193062037444,4.851945144552997,52.269319438002476,22.84320876113846,95.14086360328463,6.418654946626386,20.832856768769894,muskmelon
87.48439581557318,8.827104851904062,56.88259710772414,29.64321693621268,89.88338615816461,6.061584130948947,30.255189650557178,muskmelon
89.16478893077456,10.299548870397517,51.23754642524277,28.936186395180215,94.57481129054561,5.894814825253071,9.710725397916098,muskmelon
91.48829078157473,19.00764203916093,70.22174100087378,33.49353140669766,91.42105589671793,5.6871539672060685,6.2556871867852735,muskmelon
90.78942757675884,9.0096318492532,63.00625401055959,30.603416378627337,92.68221523697486,6.044062091623544,17.313763534040877,muskmelon
103.81191530607153,13.485254894198633,53.918812622455846,24.896206121180036,93.95200288637626,6.570364386840565,16.434668750478572,muskmelon
88.23518544549617,13.442479872807834,47.65492464854109,32.767441904909376,93.50338782819372,6.205347524724293,24.91835519687254,muskmelon
100.95075088956577,6.35804843379145,40.87411801822373,30.1041696814285,94.53581989112628,6.641512587821184,37.122544754590415,muskmelon
91.87340145982597,18.371353830355652,40.99078881445847,24.961943309894522,86.72012335355225,6.221681874469273,20.97022130536437,muskmelon
107.88905920381976,11.219454708102255,38.07026628980863,26.821821284722546,90.88561393673695,5.689607101215243,17.152426183893045,muskmelon
88.43779554078866,17.16812509910473,51.914507159573525,29.9865062618425,87.50409350855236,6.877685793205597,35.40881650419274,muskmelon
70.02482549283062,6.473416380420759,54.9576557301551,29.933165360614545,89.96451580853834,6.277800214778539,20.22095151163886,muskmelon
101.6562707041918,15.985892657309563,42.28957842858795,31.00246149330524,89.65498378295933,6.060949115001247,31.548756946745705,muskmelon
113.82904567011425,14.257049683813271,36.84202591781859,26.602147065783846,94.46896577600997,6.416616736225558,16.410457230420285,muskmelon
106.87476908688163,6.425963705042648,67.94524848392211,32.63452438725478,93.8122922790667,6.94440268190791,25.518330800987048,muskmelon
111.48156241562523,17.388601476510374,52.45498681794313,27.234438485457147,86.88613412546866,6.366746589711402,31.58738547649849,muskmelon
114.18450141351444,12.52182532859205,44.5870090503776,22.06953529315723,90.5143547059858,6.2782620515784195,22.496568262479887,muskmelon
109.27834535466887,19.9283820550742,51.23529201841093,27.349804632530613,91.22233456098772,6.449753906763086,18.37364991721281,muskmelon
101.80297838119083,12.254061681659,52.09686063574488,29.372625802014344,93.3012428280456,5.691241327101423,30.094961267163225,muskmelon
89.9347773150632,4.520804184980211,38.95548172145004,29.300624831417586,91.33227521832544,5.727212486405836,28.824302521538268,muskmelon
78.40587803801759,10.699106792591055,52.38498925673054,30.656731245085133,97.34505435940055,5.854129469639783,24.580209151495605,muskmelon
95.85497057433673,12.168748429804811,52.15668770933618,26.94236127179014,90.67729343416744,5.953419657926381,32.902892659252075,muskmelon
106.88806272399295,14.588840988975686,46.896038635244864,26.02949359391671,88.76505480011231,6.543567033496264,16.681654203774123,muskmelon
127.72994603449825,3.4617870945327978,52.73660119212502,32.70056412164136,93.79726927779143,6.470269484996712,17.252130824304835,muskmelon
79.27346217148444,13.85025054458793,65.06147240774946,26.683450028565485,88.58281547715094,5.416732227780393,17.153881250699698,muskmelon
98.2951473625144,17.99561620418367,56.73133692232969,28.91525621412026,90.7996410160966,6.166733713097618,36.245180780063706,muskmelon
103.01107811137584,0.0,43.264603521027574,25.42535190468512,90.36120797246761,6.6251642641140345,24.140440945646006,muskmelon
98.84701889494507,16.567365806626185,43.03538910213312,33.592598577662045,89.98607722588675,6.435679278645029,22.750371236777866,muskmelon
101.85128700251441,12.222959975365644,54.338352400888766,25.74064800813826,88.63125596765728,7.401268716362285,21.128125283195576,muskmelon
110.4881865800798,1.9617934473840162,47.203872800953235,27.61840184805267,93.4184452097835,5.311018343603225,26.329124904626646,muskmelon
82.75387816948161,11.62172855597462,39.63670803161837,25.433551912223255,91.1791171688202,5.979068212158722,21.19572442611716,muskmelon
82.09936347185027,0.8341477415063618,60.179570524293595,24.111853921528215,91.46395733717605,6.701156432597514,20.080447179871655,muskmelon
87.62251150381694,11.131190443337108,61.17933822727152,24.492054204740594,91.54955650394768,5.707002162013069,21.85439197054248,muskmelon
100.51307026807113,5.726876791224671,45.430081661747685,23.77531969507765,92.23123583414448,6.82227769955326,16.22284904183629,muskmelon
90.65992350171426,12.512731232270909,62.12090719322736,23.520430563373207,91.49364578775216,6.513252328927811,24.183548874969215,muskmelon
62.848118996843695,12.50545004654386,65.19336351090644,28.34998525350851,88.90668184011722,6.1947491014542875,39.159304541244744,muskmelon
113.64943811290838,13.200133091921646,53.56412583534376,26.016588663427083,91.3982864580327,6.368830905728594,29.39659452851555,muskmelon
122.63378341400355,15.59169068396564,35.806156442039594,28.671984906703145,94.21029003550369,6.647544132057854,19.966129892900646,muskmelon
143.71163823652543,3.6145771883444056,39.1681155333395,28.70078524378473,98.35040916489156,6.065522059718332,22.873373074824062,muskmelon
116.1594050952354,9.910689225561333,46.65396145469704,29.69689870566016,92.81755397068878,6.812175514254717,35.33175111252291,muskmelon
104.60504590008043,11.458663626891544,52.14110982286134,29.46739166994786,92.1655119136144,6.399756607071085,34.57301696661794,muskmelon
122.74174270532565,2.462235276832896,50.10021151740569,25.933916699664294,91.06708560054179,6.561006483894129,30.355506972339747,muskmelon
98.31810334582983,0.43329832638598553,40.349544194238206,30.6894990106005,83.7787207338952,6.8749708606728,29.16983992515633,muskmelon
119.74264122295034,9.007154065595198,29.38594575977095,29.291087924519495,95.82395937211503,6.769888722205369,19.698468132095716,muskmelon
101.3014161319397,7.33581865610038,41.80733535810628,30.86616571353955,88.40740306620451,6.042473427767355,16.167794932220914,muskmelon
77.6462871505143,10.732071459213017,61.615030484819755,27.445369731264204,87.4827565983075,6.7359778158968115,38.48561403227977,muskmelon
90.30636513780108,7.607228666411409,55.15660630083394,32.86562124335515,90.44049756282432,5.867020087600718,30.051348850179252,muskmelon
111.98602109713448,10.030657252176134,44.418667403425495,30.98313619297614,93.5841080136439,6.092625793238604,25.39275785044537,muskmelon
79.7243870196303,13.429452282189601,47.37766430617144,26.69286750284579,91.9013765445427,6.4161230797321,32.15944049252448,muskmelon
108.86635796987832,9.217953606035987,57.636681497189954,29.20221176107484,90.72020109114189,6.350112736705406,23.814216889255032,muskmelon
107.57892014761302,8.164886926391791,46.09590813578367,33.90627192830188,94.8192064452413,6.0957597342299445,29.567527951537585,muskmelon
101.77525098482766,11.95775587630047,51.373413245651044,31.568927936455708,93.03686103395434,6.375164520714286,33.33752461586414,muskmelon
103.49927561631807,10.607392896645289,53.14022602486114,27.7191729299009,92.02768097898641,6.165322164495251,18.99066224300897,muskmelon
85.0214442027634,3.0400835660146193,41.202826386154435,27.477198896599223,92.30935274733692,6.291481374740944,6.154372078981137,muskmelon
123.61879536643514,15.43240061445191,54.45759851217129,33.722472017659804,89.06790764754886,7.155050048250402,17.27828738599562,muskmelon
103.58106887937035,3.6308133743289783,50.14694095544367,29.158499493995166,91.53592900659633,6.685550977636056,25.792115595898057,muskmelon
92.16377907433736,7.165933410988304,58.109137726156966,26.038773910579096,94.74620891145481,6.889084717132773,11.65028910123096,muskmelon
116.99389580951552,20.302113492223494,52.52003761201929,29.797252555884466,95.11101597310747,6.289807073928391,26.458241788302956,muskmelon
80.28700705565336,10.693175142652255,54.98111995644541,29.548489068779407,95.19627417079275,6.0900791287457885,20.739145946612027,muskmelon
128.43261018987033,9.248358131181451,52.00033787312328,27.798969874824337,89.53495752108493,7.049411684356723,20.778388704635155,muskmelon
83.09071714439605,7.746298613486242,29.982939982744664,26.046137605050454,89.09561420644302,6.64697145237093,19.61268608352102,muskmelon
113.31705903368272,16.992419965346606,57.81175336287599,27.35383513341977,92.42334349011678,5.790006023942377,23.929765019830082,muskmelon
87.09342297899751,13.471631905746495,75.72752389244474,29.49946490792143,86.026579553136,6.255507922834251,25.97992740299564,muskmelon
101.31036137890395,6.345934371956234,52.45291742636935,24.27249748924184,89.1652738319448,6.658319056641485,16.874694152961393,muskmelon
108.07317408238386,3.1526811267197097,67.64825883791735,25.677190232787837,91.32900028458967,6.532245304436163,20.477200379991245,muskmelon
102.15108941606957,12.876783622600628,59.60613232503485,30.37449230791887,91.48456860859199,6.34134729038256,43.79286846420026,muskmelon
114.24833602373938,5.390881718398932,50.99988163765552,26.99457058366542,91.59399729823068,5.9082019369167655,21.704614124912375,muskmelon
127.1733365979087,12.895381504377514,25.0883859184854,31.65017047749384,95.26888856872749,6.256285878277434,30.73810835026572,muskmelon
87.10901183774199,7.648721418668213,64.98546360669854,27.184809880390876,86.39080501413503,6.374678710887466,24.371292856685145,muskmelon
117.97552854060189,10.0716821108788,45.78417688559707,31.13516843569362,92.36237069750334,6.099990927373714,34.23998048433294,muskmelon
102.90492646775199,10.014629833397189,51.77908391411654,24.78799488575021,90.417038671465,6.401433040733114,23.44269043980256,muskmelon
119.08642574224893,11.087029263635017,58.54903922636402,28.02818606372755,95.16886545123837,6.559011102629262,25.10736388310768,muskmelon
99.8007536656147,5.2278068685451835,55.069157201363105,27.879385796390864,90.49402411945638,6.842584708324829,14.99827179284159,muskmelon
93.6625615685135,15.138593743897667,53.15522940920253,27.85642321704173,92.75301062945044,6.471765668419537,12.86669962971263,muskmelon
94.76107171978057,18.082608272568745,43.406758652228326,27.045096957686997,90.37513771007244,6.365193910672746,20.335017349405614,muskmelon
107.3011225323709,10.986567061451332,57.73547615107018,24.84717650143312,90.97897855135129,6.309710947355146,28.64517528070876,muskmelon
88.10168204189448,14.578269021291721,61.86415590517609,25.03338295709325,90.5273813153193,6.187227396683164,46.05908963741999,muskmelon
93.5514984218817,18.388127210780674,37.3336800489339,25.03104710150691,89.9401864044554,6.061724275421391,22.85681012673201,muskmelon
89.36832695917752,5.903292036327132,61.584719964733274,31.671380867539497,94.84788949512594,6.609599582233732,25.74194452623642,muskmelon
92.54453964001137,5.23421247622454,53.62995703432687,24.479108822359606,89.01823721247382,6.861165302481925,40.205192333776694,muskmelon
105.89942707249722,15.532285761473222,47.541516825560166,23.986977441736947,93.83651485585575,6.627715729308026,25.573348431041953,muskmelon
96.36436812842334,14.81105289290549,40.14266966572526,25.678658263328025,88.97568047971872,6.433989185054331,16.296855903125934,muskmelon
89.73636729227135,6.47122218886401,47.39391667666042,23.53787666078807,92.2616149761118,6.898921460265871,26.083930978534095,muskmelon
27.706605724006604,145.00997278815387,215.5547009449571,23.224057527910656,92.06750116473631,6.38189988618163,105.16658780991935,apple
10.587396242662681,132.3800608115444,177.37862740130058,20.113576315428844,92.00067184398736,5.952437561223265,84.75848787368739,apple
20.8274578206657,139.49209491291572,177.43316859468433,26.81744999254628,87.31948752461017,7.058662072185477,104.77479139033034,apple
20.728084984134455,96.61949641271495,198.75727867061383,23.685446533154575,91.74151368770151,5.718459461473813,94.0687096294437,apple
25.652633097686554,125.46210702496926,230.81504753033545,21.42055293561523,90.69561591988335,6.407797122298081,80.54050075992872,apple
13.932683199235385,141.46227457029744,176.5613214155361,17.542846954092358,97.60558156421928,5.303091176062897,116.6823879665634,apple
20.345425963621356,82.84057525072875,194.65365953664383,24.34523974843733,93.06292814455658,6.451760341901751,105.25017370189131,apple
23.562522210460802,114.66006397879892,171.7906516717445,19.106814872956303,87.61366863441376,6.504792983945597,82.70852981882886,apple
21.370194203246516,121.0111370889135,197.94702853098738,27.090821885599098,90.68471789835418,6.305800780774842,113.75126702762223,apple
19.23990547183651,159.4995368657971,171.1731650856926,26.867395506312334,93.96921969646992,5.760237502684108,145.58637034883225,apple
10.759449438057317,117.17350014051392,175.83035591461848,24.23625039461438,88.66080769643847,6.216531973370659,109.27127168356893,apple
17.60323028671958,130.82970869049967,194.62756752123872,19.734095470822883,100.0,5.7564164084854275,68.6478183969597,apple
15.789506551393057,105.99084967440905,216.52291232081032,23.96495797877476,93.19613840537103,5.814988767081378,107.41299505886157,apple
18.145344481961658,123.78210223796795,216.7066687072967,24.00822623751604,93.5003384888626,6.249779454124601,130.68884874763475,apple
21.440750207701274,130.3827210901838,223.77612482386314,21.004862245990665,89.43277226014548,5.407039200406572,116.65829127240512,apple
10.731338793904383,131.93231144089515,197.81613810998894,26.40391909946317,89.98424806860503,5.898340857291247,135.44406666586738,apple
26.915678233890763,114.7977145137227,203.6356246517432,23.883256933052145,93.12096021686345,5.868712170342189,138.62766796247269,apple
10.551482581892273,118.68304647798374,208.95861465545894,24.371674435848032,96.05827709184429,6.599112696600644,107.28916749385553,apple
26.499356217653023,114.28937384333818,218.61774765583675,28.43156743526298,95.6448323205649,6.052885191762061,106.36442456455755,apple
12.35704351870357,129.65809456871307,177.69565544058162,20.62059600915819,88.42776259778998,5.769803833671673,112.44061171026036,apple
21.368072905828527,115.99240046879055,221.38567412790366,22.375384226030103,89.63683270020344,6.1131461336217185,152.2710566708763,apple
21.67580283267559,119.5571655893959,169.45077287762592,22.34176303708379,92.70478437526435,5.806209554372215,79.69230723518001,apple
15.74717305248283,146.81807691331636,228.68002007460922,20.340082492386205,94.01827036159827,5.410713607614913,141.08632563989906,apple
21.226179239471183,139.244622479248,165.6981330563492,25.032911305774665,91.97697780894649,6.425964535395421,131.297355961957,apple
20.328923447373747,115.98755541356128,215.59392364358987,22.81953650178462,89.38164513941707,5.539923884271158,83.45671167375237,apple
17.448544202184685,141.54038069111567,203.55659599410868,21.410696882230877,94.41456781454023,5.5837616891383055,114.90700548665558,apple
19.101848136372425,136.6869593838253,168.45543258160998,20.449406762556034,87.0852630227164,5.870201639095365,137.2285500726486,apple
17.472763951732365,117.33974092706524,217.43448848368274,26.2056486753659,91.73428679819364,6.342357427024946,91.46090918244107,apple
26.88987166962707,157.23059440905575,210.4243158237745,16.747005135971598,90.32530921280664,6.306412660834661,104.57034005667275,apple
26.360992771250487,133.822358966538,185.87048998468407,23.096794432313757,89.31850033808273,5.908707560793779,101.90813519134896,apple
25.873809001165192,156.74018085246493,171.37623333528495,17.230351141370743,91.26448273444585,5.2407921505856585,113.92423207341834,apple
23.744680569029633,147.41212845900236,204.0278911743056,22.420534325451264,86.06484525028074,6.013092574592899,114.42574521098923,apple
23.194784071063726,114.37267847706363,191.29894799528282,18.565993234087447,85.12612157934781,5.445751454601608,81.59348371493967,apple
21.683561477103055,117.22798914999714,189.23525739850422,20.046760861474365,82.3023037024627,6.7541553743737754,92.99458954446423,apple
17.937899650750467,103.17661752066034,219.43860686881268,23.430286811111973,89.52090414420239,5.803885194327988,146.5635984424974,apple
19.63515284059361,122.27399693576142,181.1723702772147,17.31625654858309,91.51988397926196,6.162742556162309,134.9916892865534,apple
8.757517327501724,108.12355509465456,188.385178188871,22.989557454280394,91.56489892541474,5.939155657156365,121.16192117139889,apple
15.483534446104454,139.01212163350542,208.66904883398962,22.04050320761576,96.80272397566675,6.778208017785883,131.65790710387617,apple
4.907216147161037,148.68417639076964,215.8951704494387,29.01922591313881,95.71239377520061,6.789171338748643,130.5730970036076,apple
26.74346599322756,154.9118561110166,204.3310947675641,18.28330836776561,91.07761729995457,6.194972799691718,114.49775168743116,apple
13.767190169202868,100.53398562207532,185.1767466273034,25.423218667952455,96.74101931246891,6.458283806888851,134.14854574228272,apple
19.59592213418221,98.86876313441054,190.8955883823459,22.223706764382865,90.50884253949296,6.027347432687313,121.82839519785901,apple
24.26507594121749,120.82820203450498,161.92481188710815,21.551366842126594,92.13113119097595,6.611403961066705,101.6438431563179,apple
22.56271814199701,129.35131849453148,200.87801066246777,25.791599957973773,90.01747640974226,5.712406775178242,112.76198353811544,apple
16.7992674745315,132.620184365819,185.73615391267734,23.678912623235405,91.69948169363973,6.107462982388353,103.80517209873922,apple
18.304558527365863,126.44013901995575,204.04149012322625,22.987394253826533,97.11608706953925,5.504631540629358,111.71592410094573,apple
12.131854889415077,130.5812221800108,177.6950692724637,22.16506923237027,90.88380702400602,6.140445563300585,101.9441816490964,apple
17.02347151153009,146.53784696128847,205.6913358094905,21.316847443933195,91.2474989845663,6.822677476135373,108.29670243497806,apple
16.55361688423806,114.7250577481041,189.01747038020847,21.216506832719833,88.16105645495227,5.437899951526511,96.4135925127726,apple
22.95785509226549,119.28144069090689,195.8567662181192,26.810264075764692,95.88502144981526,5.858937528431133,100.38272978633182,apple
15.677848431632311,135.39163654562356,195.90585532955424,21.84051532903163,89.55900627458735,5.615166795494305,119.40116382986488,apple
13.42280867056369,139.92303040681907,189.32310712370162,22.551092167244622,87.98906612557833,5.993817030878818,106.4335811461888,apple
19.749597005717668,147.07563347542836,203.5539609158048,20.61602244756259,89.8660402683603,6.297565592956884,138.97386581986848,apple
21.40959010375525,135.33069116832155,212.1947544667341,27.257193240072564,86.1512294818219,6.333609469652264,132.67472087807127,apple
13.306381469322133,111.71497723990376,182.98434502743692,20.81362941086785,90.55484884719343,6.121301406527471,130.3134930233474,apple
25.406584788842682,112.43265408248327,183.10594002594036,26.94746552004867,93.94023180625594,6.041432420934498,122.46673351109933,apple
19.850981090742795,132.86877024571422,193.2786660698852,23.806414803317693,87.4683618488915,5.656107852587285,99.45977646419313,apple
18.12804983396543,111.10230117830378,189.32912748353837,18.456757812805638,93.6461014291847,5.958743240544303,78.89584784447966,apple
15.825850447266635,130.0490214134325,189.1395610722842,20.90917561958571,91.77622196897578,6.171798767589108,84.27295085921679,apple
22.750642406089398,112.99560077588936,199.64144063500402,22.893739577925473,90.41880164528068,5.488170126934643,107.28626903815473,apple
28.126651545375974,104.57487454304554,233.8462603820975,22.220836486770402,92.10611425126592,5.456644594307637,97.57461166645038,apple
17.485451749809904,109.31457543683132,195.82164085258256,21.778952324579688,97.55234342730719,5.417012907159769,115.05381033497174,apple
21.239231409509124,108.94519177022244,213.73654990905678,21.805018961355117,84.5228310452508,6.329924806052283,90.66118231795272,apple
14.761125269304504,135.31853124338596,193.056770351631,25.753316451654502,95.63049828609596,5.677535769838851,128.86524991910062,apple
16.22269599303559,158.49673875698267,186.1408599093757,26.07826232288001,94.53137007764472,6.158043911054467,99.58913677166633,apple
19.243012540292955,92.69617830583172,204.488400767645,24.048845993085155,92.40049825718411,4.513346914353721,87.68727109820378,apple
16.259545085756688,129.3748839978357,205.78677811285968,22.48932862408646,93.90573660981187,5.48687881234855,125.20470011387992,apple
22.373710524199456,130.66332099256866,196.35919137828688,28.492231474493785,93.47958706546963,5.5158320683732205,117.96610951471969,apple
23.762416885371092,116.17837101613536,221.785444938622,24.14610111714803,84.97256498700396,6.149835988668963,104.8794169117457,apple
22.68589907270868,139.16322260377723,203.90324094283636,27.995756701834086,91.46387934630951,6.312408911526938,129.09885147274696,apple
19.513270155536336,136.68161461966673,188.10654025675663,21.732294742936343,88.06253392899106,6.1207045581850235,119.50503351708689,apple
25.896315792896146,136.86710006533826,194.30408886705135,19.465460937997168,93.29855120755992,6.555376586207321,128.10369947607887,apple
25.422387624286436,121.82165703202637,190.6676206364871,20.7892959433046,91.83231060015922,5.96070460201559,117.13355257078233,apple
19.35351271482246,122.99558405409843,184.46611894055712,25.82485704065447,92.22955418673114,5.912778032857359,98.05141493501591,apple
13.34043444804457,144.61946288824015,211.09277416263615,18.128246472290098,94.28942690212897,6.461240585116554,115.48752244601859,apple
27.990554478758796,128.25079463184323,171.6635294410162,24.095507003144963,92.73469190513819,5.698351575610922,124.4711767375485,apple
11.66167366904569,139.85850241164184,182.43756592789094,20.0451616246489,91.65852568307757,6.216486464021818,116.27848127186859,apple
16.28670417113811,117.40866063212167,177.33915305245077,22.32596029511039,95.22506364353274,5.997868531178062,130.18828509518906,apple
27.27700668863096,116.17972221444549,196.2685349388927,29.513578583187485,96.33303023593983,5.163797737093824,120.74296632121813,apple
20.00279996169848,137.39679666288143,185.1004246502989,20.481174883877983,89.97178785411917,5.714035726900784,129.3064833361803,apple
14.093994134255599,115.66079150061022,164.2197521899712,26.02135347023712,95.81309029829342,5.836463284568107,107.04101270373555,apple
22.266109511414488,147.11723011067383,208.17221495127833,20.907374172574656,87.14353228404067,5.442436868668256,114.4643890062493,apple
16.72336238399603,127.92451558986139,188.94151967527532,19.825560706116764,88.46890510564079,6.7811772546866145,130.77975498367286,apple
28.652589759139794,133.09926351132654,191.40017182770322,26.970022767469814,91.90079599591469,6.110420885145176,112.14351241848962,apple
5.265478903579927,149.0710251844228,209.82007891915507,23.98946918260553,91.81467181318831,6.0817139101930655,101.05442128307504,apple
23.082896761536354,105.39352483401302,203.72136864941095,24.684720411713315,91.40399259853129,6.185433896235512,93.17331215531499,apple
15.17086614552018,128.55075681539589,213.57099309242102,17.37540303349487,93.5660619053323,5.728399249811831,109.14387825385175,apple
13.302410382174815,112.22574139719939,219.32250651060622,23.09859012194064,90.85166479487133,5.941755823684483,122.78423649328602,apple
22.202472480816688,123.87459499404798,221.85918221793338,25.91138791072,93.24011608739119,6.027305891455035,126.14642190239078,apple
21.571337109005917,140.9120010770892,217.99122753476615,19.945238295746815,88.74211048777488,5.649375227797962,132.52277380133842,apple
12.118455016143772,130.9213608366199,207.25086182185922,26.487944176058576,92.54101607199166,5.3283953047080495,93.81290078703753,apple
14.090022390510876,116.93084050500289,196.34196865152146,19.50367542133683,96.41198597195687,5.33735931402378,139.9220684772496,apple
25.925815157196702,138.47453824533554,186.12466785006498,24.027352637530704,88.16788659934815,6.455453517516875,111.52030436927463,apple
17.953398927066573,106.64382730015596,150.44987762741965,19.884377428892734,95.33839458683872,5.798583285762598,109.61342285769905,apple
23.277771791442262,152.085033171744,226.50009309891277,20.082994988551434,86.17228828568778,7.179807129550052,158.37983223318906,apple
20.942267982146415,105.94267631627267,219.26453067787878,22.67604894196217,91.66105663068016,6.4472294215525645,119.68749493746597,apple
14.070925444925274,120.12887097377039,213.22305857322692,24.530756667215055,92.78604972307542,6.466711477237932,105.76566024365471,apple
20.89334887609536,74.366313497336,191.00699612314372,25.291708725726934,90.82881659864857,5.766886304141444,92.17094096450363,apple
25.016829463645728,133.22694910310855,216.5082919564617,17.821358114126333,91.51864987020309,5.859944496124997,107.38856586802895,apple
16.91986228141022,119.80843592329977,216.99289565413304,17.261445939956513,97.33188430409136,6.241920562513231,112.15336208679574,apple
24.53417073186463,2.7408262741578246,6.6764954742449305,23.515698270437785,96.09668111129653,6.981401367549377,119.00109342370293,orange
17.05210502031936,12.434210344837455,18.386197964872284,27.982106766696457,91.75563203666636,7.270196338906188,121.55033909214424,orange
22.53293835848638,15.559766804302043,15.522388519187333,23.491365612500463,93.92563718443331,6.846762031536082,91.53855207368845,orange
18.652531221480068,9.618609241302087,1.6920950541100392,27.441330237666882,83.69802373219281,8.085926775794528,140.0375826759264,orange
18.694956379138432,10.047131802818866,11.514859367936417,21.643358448044232,92.5778574427608,6.942400008919336,108.11454565538068,orange
20.907305317403193,3.4323610082300284,10.19784862066824,24.653790986469907,92.38654886406775,6.913667697825538,132.75715551938742,orange
18.231737225592244,11.13662953411595,16.486487669627728,23.68249543991875,92.64338980240265,6.961446145474041,134.74739587127198,orange
18.711377192068525,16.416772886441027,9.482060526764677,20.56216110620793,94.03811951172236,6.8781328664977375,122.41001798198326,orange
6.35297807538133,10.026026309474732,7.701973506212598,19.746965253874887,90.3402769944806,6.770518742282939,109.04028410298838,orange
13.163367693575221,11.581368901298568,16.83107392602894,25.123713987791305,94.42696582768703,7.437824981845518,134.72979024368354,orange
29.350693464106527,7.503990008620349,6.407580074194418,27.13386259329894,94.1247986589722,7.310270119846276,147.78564908500505,orange
20.05684954399247,12.130782798230925,5.098058742582626,32.54128449590383,90.99036523637267,6.876713628735668,103.06500217983515,orange
16.775520706778313,6.352814755761754,7.381478585552374,18.53681628779622,89.64404623921028,7.779585244579048,124.71310287282738,orange
24.62952088363859,15.886043937084574,19.170672821811955,16.914309794224625,88.31035065414038,6.6785105356421255,100.60540407020804,orange
18.497153047073756,7.765112235969796,11.09654456566027,24.141181562980865,89.83149561446525,6.129780489204972,90.14262589242604,orange
17.253806733437123,8.764602815961403,4.351662703447316,22.03677413401432,88.60703783454323,6.949672259380667,88.5381734327477,orange
15.755476718147676,3.4565793450543048,9.23249652215108,20.534208920190405,94.72035280002629,7.16234010667716,108.60296263632713,orange
16.012572513281057,11.902601526581515,13.453504446743185,24.57075364880652,96.8111055664008,7.183854927229927,128.27214435136068,orange
20.667827077679892,13.378322266284883,6.0160938366541235,22.166406547148824,93.04809066044714,7.136839792622952,120.15223645886495,orange
25.501964461393648,2.8751441409229397,5.1277372619485195,24.918290564297013,89.82690910458962,8.351107296515744,120.31439238340272,orange
19.608345755349212,7.422653634580705,7.599188584034778,24.12056264526071,92.33594579786377,6.817320342122595,104.53695506960196,orange
26.72142287617298,16.922524813255173,11.260169899674384,18.63496109105305,93.61550946991713,7.62171297664441,137.39562203924757,orange
23.672129264048337,17.11211477642911,10.26692136239511,26.51241187933482,89.95767330102446,7.116906182462285,136.5906848794105,orange
17.052882942565546,5.692782852678568,10.487444695118484,23.093351185104,93.94744316321126,6.818696189621183,144.36879231205427,orange
13.55161951019472,16.26867393109867,6.175753858459485,16.816069061663907,92.7136254690466,6.898156805594446,87.80781264193939,orange
11.59311554142368,9.958196063642717,14.879184458119088,26.339813972345777,92.1701199465178,7.191539029287094,109.45571735244286,orange
12.851378784848144,2.8955300738827834,8.984157355076606,23.3573868545357,94.5529480355203,7.3029216895098985,122.10266031517898,orange
18.598586434614095,3.096739149449302,12.06035568533012,26.100677253048673,84.83440561256694,6.6662647253669345,96.17891245212208,orange
20.59175100561718,5.983197836171531,9.809327155876797,23.157860238588032,91.52255158538682,6.7134422825197015,97.22029891866644,orange
14.598664701096537,11.90033720286916,12.855513142956841,20.917528199498644,96.56192028805114,6.8741594210231804,140.60371247593122,orange
16.78936413084198,0.0,12.010989124561757,24.99418042047595,92.10318138592275,6.743107008622404,109.30855549028362,orange
17.443702710652364,8.488252168341248,14.208161278825376,24.736868918120376,93.82985416199593,6.907252597349684,103.1596530839045,orange
14.232587345556782,8.149816937159015,0.0,21.63911213477746,91.75437746842748,7.225469461708062,104.62644244950087,orange
21.738367711224996,0.0,9.71581573896525,17.281988828346385,88.375089453022,6.9251337808544555,135.52527975747108,orange
21.856033817350294,10.091154985685586,9.90234805266449,21.14548442718213,90.36804975988196,7.170950418188319,82.29278963111011,orange
22.965270251415106,8.057464664405735,14.127785374347827,27.844373828928333,86.98074796248278,6.767367694709113,92.88944624118753,orange
10.936360174634284,4.837333618952947,22.2062792263267,26.43803958484976,97.75186390581726,7.331639376007335,95.1631367798305,orange
18.091144016629784,12.942180901201537,12.187531017365181,21.690631937166664,87.47002048826238,8.315104474955495,107.17700655314388,orange
18.3713055340869,10.566672319526509,8.786357053444856,24.490915630821934,95.86084185834926,6.9501806081254305,86.74579121344478,orange
19.191781027606947,7.677991092950446,17.119494686234255,28.684476258950284,92.32257500129239,6.488505658072297,85.48215473120109,orange
20.07561630792277,11.681614846606404,8.126885903369725,22.079321663171065,90.22160230046406,6.990642415902421,62.3447529585387,orange
14.49336685615145,6.864745772763247,16.037515974759604,20.744745432284283,92.54140442549362,7.090617100372398,135.95833011321525,orange
26.31288703482075,9.712485156025418,7.622576294052786,21.344667588697238,91.27681033260265,6.82638665827056,121.07254818716464,orange
22.101549087426022,12.959005955725079,16.296418557180843,31.451476485600708,92.37399018022268,7.439785508558261,102.96679632331569,orange
25.925034917915077,15.30754578587922,15.042079849714955,24.376279364766095,89.99492550802734,6.442188624853809,109.19925584957801,orange
27.665062711245916,8.450775493179634,13.925632927300272,27.375805602075726,91.14894133721849,7.526537935007807,51.82678511038993,orange
13.886248606309124,5.421838518207701,5.901424885663051,25.345051804743584,92.8701134091617,7.157596228870003,121.92162988264974,orange
15.249477154271753,3.9091196659634058,11.981598410039314,21.479071705414242,87.28857486389609,7.388537713816593,137.90203813004595,orange
27.785804448493295,10.9350386073736,13.129660479864512,29.479472893447642,90.0757526299297,7.444271073621636,115.50792468286417,orange
24.568558261712955,10.930465104379676,16.48128354874001,24.894095050166147,87.54806282159775,7.580770652925889,91.04938518055776,orange
26.26529105121957,9.54878559279839,15.880054925988532,28.53907445946706,93.29042892294612,7.203414127050852,118.45257234385132,orange
9.93087621859461,10.591651094491011,4.419679119640525,24.684748574982653,88.57117236085035,6.52601922350957,142.09869003507805,orange
25.34723694062095,9.979287075279228,10.923843251245119,23.008335897027965,93.70962912793857,6.729578253380478,129.87480525735916,orange
18.734565794929445,7.900765020843855,10.108565092424213,21.63541268029756,92.98604704848945,6.78505496427464,119.37047205637673,orange
26.08003269455738,6.403391565959131,9.347122713524143,25.84532285214169,90.69242793505578,7.185728224330666,121.1079772130348,orange
25.41630888147152,6.97004976957544,5.286123798847627,22.769690441745023,89.0967429813587,7.225799281618999,86.76497399647178,orange
31.665082091263443,16.47963930786875,10.06287884800157,27.469577971991903,87.08959440706762,8.009349332559824,98.19570775599021,orange
19.397512930503204,0.7203335640578175,12.431436523704473,19.574623371691565,92.3049672846981,6.782290226830185,88.44512130139313,orange
15.978192491186913,11.128940170427606,3.592545135655878,21.004753315905692,93.98982014379344,8.040991949949726,119.5517763910601,orange
15.413691789113564,8.164429149638444,10.15794503076289,22.602300197457172,94.70917450021079,7.08698939320569,128.1570476981974,orange
18.427781048511854,16.62750109860628,9.16757207859227,20.115240523448033,98.53196114312667,6.2700089012155535,95.22522549390145,orange
16.864860740848027,22.541531365282815,19.034294420732557,29.97571257456879,91.008024012871,7.97047120153671,117.36704007681942,orange
24.886316851515613,10.898476905531036,9.752667143383743,22.992885304294482,91.37108001974251,7.243396659471231,117.34399597550777,orange
19.84264314898158,17.54761996349427,0.0,26.03954899168478,94.15321611997693,7.458785147302068,108.70257117893277,orange
21.039600336919786,14.929741916573606,17.4558320214009,22.79785605928493,92.80092734938268,7.671429585739503,67.51945848242298,orange
16.549937000927073,17.329179893014818,15.462689168041516,26.089780843706777,90.65420938067264,6.647272600405833,98.17568761515253,orange
27.740041104093464,6.857786554223269,10.50711482119829,20.985169420553017,94.52832209029708,6.784509487861423,108.04812219691172,orange
11.583089334785871,1.9331588189753006,10.03836596660753,18.69937137920895,98.3152599180035,6.1753907551551,93.99649402671793,orange
20.083504336337754,8.174335311021078,4.479272716680405,20.16828864201893,89.02803776750228,6.885311322071975,149.03858179034847,orange
20.38968648279105,15.91450244693762,12.534881729140707,28.455449591928883,83.60010709221925,6.878216791540709,136.1427084630143,orange
17.141320886253332,18.81236582434806,17.419450768838807,22.123477135490152,90.49050944286093,6.594557663058213,97.40811536272405,orange
13.837054679155424,12.144055902165029,2.7197675332678326,26.414932064760887,93.88423609070074,6.335518237926431,140.9963721265668,orange
22.56804647207611,13.748490107224345,6.206673992286138,26.489516473892476,95.37918034916619,6.960556640398129,150.03844918496722,orange
20.220323174564687,15.703929002262372,11.465044036293275,26.34208613142747,86.98600319709568,7.148421495286145,95.30049797485468,orange
15.76800847111156,18.72051592232989,8.931148759688256,19.986792676098013,90.92260511567338,6.479819908431234,138.6776893639254,orange
16.521596279167426,12.646499669718345,16.780533571051627,21.999389275141084,93.59606729681836,6.587965578038228,158.9153913822737,orange
24.68190067308311,9.03696780619597,6.1358313455551805,23.544013788641493,90.98004883294544,7.781177821599803,85.48930555570195,orange
20.674007116451016,9.90830966683145,9.412948498275652,23.56553338024663,91.65178756963854,7.34922642653284,122.17968892984871,orange
22.09455805686393,0.0,11.49897437081582,17.377442559319668,93.93896048940748,7.589798947028206,91.47521774822899,orange
18.691096388286468,7.003221474735016,16.177158878784006,24.380111541088294,97.184988141699,7.165501681178955,114.84900361271639,orange
20.341033913014183,14.089960496286682,1.311569008773283,24.34137582208204,91.7898606688161,7.290167530863107,106.24596788251927,orange
14.80632782918665,10.036753374598495,4.585797355658283,16.29895114965006,94.18136744445648,7.231624629077868,119.3418188798715,orange
26.514642109729056,6.674840548480374,2.8444292861437246,23.719880892767822,90.95749910088227,6.663081713291972,108.40301693024408,orange
16.941974268977077,0.8199735832158446,7.794116546031198,19.45449933318457,92.69494421483277,6.737586096703738,132.23262948282104,orange
28.01933033633933,13.396906865059531,2.2448690900834,30.020783995516158,96.7271613511213,7.007516204523176,136.45852320671065,orange
17.24162430976661,0.6687703257520532,6.198577806892032,30.917203464179025,87.52676022916557,6.9998085127725975,110.68287786680425,orange
17.43512878016094,7.782392000814425,10.361245671181013,21.75135063226109,87.73382450849621,7.086012777177382,131.46733164889946,orange
24.347862593267106,5.951322663050942,3.743860423111621,22.863248471380885,96.70337452938699,7.2582392315838185,124.07929353588467,orange
24.449284758927472,12.103832812592932,10.603042738067893,26.64922758659187,90.36150168734594,6.434214795453472,124.45993869248646,orange
26.188690528746125,4.4088403032198435,14.109607412079502,30.72306285355276,91.99326139472863,6.6727991261033015,112.46037347053512,orange
17.247330158996494,6.916349450217991,12.165920336357713,17.585082099880417,87.66821323252331,7.007716352149577,109.55382922175137,orange
21.71777288519968,19.376126942416942,10.522570180379105,26.392688601339177,89.0734011931561,7.307175065406615,99.47218269778645,orange
20.357104162905465,9.455756874654192,15.164871174570155,18.7600937825,85.15028409615488,6.91462692116483,119.37062513810248,orange
20.7613468790375,16.161021187069558,12.186863370898342,21.74460667256056,85.02373953758095,6.905075106321913,130.55918004515595,orange
18.039761086664427,10.14160131838882,12.106801271533543,19.938830503000737,93.86970768991645,7.654848716000682,106.54373296213187,orange
14.354677890838492,9.666994864890132,0.0,25.347613055906464,93.35682313294573,7.670254517538225,106.1201041486675,orange
22.042426690732352,5.693559488070495,8.217864397374607,17.899258253351206,91.4156311361503,6.877876338592574,115.98399532177791,orange
16.882015598336803,10.416726754875459,8.333099721961672,22.674002446801943,92.2410869778891,7.016209176926804,125.22348078103278,orange
19.396784829350825,8.250573254384983,9.09596277456387,21.14134353263603,90.92026671929999,7.8124634852292925,91.74642478608266,orange
18.606718330603453,8.062556683651549,8.764141938778003,22.67504276448642,92.837720303663,6.315929959443283,130.7434294506401,orange
56.32582799642197,45.57128413936865,27.309227270475986,31.068783561575795,91.27200061571864,7.732116759476311,158.58142412435683,papaya
31.924103508185425,51.103444950990564,49.46787563727017,34.76105066289429,88.05575341906874,6.646003908809176,127.05902155973648,papaya
38.962414373976834,60.59595646698954,57.73877173442823,36.523123830884856,93.72315905340163,6.501052186743895,162.86374403658763,papaya
53.09054438104288,59.339418829520135,43.883068782982015,32.50937161797542,92.22166080837366,7.675949786794201,152.53106200228476,papaya
43.88811497749714,49.67610555030557,45.082333873437975,40.5318803426472,90.80223006216211,7.062748213844114,135.6017938632161,papaya
52.611845412796285,65.91745274008723,44.28097150190076,32.076665037541694,96.97660908336599,7.093837157958319,164.7668079672682,papaya
57.87276293122914,62.59575488311066,70.17775813175065,34.13172490563147,93.73178710160276,6.119634828562395,124.37598283521898,papaya
37.9918100016496,70.7406358351615,24.4745984797925,32.79306993174183,83.01888019201813,6.3674848418072445,132.72627625670333,papaya
63.84871093794044,61.966279392214574,41.66858476671034,37.19789115919548,92.05349676358927,6.715026743482901,114.9332123057002,papaya
40.09986286096861,49.74902700054476,50.4646127315419,34.233657180942025,96.63227799057213,6.8540220671751335,77.3108576581973,papaya
52.6264198787169,43.49983643832467,40.34029075388464,31.56349158482101,90.0099850294631,6.149940243183879,150.0870500863072,papaya
35.89197714909041,61.56667607249847,72.3697107706163,30.011922823197807,91.14646908698234,5.690617054995013,137.47661767574667,papaya
56.42717152631484,65.20639231357266,50.77363730284097,36.667790274276925,99.63816360782837,7.38492187497504,131.93697676475907,papaya
35.48896013533262,53.93848583426197,40.53017234382652,35.3540426435939,88.4564193817115,6.670871026963863,165.95035136340775,papaya
48.99304127182823,48.53686177252204,61.74814057585692,28.363057165738518,91.01661483236761,6.683335990647466,145.3977164599908,papaya
51.80496056078081,64.10439819809493,49.64592560954649,32.89582515356896,90.7772319660209,6.455393679184659,164.68858310817163,papaya
43.53471520523485,66.46771109008245,50.18999082259871,32.43623557943161,93.8552216472324,6.409018430110753,160.95460101820532,papaya
52.12726121191785,52.03675310908079,55.28634815334559,35.639769177065915,95.47255881742987,7.086458804963718,157.28185051815706,papaya
38.72409048791237,82.48586988174057,35.9638378892819,36.847789522846924,93.29385145065889,6.230343051007554,141.89247652803752,papaya
49.21247113755359,71.05582715810523,42.866890997197885,33.21416498072694,84.9917911849362,7.393905117249431,118.23829392449822,papaya
53.26910864239175,56.98592170278136,49.0199903321666,36.42958595461263,97.0137873809109,6.800597467976797,161.37695044076315,papaya
53.288915367270405,68.17531423930626,45.370836205136726,37.22617166324924,95.33149959694215,7.133014803473164,128.4963033165881,papaya
48.31662365762809,60.39466988780435,36.291579551709944,38.78476062425804,91.96317039949348,6.813571155041889,130.57488900681992,papaya
36.73122440632977,51.95970114525229,52.192041876335885,36.02028643826108,92.48537462180816,6.83868960649678,136.57434063296557,papaya
54.962485662454284,72.82832866385907,57.04789442438987,36.42862566475882,92.8820491979199,6.098737972160159,118.88333673421891,papaya
54.54875800663844,57.89060948039914,54.39842886472828,39.02927025353222,94.178107997688,7.203554482297129,147.36703473676826,papaya
41.9278432251556,57.42133840785659,41.952481862808625,38.67488487031734,94.37117322960641,6.908204998651312,175.89858005570258,papaya
29.799435854767747,63.881379513426594,36.89354215695627,33.97823290460302,91.06487722259835,6.964694644838779,150.70468222402388,papaya
63.451171736117885,51.98102839067386,57.09114389633284,34.4866696506965,87.09412918978535,6.3325534165907875,141.2530491619458,papaya
61.12292449891728,62.637230575571145,38.324991761192855,33.57905131585852,98.05341934637909,6.744489333936343,136.8168606231901,papaya
54.91739640756221,65.6339307958197,45.43831652519941,35.50772432311431,91.01333150998757,6.987731040731775,149.2423289492821,papaya
54.819678270528925,50.408164538324954,41.787136159271405,36.836491913978186,91.76181085584352,6.814013896839745,137.34011432283702,papaya
58.98726774013644,51.92190019970342,48.643987600991174,36.3579784381094,95.5189030974928,6.4904962835893265,193.99209954889707,papaya
53.13241693693617,47.57071738191262,53.69052048589968,32.85100235654963,93.30220546154953,6.682857500935865,146.85684225475362,papaya
40.884066234138544,67.9006123071636,38.43872632848968,30.673705313785014,93.10208104744245,7.341137698871188,136.18517257338982,papaya
57.00972322703966,68.73340176863545,58.14684437294069,33.06637513247895,88.72685984841777,5.816980973731458,138.42898751344018,papaya
61.78087368562174,46.75834015238066,57.00209847518765,31.149542409844383,92.31821772916051,6.983116645662007,128.5126140790393,papaya
51.704846806969144,53.84908663274671,57.05148658938177,34.70595150545391,92.16952302328781,7.323339984056791,161.55765355920755,papaya
43.09648133873711,57.141360992022385,49.24101214920339,34.240958717875635,99.57352782982248,6.848340757084399,94.10243574738061,papaya
44.57201028283035,38.676279125041916,46.7020174295416,28.038069310820717,89.38522858679471,6.0917113881463525,154.60400444918693,papaya
50.005393626288786,61.02962307498731,48.95448611431473,29.817106749386745,93.54056410776421,7.468889824107781,155.23031446516367,papaya
45.74075400682434,43.71932823894555,40.919330292400346,35.35911896971618,95.21935408039812,6.804346469888791,164.9971822426496,papaya
57.07678244027243,63.065343913859174,43.41526404738744,34.521770535925455,89.45486658835358,6.706971581183241,153.2715882766728,papaya
66.78783807386856,44.90268025632368,54.81507630991305,38.44370977487078,94.27654329751638,7.033178177130017,159.6923725466953,papaya
62.983344897754165,47.12521831887632,36.14073334029754,33.98099757860423,85.51651368928486,7.192258321671205,175.51787988738604,papaya
45.66649444915474,54.2922940333949,49.276525248493286,34.15606195131886,92.38152175758286,6.923292842751321,140.68434117478805,papaya
59.43193303477794,62.459477771253034,43.930365541273645,38.00533800341229,87.92522904163253,6.66313367567141,169.1729350268867,papaya
42.769268950878555,61.095556467671514,55.43339596999048,31.41842839605628,91.7825668412179,6.6373984679163165,131.2065537041927,papaya
73.01674852050775,50.36893646554525,60.04930294067883,32.821596949356575,88.74009143334416,6.741125697262028,161.22733460968752,papaya
59.20509575065679,73.62265110655069,79.45246289935099,34.75154261126679,90.01072347852384,6.881149730717957,138.3446762398377,papaya
59.259661298522296,45.02835703634278,73.68334542400437,36.568144284326536,86.9479879466115,6.416388439074011,165.40202610284848,papaya
61.763440561714546,45.277623727680364,57.13025850432949,28.15798038201423,91.73199240358686,7.144818736841283,131.21210674742548,papaya
34.93077700861986,59.46214796377559,43.952811333645215,35.88867509819751,89.34402070334582,6.39094524413876,94.47494197809391,papaya
51.699447110514825,56.39095061723401,38.11615329259929,34.581396141301276,95.08121090193242,6.61377282263242,151.70417374554935,papaya
52.73311249585164,45.9567017282104,70.56585820707596,32.58745050963315,93.96834860558081,7.00768611089162,141.5101218221062,papaya
56.06795025059635,60.458192218163894,35.823602427725945,33.003181896249735,90.16234729293781,6.5153019834615495,112.39992055408405,papaya
61.2643371674603,74.01992654613413,59.78002975998409,37.811587672441426,90.96609548897553,6.445497266005585,125.53532382970721,papaya
56.44064922957223,60.2706305314415,49.227782884015745,37.88544563258603,93.21482406144602,6.364536944991766,127.97727927160763,papaya
56.81993299254145,68.41732852654597,55.5168023225597,39.69066624361624,96.90502149719426,6.876414333940305,124.03548351296244,papaya
36.90012488268232,54.12618254985285,57.53213446416157,39.47994123793581,93.2523411032324,7.167489117692495,138.86731284530495,papaya
56.2276912522755,66.23356829477173,30.204057241474718,32.759683592870466,94.84910115283361,6.809787334254626,115.08712379622668,papaya
25.69877624272644,54.34219254697994,49.28414307106121,31.348231150514962,92.42925481108398,6.902554698893158,161.76717926815581,papaya
26.44081075067678,44.8571490219188,46.95377351645264,35.71651939311239,93.46770204065011,6.88874797915067,135.4145514507767,papaya
46.72366562690039,50.71670731578259,57.68194128105848,31.238533636781266,94.55010918556872,6.783141295255058,143.87388803862115,papaya
43.43289600223533,44.444581388358735,43.52347243621954,33.00997939412534,84.89292706525625,6.6210579378661345,168.10893420065014,papaya
55.67217905433873,53.03794124258493,50.469362984152276,32.331506291734,92.44628220000709,7.316043129497613,169.21247006562191,papaya
55.207943056927526,53.07115087616282,57.499383929448385,28.93936914588084,91.24293955402733,6.93348456792958,163.51053035119378,papaya
56.69884490215741,60.948306892096944,48.04275020916117,35.613927909479465,89.1414168782411,6.3621290946827,146.5433669115074,papaya
51.731976427087474,39.743848214353534,54.55146380949519,36.31818513375818,91.76814428760112,7.649786513313597,127.92662234212034,papaya
46.3891283661313,54.049330938727906,49.23812388708983,33.01382556110113,87.77956836618539,6.48138068150541,142.5594826056481,papaya
62.28572082061997,80.02243273372913,63.354738978506546,31.67386291098218,89.9125711681215,6.63626856899626,189.61397222133965,papaya
48.345759478181066,44.72492509462569,44.98822863046965,36.27116800545825,94.06982083068826,6.619913333403337,162.08536683900076,papaya
27.26827797453168,59.03829235032698,58.606854213686304,31.501410174536396,89.49098439051113,5.95342073889461,184.74738987026734,papaya
42.79846022978433,60.410432778621114,56.03917041483375,38.53620384742436,91.5383066780431,6.484228082488633,149.32669121426383,papaya
62.84080276542287,56.29827468599216,40.451309184159236,29.377726575053913,88.33610784618432,7.045756598962666,136.9843880923297,papaya
43.9247909007929,50.84032776816058,50.850458602001815,33.28163471870325,91.18060356884224,7.239729571124296,183.45040704654082,papaya
33.899783270910035,61.27592731142958,42.231379013786075,33.255246658416716,92.92783515538008,6.6149120332276325,150.76149701569082,papaya
56.72970206031918,60.945768005403195,43.531636958323766,32.11240117908903,87.6808841101459,6.358431880991713,194.0517090474632,papaya
42.07996425904756,46.066211875561805,53.199278618447735,33.66890572212442,91.41322028945233,7.263618386564836,158.72816688895912,papaya
44.70007068296525,53.7552408240822,44.97413486094315,36.62421886474077,91.07555711164059,5.98273859901834,143.7920080316414,papaya
34.62973998872071,79.84230601754902,40.34332086152769,33.514405703926805,92.77460820410342,6.584536735728308,137.7492399633452,papaya
54.21827286160877,73.26215958796278,57.675090818172976,38.435541635720625,88.86014267571949,6.826945053302144,148.88115130145698,papaya
53.510912916767346,71.76231970635573,47.79210850207946,32.783489900337734,93.60194239225599,5.988718908973661,139.07869877194554,papaya
48.65802310714547,48.796413836930746,60.57059011356577,30.81327904797015,91.59238085490861,6.817262890129188,178.83628903690297,papaya
49.894435651191465,67.3615359412821,57.00595397277127,34.37037266850743,88.73145977517963,6.126167655638261,147.66263503547967,papaya
44.57303126097386,67.19261091681292,57.45856518098577,33.446167016688854,88.52686122817619,6.904294219842909,119.55126384662124,papaya
42.41536077069135,48.205842617848454,48.61498978060047,37.51057700221168,91.98487738932941,6.522712523028922,106.85962674886889,papaya
55.52124584729843,50.19595394071372,51.17517619158097,32.93734415225008,94.51453165879832,6.637105443188579,143.5268411369237,papaya
54.85747147455459,79.06940182263186,58.88446930358555,33.73418168095417,92.00959397184586,6.490056215870227,121.25010741200762,papaya
44.47249212933678,50.278510362880574,56.533683837958854,30.78641542639304,95.99963168414013,7.000818553447532,145.51254323419172,papaya
50.00318611465068,52.42718690385446,52.70084411347764,37.26427738962577,89.89053061323256,6.086643164432508,162.5804563714186,papaya
53.243659742438005,46.798011985588204,42.66608629085882,31.42268717784958,89.82640319289726,6.570526898383525,138.33631739298133,papaya
43.492063449315395,50.41836180500072,47.712156560806186,34.503074604578686,91.05111039090546,7.163466809336521,157.70219286051966,papaya
34.09154143141304,63.23727765413854,56.05543982585583,32.695795095627425,87.51440723809053,6.703226703764455,144.8072837129439,papaya
38.78353763466805,43.487807837400645,49.124464535465606,33.300768423847536,90.74820390403282,6.666635706101376,117.43059065449202,papaya
45.65179387133886,63.333250306143476,46.50029919648711,28.984082584622342,90.58192316682928,6.271936614597256,151.67840741154328,papaya
53.18837403380425,41.412253749139694,57.59012970582189,30.663441096164323,96.67754687144705,6.680489494199754,113.84016253652095,papaya
38.58013929307319,61.480952917873445,46.08700110101623,33.71003827114558,96.83834069809112,6.4203023743083705,146.49907144239268,papaya
64.19844487373054,60.705134754664,33.933972646419946,35.51616703519641,88.51099142664967,7.262723011493186,124.42830987505056,papaya
79.69509507745664,72.67375988327679,42.03387430372021,34.06004141500483,94.2609328449004,7.0134641896906835,156.05840649940492,papaya
26.26079518483055,9.385155266828152,27.066258651391735,26.30627202415078,96.71674646394426,6.182590520151323,183.7385099707077,coconut
23.976171246285908,0.0,32.480550591001204,27.43713777774743,98.3376161626014,5.235706008868166,221.71559897130274,coconut
20.37704564462333,12.444947653300225,43.40735030087501,28.121522536011145,95.80073657892513,6.12114559290116,160.4956559501687,coconut
19.857554377448036,6.422436169386257,29.643464804596142,22.328138605889805,95.8580791351351,5.939131373108188,164.91388789999706,coconut
21.098790419700716,2.832180385172797,45.434159972970264,26.7944650770248,94.70831113405562,5.517301894933539,175.71839147347785,coconut
26.934799451366402,15.17958104716017,36.83550200912445,28.092797903334542,94.28291494487478,5.274918416481649,168.96883684400095,coconut
18.820642677331612,15.243972198356204,32.47512353967856,30.224623055807097,97.39497708007634,5.771752195247952,121.14612410140396,coconut
26.927876169707403,16.79692611615372,19.07030727278219,30.018480039655003,95.76423434118503,6.080342749062827,223.44349762741982,coconut
26.723425866153075,13.25665475997602,33.78573652649587,28.232788581060717,94.19988513223495,5.972449275133839,147.93048536216372,coconut
18.334801121305407,8.166830606655335,24.917557043026683,27.273493005296928,94.35203829859884,6.251117360175987,126.33038160118704,coconut
19.4332260294635,10.657758200887478,27.514966081304955,26.655214600381537,91.82950797854029,6.178238552334746,194.42817947701212,coconut
22.467686471018833,15.193635297210914,31.612236846260014,27.957362361301875,95.31218147691371,6.343775359796247,127.68311091603634,coconut
15.532095160109947,17.934498285165454,10.316513423230358,26.719644140349313,97.34454991921613,5.953369667229118,162.84966785647907,coconut
20.647108384076503,8.234399099987767,30.246795942055513,25.63323792695974,97.21734883991145,6.71163246053283,170.99829033665134,coconut
13.067552896543784,7.380784148433024,28.528090719176287,28.011077753806415,92.98397355365864,5.615418840678925,190.3202841357642,coconut
24.69454416019779,6.892029774146579,19.334263568392032,33.56823640257577,96.56660847417743,5.866498119116484,201.07093826592518,coconut
19.37771685142789,14.33578444550093,31.275145582209777,27.182543796335146,94.77283626353842,5.276309333268455,233.1428469817942,coconut
15.292330398661283,3.199882118447027,28.29712093794906,25.077056372978987,94.89657441887945,6.343881924280884,204.8590870158767,coconut
24.07365360810841,8.471839726071599,30.396734621292687,27.81575810179498,91.48442515211586,6.28529235005993,131.28102137248504,coconut
30.201732994532446,7.977424576791524,28.52099858244327,25.46058580152429,93.74005993628862,7.13704678457162,203.21109065869894,coconut
12.253987774260809,17.521064503426146,39.54593820113145,26.437575075423425,95.61339388405968,5.992527960289463,234.17739713340796,coconut
16.01854905503955,10.730053048878634,26.574837352057564,24.133919190764292,99.38327651010998,5.409216710448794,181.60387562463328,coconut
11.296496968098323,8.004647303784534,33.37575057146766,25.350532040995276,96.17360370147131,5.865479454055959,209.8024753719584,coconut
26.808804566701117,7.066276196349941,30.613862875143656,27.366908452944465,96.23869859086939,6.007190998122133,180.70632878028528,coconut
18.7829676260244,10.576199334860092,40.38352154828106,28.29216648242371,96.40251127888673,6.361535162067789,170.38573666356893,coconut
21.59413521789765,4.574131608321277,40.150461250535656,21.43407913531356,94.82570321532916,6.570447988575137,134.08396199111974,coconut
21.998899588084257,6.596167767104866,27.04957387848905,28.891881921278877,95.3961138517703,4.982822066057818,145.70723380805205,coconut
24.8766786744438,12.244713590964988,43.985084580194275,30.365295188026593,94.31550973970641,7.251618902534744,175.73439009555733,coconut
15.186657327954872,6.831800670447113,11.94619915768465,30.214038016498563,98.18952397808772,5.492246280593339,168.16347134854283,coconut
20.478037720562888,5.198234739289431,15.959183749830707,26.579284792446177,94.35784114108151,5.805794379505612,181.68148187802893,coconut
27.14759829262996,8.48453640154137,31.363543989770903,28.45374104748987,96.10828585302549,5.692788237776079,177.89131369342107,coconut
22.737699100845266,4.3582433124461115,40.10831208637207,29.863177810428223,93.55443948911102,6.096835009174084,194.26834770013096,coconut
17.271929218356238,12.408069228440471,31.306045010337325,24.0641636447224,95.91832263195711,5.449928791864482,203.17608554986143,coconut
16.643944624330555,9.193572831694274,40.9782313075726,27.992763293057692,92.84105216085091,5.492541714600458,157.02091634128823,coconut
21.97322041678333,11.791499074663841,23.255181562697047,24.665581028771282,95.56316681017167,5.909069967104919,239.71647662343213,coconut
20.183018282815393,19.071264138501373,20.63693121516528,23.853574120876587,92.75982973494894,6.594564890726733,227.683047690806,coconut
16.08910273023683,7.6971698512022115,20.648152718300004,23.376720305763225,96.43682339555326,6.111510151481082,175.31463948021627,coconut
12.999717314183101,18.1997834091433,25.973146095604214,28.06725284963295,92.09087718951055,5.904737405189981,183.74123368715752,coconut
21.635376090266536,10.773242716183125,33.95617993639018,24.738959087934077,95.39474521087932,6.056878841740138,181.95018052585183,coconut
20.361726086595908,3.6339361304330122,19.45760198312821,22.571463628230898,96.63506901969059,6.413828754867599,200.3065087366636,coconut
21.53394981230726,0.0,21.78631606571787,27.340830835186225,95.2710360055836,5.888625893423989,186.0675160872474,coconut
20.058258538426227,10.603852327756808,24.88747733734387,28.96402197224318,94.13845678263924,5.334675458489687,151.87002961543814,coconut
18.2576690431901,14.970013941844233,29.661856012521657,26.627703562068703,92.50267315047475,6.392741294914789,155.44143537929844,coconut
19.49986070529332,17.400915384409323,34.070106648394436,23.74349190456965,91.46097952729505,5.967844774940377,138.61778155375583,coconut
23.24273373816499,10.211315324824897,31.323078152190902,25.586513636715296,98.48276731057341,7.42129686400523,166.64245828729855,coconut
21.765196242075003,10.487086715321563,27.92250509247145,25.335859064534407,92.83006402503905,5.432201367237238,187.15720076647438,coconut
17.401627608981823,0.0,33.55886576478658,26.92347743507169,97.69334600280229,6.186561198545505,130.63979211069108,coconut
8.851616796350095,6.402638078310313,24.99914063445078,28.886318402000335,94.98225813542085,6.566844249049255,135.25500832892095,coconut
24.82632192190224,13.604945767154597,13.85412710855043,29.645235682521545,95.18691698353271,6.196022251934253,149.05311662714732,coconut
26.376235064609862,4.070738353805651,36.65673614699157,28.641214951817343,93.05166514365555,6.991686799711287,181.94585440652557,coconut
23.26946305135512,2.3643960233212216,46.94184002406852,24.55088611954982,97.04977286553186,5.502614141034153,156.43033591456953,coconut
23.943770219427236,15.137763568375785,19.82972600708718,29.18094433811399,97.08996099026639,5.531023295577554,222.9594278077333,coconut
12.71571185875981,6.876137086111923,33.83202099273591,25.292867430594786,95.52763817135869,6.120538039401648,169.38777190231838,coconut
24.162002692952797,8.858196036711805,31.852328550510446,29.292943754975806,96.58137242005168,6.393008645407105,140.5246119334966,coconut
22.62396287750661,5.607506045152476,19.748680161775788,26.856587307430065,93.19140962669682,6.3953088594199885,199.43606379085972,coconut
10.48686881784279,5.85848730211555,18.32170662465601,26.07474144681422,95.91035133973764,5.878855950910806,157.30722277998595,coconut
26.500882634065697,0.0,39.8949751481458,25.91142341368903,94.84378197977442,5.7363183311399455,221.28664316617355,coconut
13.845107515973702,10.058681848609679,34.21950921487998,23.777994464229664,93.1602036591077,5.925910733250886,148.40004895946876,coconut
15.92204114390425,8.250686684617813,35.196650653169385,26.31456444624371,97.1568523889459,5.501121108670323,137.44233218579643,coconut
29.63172702860567,6.710209361672444,19.51270394342272,23.51589211645634,97.15020690761787,5.82934774266997,167.38870794800803,coconut
19.2039914420668,15.064714423348907,28.563761328192637,31.68810755766525,95.26752114810846,6.530892383479161,199.1571957371322,coconut
19.81776339870981,7.065145069897683,32.65571142853243,28.020197462414547,93.85482790374695,6.083169432975328,212.08614934778788,coconut
30.349738695348393,14.271846601747107,44.902077491042256,25.74125157758709,96.40376450411858,6.669259754290636,148.1100000108401,coconut
17.572049439774954,18.68952380917625,22.19920915370448,24.31773993468858,98.05596314727902,6.598381612490219,187.96360731951307,coconut
19.771446226770863,7.807377471975091,32.255590990472406,30.1596139148031,95.47713225228415,7.083479633623483,148.0617404307931,coconut
19.901596228358652,8.134706661680422,21.318867654701336,26.69383253398069,95.83465860332088,6.262115089976015,240.11356536833668,coconut
22.3223373486178,15.75068401839808,30.528753970391808,30.35611120090519,99.79689857117614,6.265542565487975,145.22022953645256,coconut
17.25597488611416,11.40967151602581,33.65198428200517,28.396850268768745,95.92039536246008,6.003492458127969,155.91404676393614,coconut
22.005691306321147,19.274936787403284,38.159428843422035,28.069407899272395,97.0591338476455,5.814467985549574,159.75204561750039,coconut
16.26107447817009,9.37356688615281,26.623952826327358,29.41654948130428,94.04935316463562,5.598639141887542,233.27731536491893,coconut
17.74312384459328,10.767642286251755,33.61058259794729,24.72661376215837,97.47096753900614,6.318559520205614,221.75152035642344,coconut
16.6038903139095,10.4956289623808,30.31484603995356,27.527776988700044,92.09077050284567,6.055418189346111,132.20608265728765,coconut
21.791670355984607,0.0,15.187305325675307,28.637097432879997,93.90632308961044,5.50607096318388,213.12536863226643,coconut
21.638131086642076,14.360450977668918,28.670063421433355,32.35925738780001,93.7909722788804,6.872247774679944,173.1590187970026,coconut
11.72744802543627,12.414243728740542,32.518100491641306,24.89735637152154,93.15556144573057,5.9876511784575035,185.49243445743946,coconut
7.646683585602997,15.265607262619014,26.04401620948018,24.336505031203647,96.88213310290386,5.988191010290772,211.48497330346763,coconut
22.189761314898778,9.99242748525977,28.77816044015875,27.965425521112277,94.17293748238134,5.5737137056267505,193.29727367963932,coconut
19.27756079277785,10.16783824034503,38.71503868923686,26.77224678452852,95.03006785108359,5.700175244274534,187.92219801945552,coconut
21.74913956340044,14.50387565895279,25.36696930394499,26.08436606081963,96.58427479829093,6.126106501681432,147.81345621421917,coconut
26.532770338672503,1.507747157998745,36.27427802611001,24.469575928003607,98.77157703297105,5.227700136547188,209.56751955618245,coconut
19.59182819994378,8.16698715080628,31.48317325174209,28.263800678315626,93.19119899533825,5.592106137415714,194.48814595338658,coconut
11.463285231752,7.078854534039573,54.32549563327552,25.063974070821438,97.2956055835195,5.707024615643094,190.2713543439143,coconut
23.27177845298109,15.644783675914738,28.397969385497795,30.977769277509708,93.82132687082964,6.11711020679978,182.35830796652823,coconut
14.390159400252923,8.570638725104397,31.29210799390726,26.13575791374116,99.88184793091307,5.580688163200235,210.38273404421284,coconut
24.28229906574393,9.930689327478643,23.078327569182026,25.46348935921646,93.96406540156698,5.107129359026868,144.8960372260213,coconut
12.587617423181786,16.729375015888586,34.94769913910575,28.571948197730922,96.1776639030839,6.083483811667081,218.8204099638741,coconut
16.946186721341313,10.533348276835225,35.976470622592984,24.357581536287743,100.0,6.014282881388793,179.25968351726777,coconut
26.28439015837461,14.574776665051118,30.304624155171673,27.260258876196083,91.99170293810404,5.721767111075012,190.51630648476882,coconut
22.21946419521443,16.105828750020436,29.0359915342134,24.22542697313827,97.11346086155136,6.718044673091008,201.94733718568688,coconut
19.181831645712542,15.221930259382894,57.43128382406571,27.23030462888095,92.37652661550975,5.706857475223924,193.76428000912153,coconut
11.975978445509686,10.847015374560348,33.04269320252706,30.070243479625304,97.6203897121086,6.432292395875885,110.11962968456412,coconut
24.605265640239626,13.527566930301232,32.047555016626774,23.53955574770903,93.44645218162587,5.416588615232967,114.54974681478728,coconut
19.985424242926026,6.010889392786102,51.00244464215129,26.66245612112418,97.58750631173191,5.215450487653388,159.0973124198539,coconut
20.484489380171574,5.459230256961648,26.622394521562047,26.564098187512922,94.53218402911021,6.927559286517673,186.3467885629453,coconut
22.397552814706515,12.698273871725352,34.9010110186969,26.83422603225027,94.3585072570423,6.083408029759139,209.7041184674042,coconut
25.631190942181917,8.798007621557945,36.14274955734489,26.610830673920663,95.06774109887048,5.763238309222901,169.550645832813,coconut
26.7066503477484,10.46210573669618,31.08226006841854,24.105564441484084,94.38151218473455,5.879342548127636,150.12569543669784,coconut
20.10832705851782,7.8540885488617285,30.639966841948656,27.243006019637868,93.08849128435472,5.800649108758405,177.321228482825,coconut
25.921497155783626,11.283595863978702,24.704518560660578,27.798009518487703,98.41509777864353,6.458353236294509,191.4257959130686,coconut
23.627950877411607,17.199770207143153,38.60501435214128,28.133520762235314,97.13728443918016,5.45917445186797,129.93204242979158,coconut
122.35647975965745,46.68680709650538,17.280449732433713,26.47755800948313,70.68568206774381,6.786091097576879,70.3008891024477,cotton
95.45547322350811,60.94731007269304,13.203993656683384,22.23497982807694,84.53989878902567,7.258418137371493,57.83650607030507,cotton
130.23733813890954,48.89784478658222,31.66517781055734,25.211821248204913,79.29379089465733,6.657399217152231,65.11513266088858,cotton
107.61346356797763,59.71098813911922,20.089849575082354,25.69574137192419,87.57123799990444,6.056614343117014,105.5774752940075,cotton
120.83095367675001,50.35048371640444,15.857983891258744,21.734626804654447,82.44422944906493,7.953839120132588,100.06626625629804,cotton
138.9828438212781,44.0799872973858,16.99897887707186,21.65758514526302,77.55863137651656,6.17888702673179,65.50161314216797,cotton
111.59470265910235,44.24641825605159,20.65875054873646,25.08735260587683,79.9253731377852,6.767422765462897,40.732827134689586,cotton
111.3703708739731,36.27549362312995,22.33033374139302,26.727862190081083,84.6928553352997,7.302781094451128,77.32948529095023,cotton
112.17066651786155,38.52897246332934,12.462505416991247,26.975561101523574,79.12644481035012,6.501463882551651,63.4701724857953,cotton
106.99539815351172,46.43024485015127,25.337339255353427,22.95603135121325,68.73733242608175,6.924327865936432,76.87612199805609,cotton
116.62619653596717,39.72538833524298,21.087195403629213,24.198423345447004,79.87584842936677,7.165056544577186,71.40334353704293,cotton
112.7012149544902,59.801232895854,22.79677704857718,26.4808381828284,86.13052292667034,7.21037767224992,98.56777358272342,cotton
96.30982256894609,48.04153871996027,19.08640769092836,29.03305227269943,84.6382276590165,6.747821923682728,87.45588317058412,cotton
122.5152200017386,50.54331433152229,14.90578765312674,25.080049395714674,78.85924325355883,7.1129799056222405,65.51229669755661,cotton
111.22405242905101,57.738420203667026,14.742262208299195,21.066736796873855,79.74209371392212,6.691243849925618,62.299427354744026,cotton
121.57613956812442,30.949341430962953,14.96018882543181,30.16228674877093,82.29737529484504,6.701374659092036,88.36430156532394,cotton
128.50995715479945,55.944144200902386,19.36421985271635,26.929493108318667,69.80776737558914,6.5774767478096985,83.27742803472911,cotton
124.94450299211687,36.88217712331358,21.297099956315797,22.12847925393822,78.61520452886417,7.409909520266004,98.178749937772,cotton
105.04409508955106,35.427485379798966,17.94413302223342,23.919761096481224,76.71050755712629,7.416256977119867,86.9477968341711,cotton
126.09127664811643,33.334611710550284,25.8364535869189,15.539493533277927,84.17027725924684,7.373724695068309,71.35197625444077,cotton
139.09365325871136,45.36902447045654,20.312158516637215,25.01858636221265,95.93287455905528,7.537773563233202,94.02262401425835,cotton
106.30793270098208,47.43589825479492,15.934379530768068,26.466332541848438,80.70233487867428,6.550191328154442,81.62249166837006,cotton
107.25873795425542,47.51216221337547,15.704613418173718,24.08246290008244,83.75234930967548,6.978779203229958,72.18223465655223,cotton
123.04914331586194,52.97182620792853,14.464083650591197,24.781968464115607,86.587704095087,7.229462785310686,81.15508293334456,cotton
129.59606260048344,50.52496456102682,23.76800554579907,17.928205167051168,72.23271933168367,7.401931659793295,49.894416476771184,cotton
126.02307953578807,42.47950343967708,15.019053772020015,25.04894927144242,81.00516751858285,7.844137060838551,67.50377590928221,cotton
141.6016518010376,49.524229143843144,16.694890592286438,26.397739372551737,82.82869252226976,7.01433731794322,85.32590712881247,cotton
111.04519453431702,37.74212874745493,23.797210869112916,23.328181727060176,79.59958500875453,7.1119286383777105,85.30576689567616,cotton
98.56010293538903,58.862520864548586,20.60591075950339,23.39204021153355,82.15423002584873,7.0946168774459455,95.34125378979404,cotton
128.06975508226412,53.17846228996267,26.75496952863758,26.650873646912917,79.19756889835719,6.550839537569267,113.3559586600903,cotton
116.43414939979331,41.268925866394774,11.316365911177805,25.015419315936334,80.74443301976885,6.393954025500207,89.06548084266352,cotton
112.52712118947841,72.90315007288694,17.15319403954566,22.69442000340662,75.62611887872816,7.511150608416789,72.54448411070494,cotton
109.12628769351755,53.06955009920542,13.098235322934073,25.875331638746843,88.90699858300428,7.2266431331340355,92.7579663251985,cotton
133.05090325361226,63.09708028675519,26.049469800095522,25.31900916681907,84.51945700318001,6.645626029813956,95.52587181494644,cotton
104.91666043224379,42.32977581368373,4.587189124283812,25.204288978102387,76.78063994445824,7.444458086081785,87.80385221210805,cotton
136.8614384205244,35.16403455327462,25.191930185798164,30.31756903308998,83.82079149965948,7.316139603476915,83.39195352789869,cotton
112.12996829151953,53.61192372701509,12.469585447989658,22.74673462523755,71.14471598831409,6.718537449073967,92.84090183787123,cotton
127.58090064330695,46.50913695535473,20.852004970310052,18.34240614640737,78.13718859714542,6.727459357425916,66.81880618970918,cotton
128.9936794172063,37.39492673494689,16.976595749362946,17.73879226287145,78.52938409811915,6.564864980914552,81.58405857379287,cotton
105.73337929886303,47.045422455492165,19.276571196288284,29.016125319126964,82.48608990226597,6.264144850975079,54.702223117945834,cotton
120.828120134885,36.701520516073494,5.158157848820739,28.04863894150123,83.60112008452704,7.208390749396709,67.8535390905817,cotton
126.41515156514895,38.95639675779118,21.024286501088454,21.23825032249057,87.58144225278006,6.371905338367262,104.64567659021662,cotton
120.58373742025995,41.10533004658009,20.83501460847869,26.20004402153454,86.83373368347199,7.125257209253413,62.18607829475445,cotton
120.83445185648682,64.16793236662373,26.738390427563118,26.726290434373077,83.97843510061193,7.279780036242617,103.17509669019739,cotton
113.15056821417141,32.449139342249936,20.345017503685305,21.547255239666928,74.72489622311407,6.711888569364827,129.70627849067372,cotton
122.04186951113766,49.61907836360988,13.88818596497873,18.46874112362211,75.90473678440597,7.575278234083499,86.68550932153042,cotton
128.9789263716659,53.38566039202061,17.04325310100861,28.163896751920102,76.8359620038891,7.5624929437050215,88.84604312270682,cotton
93.16432268630517,38.51990513399465,11.075307335639478,27.489846398382625,79.876322895988,6.108663024020088,87.51493763439316,cotton
111.9425360641752,31.161941449666767,28.389829184843485,24.321857598289736,78.53284298843344,6.840230087605593,49.734410616844556,cotton
100.43176650623836,58.84916784875083,17.630585651071407,24.06620310281059,69.77834761899463,6.4727631856817975,92.19625039749505,cotton
125.6656764017075,63.53375198724316,26.71478165815613,23.30786708254553,82.36476782356635,6.87335862283877,121.09619637277297,cotton
137.235220440786,47.69685090857751,21.00197392438176,28.334550861779423,82.89788923556924,7.623451206828035,36.12704147482253,cotton
126.91842392248198,40.84565135318615,28.78188993813996,28.639196061569486,80.16417904550653,7.6142523915244125,115.66229039985012,cotton
121.1161000788922,70.71933772431858,19.84329423665139,23.356437148992274,84.32936294292172,6.8584837075430745,81.70679551589788,cotton
141.14151636076366,46.19218852217271,11.524911035123463,25.10195816354759,76.51853210473803,7.346108462917819,93.92379431652492,cotton
142.07100522249783,55.07532300792697,25.451221418290324,21.99270971958686,84.0199324794525,7.7873805157441165,66.22700182726466,cotton
146.99607437590646,40.5064990879867,15.740143774750129,24.888601330064514,83.57955208064405,7.364700049588906,60.764751584535965,cotton
126.51810145881436,39.14445428516495,12.555388719647116,21.213791053401646,76.24549817022091,7.208638064141003,103.04427326137338,cotton
97.901900551871,49.51961074208056,14.116509071145469,25.887256227042002,76.88634709498126,6.579468392790688,95.9932903069515,cotton
111.19616091832357,42.84036048647302,8.900054562218118,26.83965408427042,84.10454260584554,7.002183137712525,49.44838117288482,cotton
138.14053767502145,39.33736613639209,17.73323274949706,30.936132169078594,76.48181777945385,7.2968839849706,91.24184524165236,cotton
125.85258289320127,48.82000542554511,21.881942809445995,24.81582177282162,79.7404082061197,7.604513249644297,53.746788784014434,cotton
135.32187156023065,54.22342298687552,23.491995606647006,27.350938282920385,79.53700302365803,6.252410369669249,78.55414680571029,cotton
105.13208673563169,38.68140790141936,13.78790163083794,22.567965424668497,77.01688153008276,6.048972068029159,94.00443822564579,cotton
153.30482787007324,52.06237193496288,18.98538021732886,23.835760812971355,77.89507065993412,7.036016633546783,79.25983811853533,cotton
107.38427354402558,62.82888388947831,12.564228821451145,26.15499462958274,79.49401186341234,7.760332726026298,86.81729198496443,cotton
114.60141694225128,43.522928015655026,20.199533472598805,20.571627915010797,76.16565237441044,6.286022412323257,61.54046203251812,cotton
121.40859722490674,49.00175049284521,10.10335152501799,23.5883648908674,82.81704975411066,6.934835122649506,67.32422708444399,cotton
113.8175828242768,40.59236645022778,16.816347204459714,24.521470575734543,91.53844113867726,6.702520033237927,73.63714734677146,cotton
119.22453090937152,39.126455656417065,25.49117901761713,16.887343880080685,77.34470414810662,7.327325494527985,74.11811383222732,cotton
107.68741561724563,50.40756754438764,24.53171617698576,24.631906335645176,75.99389820093559,7.182481327660697,71.9590139945042,cotton
131.1778032284074,60.832588848565905,6.972116221557336,24.333202419586897,71.32133031526186,7.976715434131909,70.63750932407619,cotton
131.19559862738058,45.64683140405104,15.984577096404703,21.23384085846772,87.9283958655038,7.382375224071325,118.87168174755126,cotton
120.83180002736549,48.87919621246,18.66404217172356,23.138753390654973,74.79056533761316,7.03360407636974,64.21506810227606,cotton
126.62863383246304,47.700102189802095,21.43841021837861,29.02538981907068,79.81141025117205,7.302690801141371,121.03018928171163,cotton
139.5992560394257,57.53169698454845,18.4665589223975,24.68892916670339,73.4086185398503,7.199565760385766,85.48920355227683,cotton
120.35077687734271,56.2719478824286,13.961125887878017,28.90458855348104,84.50882343970142,6.97174640813921,77.02540824365212,cotton
127.20916822872891,61.208512320637794,20.508038593450053,24.432092705937677,80.09059238812935,7.712809645080589,72.62233794125952,cotton
119.55738602071393,60.63435654260994,20.735054168064316,27.411176580136566,75.4435997154852,6.917882991348594,109.68868076880457,cotton
109.85490426354681,44.487009602302926,21.283426154457395,21.03253644602104,77.93094940689052,7.045054672730256,80.93363468323922,cotton
139.20528031255702,61.41457194832253,15.719575639995444,24.33380555750247,83.37124154212383,7.606538986319679,94.36980594634258,cotton
124.36370102388497,52.665425319826305,23.3688441716813,21.216857123146895,80.96399396253135,7.583664397675476,75.85286462611991,cotton
121.94169963821166,43.57483550473978,8.430702521965625,24.06177053170404,81.50895965326437,6.795002643647639,56.907261022305434,cotton
106.79090310327526,53.64187616135564,29.862623865234525,28.147300022716298,73.27826997584724,7.341850924220282,66.7367524838142,cotton
111.26599406236835,41.38024402028716,23.530334749277152,26.877760129347116,79.50984464360106,6.96757170359679,89.28527486471586,cotton
128.51991809286363,57.762257067585296,13.578140122454005,24.06008201941209,74.6598781205441,6.979623088374638,75.47649424638479,cotton
119.29875819145947,38.00257111889468,12.563551033962856,17.71668741985529,79.3440992286758,6.827599557666824,66.48124670392346,cotton
139.8382269424749,37.40561813204689,27.084170410694014,28.871531232807772,70.2454976660531,7.036952583599588,72.00607018328019,cotton
76.32294082924102,31.553587469315858,23.87468053554237,30.057597758133795,84.51339071349624,7.129452989005191,79.57335236737825,cotton
145.2399437197217,67.48239201957641,17.06578660237907,18.00004031906913,69.50906268364399,7.528752396863921,79.05882918451226,cotton
122.74862865688078,28.093490070432868,16.23405543605767,23.113557558297654,81.03919191682036,6.8405631844344965,59.25347603397314,cotton
108.23149511096216,58.08323285947233,21.223923098017497,25.836470420866654,75.50563094561335,5.81847060583975,69.53791386231008,cotton
107.00144168361756,49.49012268628079,36.428618568409206,26.085498052854767,93.67980079691745,7.227507878135779,67.40227524854569,cotton
125.21874117181325,63.80638599477708,29.147812981606194,22.273987895870764,81.26591847849649,6.428293248131542,96.49337249382859,cotton
143.30032048583843,46.39799454116016,16.66307972819936,25.080392853832688,82.08729515681583,7.032457532739848,83.57430248671906,cotton
117.39277724295944,55.959549282264064,23.681137225825633,21.050690558567553,74.94704698420702,6.898250233189375,94.73674248210358,cotton
122.22086120836222,39.56849589877345,21.30759298362915,23.007568441433182,84.40243230112065,7.133223374026819,73.69443625095712,cotton
123.47278158069692,59.150480595242016,17.151849617268113,25.207970944941483,79.64769829767002,7.1707934735448395,66.90870116808539,cotton
121.65503149739064,57.07823282416801,15.314965093769462,20.011784690024754,73.54272217756518,6.531734987919925,91.90646575785328,cotton
98.91210471201802,43.02104655256469,23.09144651655354,25.249977181645782,78.07220510018757,7.076369492702042,82.14290659475137,cotton
77.75759044451814,40.313322250763356,57.883419478055686,26.618621807862603,92.40325458756071,6.6012147468318,172.87583507779632,jute
66.67874234723352,35.523465583283425,55.21530518930001,23.95593142031649,89.5964065007223,6.302655095728044,148.66327414816809,jute
76.5876877897658,41.49000062656658,47.38469833960104,25.901540834372533,77.91842371327986,6.746673677392757,167.0234270053825,jute
70.8534626467427,34.896296507187024,48.22307113146728,21.34367014414572,88.08679348722528,6.662802309759107,155.68728484019599,jute
87.39759290697269,53.88173267317694,48.94105953283166,26.00370409871978,85.43431744860918,6.113400969142454,161.9542364627963,jute
70.88829939975156,51.7971098497214,36.93217584860891,26.69081311356411,82.67928471244319,6.455077225534527,160.3260447505929,jute
92.93817690814726,35.796138810524695,40.99894088156383,23.43491742734711,78.4302390654207,6.781535222412011,155.42833724256272,jute
70.39553046016118,44.29018669421954,33.24210072967059,23.378684888602656,75.30473428149014,6.768836781467472,198.59254085999603,jute
95.06528636312267,36.19265531204977,57.20248634664969,22.99059027858641,85.41774261663934,6.511321418393822,153.22691825324975,jute
72.55243843215611,41.58041840280705,44.63977736826888,26.339736075809643,75.28007492326056,6.404136284995492,152.0840326659113,jute
78.88645597614489,40.318755166473004,32.39859630344164,25.53920738812649,91.31284404167658,6.598113815265939,164.16220446991167,jute
85.59661570324369,37.52946966610564,45.35171585374546,23.56291458644192,89.1605980378865,6.937909989036918,159.4994262730822,jute
74.11308300530726,37.88960197833572,50.98199732999099,22.462497984797434,76.66029164770248,6.57533577722983,174.60780083107656,jute
77.28890307353205,30.0701773488763,36.80141853123626,24.800898633630062,76.85951082460109,7.0747101956190654,197.9852107188412,jute
79.21613300270607,43.844332694805836,22.711552021205833,24.157794455676335,85.02410845878957,6.630625366728289,156.56845809020098,jute
102.7768892603093,56.55261752156644,43.74059929985726,27.277821222960096,68.87032291020961,6.484979423748517,163.2510531706712,jute
77.64019901133054,38.0804478322083,19.599789667869228,25.772049237417118,82.71827064140304,7.4407595166359926,155.2922683806259,jute
71.29836842220098,20.56012411228425,37.65146530727291,26.802223562124343,76.94116068903641,7.657377927417459,168.5851291052619,jute
81.46992284288555,31.09517535534725,42.29776276140223,21.041360410294608,83.46848977506572,7.089771270494165,208.98228560841275,jute
69.80031281232311,43.284496946379356,44.510532475092035,25.88456327666062,75.67350362432575,5.843207244177544,183.67400742211203,jute
78.4750032169008,37.46663525630848,46.11156290972373,24.910160923691134,73.404024736161,6.027419084361512,146.77591837167085,jute
103.93012294766787,47.78221419146218,41.508898735800095,24.63667814562839,78.76303530026283,7.266878393343638,162.73510645241421,jute
85.76920410684292,39.21257639766725,55.5212530546805,26.484577015156606,86.22778407341812,6.566236090124704,201.45340281418555,jute
76.8742257460531,42.8802785914628,53.08038136495567,22.914449886487162,81.01623865652701,6.975202103407491,188.00010952002026,jute
75.49215506906535,58.690112806464654,29.640544917277918,27.917770777264938,86.0753280279582,7.560355515841474,135.2943225323045,jute
71.3116851211029,53.93554447329313,24.98368676295753,21.787082197919172,77.55846106644255,6.8767975154489065,214.80562684121938,jute
78.14734085069642,37.134086815483684,42.49111950157142,25.939192966588802,82.20619911085136,6.728805516819461,126.12284715204626,jute
70.82384010893668,53.362168682139696,41.496551503812796,24.354955761785888,85.59084274186988,6.34795334705242,169.36629665717481,jute
81.37758405174037,38.468979973642966,40.80610258321279,24.62461213715647,73.00328476107063,6.872591152751622,141.7912052121783,jute
81.65615125096723,52.99308659320087,37.751814421791565,22.657033740058026,79.3650609339751,6.4672115567685875,189.86272506578675,jute
78.52011252477146,55.67810601331659,49.303916765418705,24.693838991037193,83.57804533986545,6.642705436334862,175.8489221291292,jute
76.38565803649688,48.13164767879767,51.46390621367662,26.597296414382285,84.60968300642678,7.169213374894292,188.78139805836776,jute
68.60713840789732,55.607772155332,54.4352866135874,24.532240793373262,78.1465104239191,7.04496466116615,188.77032087958762,jute
77.98053931246982,31.999794755299167,42.445609525998215,26.10287307635109,83.62910574019399,6.939717108941683,168.22212129095226,jute
89.94002039506279,42.526787980527345,36.280615885082234,24.63869323590856,71.27015483762509,6.727103270328584,192.2109129968667,jute
83.3978302213923,54.16531338384949,37.89620068787437,25.97462632610663,83.96370088152887,7.737142803314963,178.619137277941,jute
69.55812821135977,48.783430026842254,54.92581884774766,24.354902579546756,84.20540769303207,7.291491222091568,200.42663859925383,jute
81.25558522473578,36.41220993429483,39.34976361589131,25.917200907755262,84.54111262045865,6.933578019199616,165.50230083648557,jute
85.55379656149769,48.88068054194256,43.036880451315845,23.32762577092335,79.09296982641405,7.179128310564987,140.42455478138817,jute
59.06821977608841,54.06466280115217,44.09132204017504,26.21346000504021,74.61591513186472,7.095011225386615,181.8812171892091,jute
64.15672422151603,53.394267314190856,41.26946658894983,24.207832067841462,78.11005127007391,5.993911237827049,189.8334149907841,jute
82.61857207245725,40.44735894133524,50.227881659613374,22.232281962008308,77.01613761816192,6.459996698095845,168.03012550571117,jute
80.67470025257224,45.44010819049084,37.22421237515906,23.245288529690214,88.43003474885222,7.764656076715427,178.58216679705063,jute
72.43219632979132,53.803633048338355,28.42594314937228,24.330453350590346,76.5194147432685,6.336185779819805,167.99939417695578,jute
71.35827920826036,42.10123571318923,40.217417341379715,23.75733655295604,78.14743321703065,6.707660412838516,195.24615152798566,jute
78.51570598935814,48.59761392628878,44.68650386843724,26.143061393801485,86.93922985172986,6.352243648101636,163.17042234232215,jute
97.63298800299569,39.94146799528586,17.479010480753203,24.59406331370423,80.67469765081624,5.753154753027515,208.3483909971987,jute
72.86287536134398,44.628504921500124,38.1921476372475,22.42329716159192,74.6474593268229,6.425966865428981,202.14179772959096,jute
78.52461811899848,37.82507586758603,32.523128699278146,27.392300443052253,87.32100636261794,7.2738975594826725,187.31093347885417,jute
82.89830041870712,32.27249745619279,38.03344698631154,23.63227959330713,70.87243945507645,7.2228173676661465,157.60425134019312,jute
91.95941907435306,49.0539712060801,44.45374381306735,26.225768143526366,76.92343058963147,7.543140060516266,176.07813577382623,jute
83.01931685118704,36.80738933146689,32.55067791378432,25.954592017618847,81.08756747969393,6.484259053638969,139.0393320306149,jute
67.30076912672453,51.569069736728856,35.09396948279943,24.322182908648333,87.2517012937953,6.351139775405434,156.8251293570736,jute
72.31233171439307,54.944547849328316,55.947068004659315,26.50312645080434,83.9169236207712,6.567857998858908,223.68321217260706,jute
82.67696254358663,48.824882115597916,39.155800489832366,24.46393482534478,88.31521129798058,7.015889471895322,211.28438652675953,jute
82.55328171745045,35.21306770861528,35.333256536972094,25.205930484929223,76.86749891978337,6.357015436548924,205.03542579467563,jute
74.55129929176488,43.105541982330564,42.36906871908484,23.823693749358863,87.2539973315437,6.353143295518155,181.54063158951928,jute
82.46117706376583,41.565963177086815,29.62469909382414,26.741635103726928,83.71755335167299,6.529772588563513,192.68718018013405,jute
83.74907686300776,31.75510283711113,33.16856868342914,27.276562889779157,81.54708092571025,6.574278821675749,153.53810272068395,jute
74.84606201884579,38.44416376097836,33.23229573896599,21.516471775233395,85.70006643200392,7.188253469044577,143.16861370482852,jute
81.36311295563668,34.78209437828187,37.90746221418772,24.310466840252687,77.86082892141064,7.601178833630515,163.99185788309524,jute
71.91736174933075,35.89934856402362,48.35021565121404,21.69579533661413,76.1868854178224,7.378729136044614,181.09965469994117,jute
81.91922005036113,59.05717168114961,41.97078362358799,23.583627677280834,78.58961471561825,6.345827076387772,206.39842600039242,jute
85.74561717536716,50.99531319976711,49.70387142839496,24.171578438144934,75.27623573995555,6.779314755476782,153.18097323028655,jute
81.64956875409025,51.056775046677515,38.65488283160666,25.299990179815477,79.53077191888316,7.121091028975079,158.30544014279275,jute
58.03553738356901,45.76695087500305,47.902675370463946,25.89274848951707,76.79884752265993,6.345995160725572,187.36243829450802,jute
81.41478952934673,40.993658978733365,54.579706743950325,23.10639981163734,88.87518510563733,6.8127135619482555,129.11073807822814,jute
78.20797345680859,49.67596861279553,37.07955973756023,22.05044291752321,79.17742734101915,6.4571310504433175,187.29536002719905,jute
87.73399816067611,33.54983673801515,34.353567559074804,26.513284930213874,75.7057786085052,6.367136745668802,145.53272170509362,jute
83.5203861295812,44.47326175613971,34.527631756967665,25.010170792256467,87.63566192077565,6.410375937232711,126.20643477473877,jute
84.5507557572037,41.11679068878729,34.31979930547919,26.304160474709818,84.19612572334395,5.916688792047963,158.6850522667128,jute
103.17516231196855,46.66723932638553,45.4088291063772,27.345788557262956,80.08534412599863,7.118673664036648,192.95155109593006,jute
85.39041496752759,39.42390423506076,41.37647137893007,23.823276871386444,80.06407152283248,6.332603643160293,155.23440021817618,jute
77.17687958075071,34.45035654855939,35.95986183403859,24.672148046488967,82.01131172332188,7.179702920741164,163.4053907155473,jute
93.35104617268624,49.50888862900395,44.03275065555154,25.30729825859324,81.59560420934271,7.274820460266553,205.58949149398182,jute
93.34946728383643,42.33061465501603,44.43973731998891,27.6870930132441,76.88141982541804,6.672633258512678,175.40091657533696,jute
88.99598737979406,49.32137720574898,38.153087110416514,21.98278109124058,81.23091972147984,6.432673545068639,137.75159488399444,jute
67.36128439266284,44.61104806276448,50.888298887462454,25.077789032472488,81.05690327322982,7.27315797555117,136.38862727291115,jute
85.20176421600272,41.90728172544943,44.52845967065654,24.03303218319237,75.91031354786759,6.856203561714242,216.22978308336155,jute
88.60910104541463,37.938457838559266,29.27222371214976,21.63586543260443,86.58049725925241,6.417967084745669,166.8621646751266,jute
93.21211126077577,29.088788356168067,51.93811607580047,24.492719092214998,74.25708342380631,6.701059629140435,156.93508046496305,jute
84.40819798905716,36.81494052889778,24.706862312647658,24.55887493118202,73.21727473856731,6.881727953595328,145.3217416929169,jute
75.11987196827914,43.46070243371469,38.30033019972584,25.50086056600209,83.40143582858879,6.336826520107477,173.3900614843823,jute
46.70496202491871,43.97866641346019,37.59348695700126,23.03310047304406,81.57859711148262,7.2690790308740265,163.09955631002643,jute
70.5518550975828,43.32020209950969,29.315146666829115,23.67923725892892,86.1120108082525,6.824871691924915,128.01332590134584,jute
62.03008352720599,43.296685541174206,46.8991246073415,21.7647570827477,82.24856303748254,7.332137402995888,222.19647469896597,jute
83.31222759859877,46.054420756419795,22.934524578974848,29.199505095991977,77.12254893451939,6.426611536629983,168.61984663900938,jute
95.11673414185431,59.664368380348385,41.00326943580676,26.99616834520731,80.21602024342752,6.384881810792726,211.91859176970726,jute
73.77872519643611,54.28424618697506,50.38833063815267,26.228072527914417,89.14487378127177,7.6929384132742955,170.61891592589222,jute
71.91205881583569,27.08584130194822,57.957458043442045,24.1206359821631,85.67518428550869,6.503497852996206,213.45664102280088,jute
72.99882408184587,32.46624693106126,38.331948552369994,23.936448598076726,82.98149892730606,6.779442029122991,190.69255986379804,jute
77.08978526914706,36.67914103184956,35.33151561683141,29.089877596062053,81.12585466113468,6.006495116218782,161.99477466364797,jute
80.96866032475876,56.763197450003034,48.2295897271192,23.15656432703617,92.09177876786225,6.787535854079409,206.15824527687363,jute
68.44991502600098,22.81469523799282,28.732548077053114,18.499333047608587,90.56044663626454,6.885813167554566,151.88389953879923,jute
84.5262402998012,43.51467228944133,44.96746716491193,27.41906280227254,78.55039423487493,6.448064277559605,195.69438035929795,jute
88.02332777884466,42.80588646497076,57.420433509446184,24.124355754276696,75.50071014182366,6.9672365710026405,158.12655357716255,jute
84.95516524144895,35.33593395328448,36.798061736544916,28.78168084007833,77.9720632162616,6.480459382393081,204.2669697176625,jute
69.48958049713306,36.456454158823455,44.61248896407196,26.876822847746585,86.10238195540538,6.501111267111806,189.900216824653,jute
75.33891800455821,37.154754931914944,49.62570225833828,23.90089120828083,81.39102298010489,6.862231787692255,148.23114059153744,jute
89.66092855356321,46.48224714943163,24.109675105036633,25.554842222474687,76.13513282916689,7.238830122565051,138.86500408048104,jute
94.65284547055684,24.896196407907727,30.434722353135,27.525916513427944,45.852624111925685,7.325957168433689,175.75433976364815,coffee
120.39577319501345,28.993921353865932,29.907119084359653,23.43160357817768,53.49157455001039,7.294781666431288,201.56313344969146,coffee
90.70600029844465,0.0,28.29848212555905,25.424594223741767,56.00181910367694,6.764269600915701,186.2863773796499,coffee
114.85449320649286,25.565673121082934,15.593834384618912,25.31760053461341,76.43271826839351,6.6871083674012395,171.03458705331596,coffee
105.39228909660787,25.323036980047917,10.935102551312614,25.52095136617786,57.696857345642485,7.140747699626706,161.43018683866887,coffee
75.30232920097089,25.440713249374017,23.569402814058037,23.566428717837166,51.326727626267356,6.771252114832258,197.76283719280207,coffee
107.24394917766381,27.056185788936173,33.78436218270401,26.202654353720938,63.575445079702064,5.29061226646529,163.332650539145,coffee
84.32612448066622,31.303220580353113,28.822757558265117,26.06189617653566,45.95942500596957,7.008415444506426,178.81984360821428,coffee
108.35421823510755,15.495817182649422,23.810881240494957,26.44719890889181,52.44401271801559,6.717446481338669,95.17262191699834,coffee
92.68683165390111,36.37402772341193,33.51588662396612,26.333587329061984,73.88181228537086,5.332023190599282,135.54066655635677,coffee
93.98240242378917,28.86680986404312,37.00525090582589,24.267986582034748,65.98363457714039,6.298342616339146,196.349188769475,coffee
84.51035952816913,21.013507207470717,26.078661476987516,28.112060743131426,53.81775026747063,6.478775735494122,175.20434192989148,coffee
108.17887724539179,29.095620859785374,31.688998214757333,25.16350216944034,55.202410037129994,6.512836157603806,167.4877742822315,coffee
97.79242528227346,22.15362736772438,17.861969115423157,27.334710568909358,59.44889831111544,7.000935206770544,160.00481522221256,coffee
73.92403632217321,19.1324304855466,28.400560615052665,27.485806610867197,41.43781164389284,6.520589758474467,175.4102564737992,coffee
90.0776817207772,22.59702407853478,24.983707926801245,24.54085413355922,54.732641198949466,6.144654003766495,180.50854935808997,coffee
88.97572184746933,14.77671994361658,44.14342933471627,27.92148002364807,43.107893114726394,6.117615855073733,167.27388915168132,coffee
104.8563260084724,10.076057074104853,39.268523942578575,27.650448838363253,61.85521305632271,7.178364245356061,173.56869977712753,coffee
106.7287131887777,34.46143417457794,38.80975664582167,24.316985082176938,63.06556142937532,6.167866067520709,175.12463652850835,coffee
107.14920260529722,10.932261500352112,29.02523510951172,26.530514047160803,54.509678472046744,6.65735497119538,184.17693331003207,coffee
99.54110403653867,23.796795813666076,41.0673926284478,26.946393166450452,59.60659431739579,6.020960310179319,180.13078034166546,coffee
104.95224924087908,32.26991546961126,30.37502834642649,22.36746699973201,44.399033049373905,6.867840381879867,142.8941920690554,coffee
106.55151626665746,22.91386115601885,28.665282658448636,25.807277428823554,51.07688395963819,6.492111155550164,142.46519701616805,coffee
94.41615219811443,19.410807642326713,28.186453840810245,27.84434691301417,56.961673366362454,7.011851168295049,206.13564853979446,coffee
112.82416976584224,26.27574828054809,32.61465767586816,27.73071741810014,58.714885908769915,6.992284922978599,178.42317415869053,coffee
94.60239308829418,29.166807040822448,30.731840047820548,25.787735984775367,54.190406716808106,6.583009423937286,189.8938784623895,coffee
113.33410008389556,24.827150379671654,34.79714912580028,28.543393583045116,56.800269670633114,5.942289998234897,199.03389556535717,coffee
92.05332621953923,16.477295013248764,15.630417957323589,27.142566106328594,45.02837900358223,6.124870596154132,177.64710383545176,coffee
110.82881878612558,16.78636681425413,28.92677338406076,24.254810947187693,53.61282569751054,6.633107630076453,144.95059963610626,coffee
96.33677439736496,10.282346547059465,39.0636493184491,27.020133186342132,64.34324297469762,7.145212662308431,135.2436137336285,coffee
94.62408275457965,6.841325059342312,55.1233832808179,25.70082936936525,66.3098231993193,5.8809194278322705,189.8916527692903,coffee
127.86386314974499,21.517754007776148,21.91294802728319,25.72240719810893,40.18590780034219,6.481056649489079,184.62901417938988,coffee
99.46363533439728,19.72688356248826,34.22054492889627,27.208049693899106,44.72075549995854,6.544411481139394,233.0795537268773,coffee
79.97475631527965,21.31664933733547,45.53396897641362,28.20835031308735,53.89282655379151,6.603067689811302,159.9366496004553,coffee
88.77892293517499,21.40598314005534,27.760270937547766,26.2254978761535,52.012934554471734,5.86169089987767,158.76157679822887,coffee
125.7267732726817,22.65762341010237,27.347249768547638,27.508171610076996,56.73344309923697,7.434016462479555,159.88262472114764,coffee
110.50745594737245,15.963164940853817,34.0247140266933,26.550186953887508,57.547951002726336,6.24912111941514,140.85909503042876,coffee
104.23528995969478,27.03151287757179,28.98269762964695,26.574535858241585,57.696682574937846,6.549263012452694,153.98665051968325,coffee
100.26958869052463,43.58432365453941,32.4930743904594,27.290593916862086,61.50418884262478,6.36859158835147,198.81967639875003,coffee
95.63254344360487,30.44043639154041,27.32634401546841,24.08005496171192,60.923169665889546,5.947665821948947,176.06920675049827,coffee
82.08762015863024,19.447935756217174,18.546162427802066,31.648334018805457,44.76832352306948,6.5049068701982025,194.29912822990042,coffee
115.54578862880538,28.810736977385098,27.462172894228196,28.702177892674005,65.30712872641746,6.606149808830239,167.21742273179777,coffee
95.44116028576941,14.722783793335694,39.89720780382973,28.624415987203065,50.92712687176063,6.4231074174269045,155.69730350623212,coffee
99.51016144389536,22.514359028700653,37.57489169316944,24.505565383026514,51.22922406789872,7.118309871071488,146.12065774356105,coffee
81.054469696344,18.11896046320104,27.359578118047992,29.10992545545153,65.3986096990139,7.073760308316121,184.59920927040358,coffee
114.19365507422971,16.495342987357454,28.411182757172124,24.020169373952903,56.316095755703735,6.842052495467371,164.0374985443674,coffee
119.67221228440442,12.868673662182246,34.00190680558592,23.503394396261363,58.75341175338914,6.870166711278239,153.56492299527343,coffee
108.26689906130434,14.322141321336527,16.690480174428934,27.114059244975607,71.95208187260586,6.001977529915054,196.66582540320385,coffee
100.65135113224616,11.314467826455392,20.9479575891827,26.0315695467213,54.76430169660717,5.84354351162088,109.17882156323785,coffee
87.29921008110242,23.550472066648947,29.948793979174894,24.997524084999842,59.61509755433186,7.020013359931344,171.82379531302445,coffee
98.18036992915629,29.42457605328551,22.32119758226964,25.550160920889297,56.391296515197055,5.881523370778577,147.40377513146927,coffee
68.87560478657045,37.29742438130363,22.500689692509496,29.172228262842623,58.30467604575594,6.7824320660779795,145.33600604947205,coffee
103.11894537942511,27.203917119907487,35.31641931515346,27.549546780148713,55.05333831968659,6.2598201637543225,112.1747102419719,coffee
107.84828516765405,30.65902969058754,42.92785343934344,26.610345269161016,51.868161816731444,5.651451928355272,191.25000199250053,coffee
73.05585149833696,19.275167378049865,28.205545376450832,25.861089724297962,58.28642080028672,6.569073778183787,87.53910213764411,coffee
100.2198386480519,4.163395407104982,35.85774458472796,24.889749688392776,40.7437061982132,6.092897661307312,142.8977398244604,coffee
117.86049426332507,23.57310193400196,32.75555955480464,28.3624432684412,57.230845696604085,6.877093980516202,180.51583341795975,coffee
80.70295759645882,33.783868621038636,18.637585759434444,27.834733298955697,45.86341570475494,6.800618394075837,215.85744634450518,coffee
96.80532015174683,19.94915485717483,34.883519994534794,25.341207088074913,72.54622962994257,6.596096124729348,150.39491475337823,coffee
91.89571708156475,14.536412238615835,24.977960105940085,25.298653212682808,54.09888741201136,6.170912362931448,222.9652369105732,coffee
84.54857385265765,23.173060701169398,34.740168078086974,27.260215991167467,57.53114339374022,6.379648714076345,173.5464247371852,coffee
103.99782474967301,19.92832932185989,17.504971426204555,25.064152555333504,48.82759869034034,6.166420224966837,160.99669715550877,coffee
105.38104215994925,36.24362201033925,25.70074896876949,27.5492512705503,60.44768019550269,7.147998835319894,177.28686158786877,coffee
84.87277859070525,8.21563176567015,32.490093597340035,24.943098004199218,50.15749003239522,5.866211147733461,164.82926492761467,coffee
122.61561548970047,18.730621234351666,34.72216248860258,25.795467299564816,47.68494328717286,6.8674056717552086,127.15923867917886,coffee
100.32439945890347,19.267836679957558,37.144619476525534,23.883698015058627,61.12695926241568,6.080101296325649,144.66684363013644,coffee
45.47199658689847,38.73678857294327,34.40445546260985,24.46530502812367,49.00275449333605,6.25217562356033,181.50638604458354,coffee
71.61872611622611,20.867324645645294,44.165134979701385,23.73210732806439,58.64308031010924,7.601654907628879,178.9645488907232,coffee
101.88885730728182,26.053091639272022,26.793077319922382,28.59926257060688,54.8053598167983,5.520409195632012,148.2609068817862,coffee
85.49898205184945,19.750447902420564,27.927327527354954,28.394846399609815,63.562341813315086,6.631632743787698,159.91163766002214,coffee
84.11712986713009,4.55059809867458,30.905280091142266,27.58928240714732,57.133328934043284,6.23257283860665,173.93506495642637,coffee
98.75001699063479,35.485953535791694,39.86182673654628,27.91901611404666,64.06187291367922,5.854916292774272,179.889811061578,coffee
105.64488936469863,26.851397827129308,33.94087589450442,26.90552517569613,79.60693175639676,6.461907165024041,188.0901214248799,coffee
92.93515284603995,28.325132671101375,37.51455912185964,26.728852154270697,71.353975539012,6.057861981819792,145.38337174995334,coffee
103.18570129035234,29.046454827873777,31.435436170359466,28.57151807302113,52.706481032269444,5.929710755255723,169.24385009609514,coffee
98.84229585829455,26.34290976286576,29.780781673067967,25.319960418753087,57.40049942621021,6.514424447396593,150.8505610045501,coffee
96.95301930514857,18.771253304104718,36.85332095895525,26.3880420090116,76.05401977735013,6.580352275639231,143.47427589014015,coffee
140.06013062294596,25.30901102171468,37.92099829514253,27.18420596640498,62.984088234381986,6.767827025676237,126.93746305671803,coffee
105.51293571342119,11.401109569198088,28.605097308699726,24.548765086873427,60.85976148678979,6.667063123669117,174.4343767229556,coffee
104.3094485912363,17.14539726570881,27.911972085186562,27.84079232250897,66.5428534183552,5.926608450686725,114.07217102462062,coffee
89.09665925192932,30.361660656258003,39.719072241464275,24.150576239197658,60.458474829890704,7.417215666570044,172.45934431721003,coffee
121.32254927849641,29.989812560664788,22.718410350176715,25.620037153005843,58.278035826334786,6.55206669401067,187.48986860315713,coffee
106.13027143413113,0.0,19.497277815258194,21.625238170047915,59.40292192524267,6.620243824733881,168.49674875832156,coffee
85.61607598428076,27.39315204095991,35.73009997174823,23.489701865589684,46.271694388409024,6.499934156886531,213.75346820840076,coffee
125.49614113297963,26.50723488358442,24.16002662735939,27.77368531897717,54.38060588152767,6.116246481663095,95.68099505134018,coffee
101.5357329752148,16.961061206901,30.771443036228035,21.401284607525877,59.358613380669496,5.284439418014186,192.63820759805657,coffee
107.82836851202626,19.770681828603298,34.50175888065663,24.043851474672895,58.57900412491914,6.897387019230168,67.17132252725831,coffee
93.29163460483714,21.818846958909006,28.42965105803387,28.91420365245481,49.008791000616924,6.189420378277386,102.52392921074656,coffee
122.65429976909718,20.0296788591296,26.492728895706342,25.895034635378572,63.089886627442596,6.6736817017580625,239.43652640671263,coffee
106.80903832605662,18.27803656664735,25.509146099808422,25.21448209516638,45.98530460296129,6.519932103745793,183.50404318626752,coffee
90.79954599065147,15.540959549727107,42.12756117035387,23.14703368675767,41.457452988181586,5.923549028176309,113.78701848627111,coffee
105.79339096156873,19.114363996403412,28.242503639809282,28.305868353949545,52.46932111069779,6.887544705872821,205.3396839760961,coffee
93.1650625297951,27.896182844450507,28.06545669976816,27.84819625768158,45.42808649938981,5.677243877437327,148.26196855277377,coffee
86.66612786410344,17.866327124560918,28.24378734042288,27.440027063672503,54.73871537147252,6.088069344688456,149.45459869723302,coffee
88.46282080290074,14.527955983498284,17.095865491384245,26.13895623244216,53.45035434722357,6.983139369617335,116.57811723823178,coffee
91.86874667428182,36.50325776526999,22.483123863217205,25.526933495807754,48.273248137397054,5.825786243609509,206.41932949263037,coffee
102.56559238955721,23.069430705900988,16.429470119070224,26.717482776216606,67.2593755679506,7.0747385304142645,180.04999688818484,coffee
83.05771633606894,24.504987337543934,35.34067968381286,22.411112829822198,49.02976326814572,6.944078660871721,186.28137330015787,coffee
76.77125449567912,28.36017167415338,30.76242719322894,27.562017909214305,52.92382941252847,6.822591748240451,185.31486323456875,coffee
94.72997596816433,22.142020369386287,24.811826963962773,29.303277897371757,57.03782448539387,6.038987837411409,138.5252225837575,coffee
