ds,y,crop
2023-04-12 16:48:55.885218,1739.67,wheat
2023-04-13 16:48:55.885218,2741.98,wheat
2023-04-14 16:48:55.885218,3000.28,wheat
2023-04-15 16:48:55.885218,3239.55,wheat
2023-04-16 16:48:55.885218,3460.0,wheat
2023-04-17 16:48:55.885218,3691.44,wheat
2023-04-18 16:48:55.885218,3899.53,wheat
2023-04-19 16:48:55.885218,4105.09,wheat
2023-04-20 16:48:55.885218,4300.27,wheat
2023-04-21 16:48:55.885218,4499.28,wheat
2023-04-22 16:48:55.885218,4691.09,wheat
2023-04-23 16:48:55.885218,4860.74,wheat
2023-04-24 16:48:55.885218,5034.2,wheat
2023-04-25 16:48:55.885218,5217.0,wheat
2023-04-26 16:48:55.885218,5391.95,wheat
2023-04-27 16:48:55.885218,5554.44,wheat
2023-04-28 16:48:55.885218,5707.2,wheat
2023-04-29 16:48:55.885218,5869.84,wheat
2023-04-30 16:48:55.885218,6042.31,wheat
2023-05-01 16:48:55.885218,6198.15,wheat
2023-05-02 16:48:55.885218,6325.82,wheat
2023-05-03 16:48:55.885218,6426.02,wheat
2023-05-04 16:48:55.885218,6506.9,wheat
2023-05-05 16:48:55.885218,6598.85,wheat
2023-05-06 16:48:55.885218,6708.9,wheat
2023-05-07 16:48:55.885218,6814.82,wheat
2023-05-08 16:48:55.885218,6905.05,wheat
2023-05-09 16:48:55.885218,6952.24,wheat
2023-05-10 16:48:55.885218,6988.16,wheat
2023-05-11 16:48:55.885218,7027.83,wheat
2023-05-12 16:48:55.885218,7086.31,wheat
2023-05-13 16:48:55.885218,7161.81,wheat
2023-05-14 16:48:55.885218,7252.89,wheat
2023-05-15 16:48:55.885218,7365.31,wheat
2023-05-16 16:48:55.885218,7489.33,wheat
2023-05-17 16:48:55.885218,7592.88,wheat
2023-05-18 16:48:55.885218,7670.95,wheat
2023-05-19 16:48:55.885218,7757.97,wheat
2023-05-20 16:48:55.885218,7828.55,wheat
2023-05-21 16:48:55.885218,7893.33,wheat
2023-05-22 16:48:55.885218,7934.97,wheat
2023-05-23 16:48:55.885218,7972.39,wheat
2023-05-24 16:48:55.885218,8012.93,wheat
2023-05-25 16:48:55.885218,8031.94,wheat
2023-05-26 16:48:55.885218,8057.78,wheat
2023-05-27 16:48:55.885218,8076.96,wheat
2023-05-28 16:48:55.885218,8120.04,wheat
2023-05-29 16:48:55.885218,8154.43,wheat
2023-05-30 16:48:55.885218,8207.86,wheat
2023-05-31 16:48:55.885218,8225.05,wheat
2023-06-01 16:48:55.885218,8214.29,wheat
2023-06-02 16:48:55.885218,8154.75,wheat
2023-06-03 16:48:55.885218,8086.43,wheat
2023-06-04 16:48:55.885218,8041.1,wheat
2023-06-05 16:48:55.885218,8006.88,wheat
2023-06-06 16:48:55.885218,7977.81,wheat
2023-06-07 16:48:55.885218,7938.06,wheat
2023-06-08 16:48:55.885218,7900.11,wheat
2023-06-09 16:48:55.885218,7865.17,wheat
2023-06-10 16:48:55.885218,7823.33,wheat
2023-06-11 16:48:55.885218,7778.08,wheat
2023-06-12 16:48:55.885218,7730.14,wheat
2023-06-13 16:48:55.885218,7681.32,wheat
2023-06-14 16:48:55.885218,7631.74,wheat
2023-06-15 16:48:55.885218,7576.31,wheat
2023-06-16 16:48:55.885218,7529.31,wheat
2023-06-17 16:48:55.885218,7467.69,wheat
2023-06-18 16:48:55.885218,7413.77,wheat
2023-06-19 16:48:55.885218,7351.62,wheat
2023-06-20 16:48:55.885218,7298.12,wheat
2023-06-21 16:48:55.885218,7257.82,wheat
2023-06-22 16:48:55.885218,7238.56,wheat
2023-06-23 16:48:55.885218,7203.06,wheat
2023-06-24 16:48:55.885218,7177.96,wheat
2023-06-25 16:48:55.885218,7171.82,wheat
2023-06-26 16:48:55.885218,7175.08,wheat
2023-06-27 16:48:55.885218,7172.23,wheat
2023-06-28 16:48:55.885218,7143.73,wheat
2023-06-29 16:48:55.885218,7124.92,wheat
2023-06-30 16:48:55.885218,7051.21,wheat
2023-07-01 16:48:55.885218,6939.34,wheat
2023-07-02 16:48:55.885218,6813.26,wheat
2023-07-03 16:48:55.885218,6698.09,wheat
2023-07-04 16:48:55.885218,6573.03,wheat
2023-07-05 16:48:55.885218,6409.11,wheat
2023-07-06 16:48:55.885218,6228.31,wheat
2023-07-07 16:48:55.885218,6084.33,wheat
2023-07-08 16:48:55.885218,5969.47,wheat
2023-07-09 16:48:55.885218,5872.1,wheat
2023-07-10 16:48:55.885218,5747.75,wheat
2023-07-11 16:48:55.885218,5604.65,wheat
2023-07-12 16:48:55.885218,5473.54,wheat
2023-07-13 16:48:55.885218,5374.42,wheat
2023-07-14 16:48:55.885218,5315.27,wheat
2023-07-15 16:48:55.885218,5251.9,wheat
2023-07-16 16:48:55.885218,5161.06,wheat
2023-07-17 16:48:55.885218,5054.88,wheat
2023-07-18 16:48:55.885218,4971.62,wheat
2023-07-19 16:48:55.885218,4901.65,wheat
2023-07-20 16:48:55.885218,4841.84,wheat
2023-07-21 16:48:55.885218,4763.06,wheat
2023-07-22 16:48:55.885218,4692.08,wheat
2023-07-23 16:48:55.885218,4611.76,wheat
2023-07-24 16:48:55.885218,4511.47,wheat
2023-07-25 16:48:55.885218,4407.7,wheat
2023-07-26 16:48:55.885218,4319.27,wheat
2023-07-27 16:48:55.885218,4257.23,wheat
2023-07-28 16:48:55.885218,4220.34,wheat
2023-07-29 16:48:55.885218,4156.22,wheat
2023-07-30 16:48:55.885218,4103.87,wheat
2023-07-31 16:48:55.885218,3995.65,wheat
2023-08-01 16:48:55.885218,3870.16,wheat
2023-08-02 16:48:55.885218,3693.39,wheat
2023-08-03 16:48:55.885218,3518.3,wheat
2023-08-04 16:48:55.885218,3357.87,wheat
2023-08-05 16:48:55.885218,3224.94,wheat
2023-08-06 16:48:55.885218,3092.07,wheat
2023-08-07 16:48:55.885218,2965.61,wheat
2023-08-08 16:48:55.885218,2820.48,wheat
2023-08-09 16:48:55.885218,2684.2,wheat
2023-08-10 16:48:55.885218,2519.31,wheat
2023-08-11 16:48:55.885218,2363.81,wheat
2023-08-12 16:48:55.885218,2211.18,wheat
2023-08-13 16:48:55.885218,2078.64,wheat
2023-08-14 16:48:55.885218,1927.47,wheat
2023-08-15 16:48:55.885218,1791.94,wheat
2023-08-16 16:48:55.885218,1666.08,wheat
2023-08-17 16:48:55.885218,1578.37,wheat
2023-08-18 16:48:55.885218,1474.08,wheat
2023-08-19 16:48:55.885218,1368.26,wheat
2023-08-20 16:48:55.885218,1238.54,wheat
2023-08-21 16:48:55.885218,1150.62,wheat
2023-08-22 16:48:55.885218,1100.0,wheat
2023-08-23 16:48:55.885218,1100.0,wheat
2023-08-24 16:48:55.885218,1100.0,wheat
2023-08-25 16:48:55.885218,1100.0,wheat
2023-08-26 16:48:55.885218,1100.0,wheat
2023-08-27 16:48:55.885218,1100.0,wheat
2023-08-28 16:48:55.885218,1100.0,wheat
2023-08-29 16:48:55.885218,1100.0,wheat
2023-08-30 16:48:55.885218,1100.0,wheat
2023-08-31 16:48:55.885218,1100.0,wheat
2023-09-01 16:48:55.885218,1100.0,wheat
2023-09-02 16:48:55.885218,1100.0,wheat
2023-09-03 16:48:55.885218,1100.0,wheat
2023-09-04 16:48:55.885218,1100.0,wheat
2023-09-05 16:48:55.885218,1100.0,wheat
2023-09-06 16:48:55.885218,1100.0,wheat
2023-09-07 16:48:55.885218,1100.0,wheat
2023-09-08 16:48:55.885218,1100.0,wheat
2023-09-09 16:48:55.885218,1100.0,wheat
2023-09-10 16:48:55.885218,1100.0,wheat
2023-09-11 16:48:55.885218,1100.0,wheat
2023-09-12 16:48:55.885218,1100.0,wheat
2023-09-13 16:48:55.885218,1100.0,wheat
2023-09-14 16:48:55.885218,1100.0,wheat
2023-09-15 16:48:55.885218,1100.0,wheat
2023-09-16 16:48:55.885218,1100.0,wheat
2023-09-17 16:48:55.885218,1100.0,wheat
2023-09-18 16:48:55.885218,1100.0,wheat
2023-09-19 16:48:55.885218,1100.0,wheat
2023-09-20 16:48:55.885218,1100.0,wheat
2023-09-21 16:48:55.885218,1100.0,wheat
2023-09-22 16:48:55.885218,1100.0,wheat
2023-09-23 16:48:55.885218,1100.0,wheat
2023-09-24 16:48:55.885218,1100.0,wheat
2023-09-25 16:48:55.885218,1100.0,wheat
2023-09-26 16:48:55.885218,1100.0,wheat
2023-09-27 16:48:55.885218,1100.0,wheat
2023-09-28 16:48:55.885218,1100.0,wheat
2023-09-29 16:48:55.885218,1100.0,wheat
2023-09-30 16:48:55.885218,1100.0,wheat
2023-10-01 16:48:55.885218,1100.0,wheat
2023-10-02 16:48:55.885218,1100.0,wheat
2023-10-03 16:48:55.885218,1100.0,wheat
2023-10-04 16:48:55.885218,1100.0,wheat
2023-10-05 16:48:55.885218,1100.0,wheat
2023-10-06 16:48:55.885218,1100.0,wheat
2023-10-07 16:48:55.885218,1100.0,wheat
2023-10-08 16:48:55.885218,1100.0,wheat
2023-10-09 16:48:55.885218,1100.0,wheat
2023-10-10 16:48:55.885218,1100.0,wheat
2023-10-11 16:48:55.885218,1100.0,wheat
2023-10-12 16:48:55.885218,1100.0,wheat
2023-10-13 16:48:55.885218,1100.0,wheat
2023-10-14 16:48:55.885218,1100.0,wheat
2023-10-15 16:48:55.885218,1100.0,wheat
2023-10-16 16:48:55.885218,1100.0,wheat
2023-10-17 16:48:55.885218,1100.0,wheat
2023-10-18 16:48:55.885218,1100.0,wheat
2023-10-19 16:48:55.885218,1100.0,wheat
2023-10-20 16:48:55.885218,1100.0,wheat
2023-10-21 16:48:55.885218,1100.0,wheat
2023-10-22 16:48:55.885218,1100.0,wheat
2023-10-23 16:48:55.885218,1100.0,wheat
2023-10-24 16:48:55.885218,1100.0,wheat
2023-10-25 16:48:55.885218,1100.0,wheat
2023-10-26 16:48:55.885218,1100.0,wheat
2023-10-27 16:48:55.885218,1100.0,wheat
2023-10-28 16:48:55.885218,1100.0,wheat
2023-10-29 16:48:55.885218,1100.0,wheat
2023-10-30 16:48:55.885218,1100.0,wheat
2023-10-31 16:48:55.885218,1100.0,wheat
2023-11-01 16:48:55.885218,1100.0,wheat
2023-11-02 16:48:55.885218,1100.0,wheat
2023-11-03 16:48:55.885218,1100.0,wheat
2023-11-04 16:48:55.885218,1100.0,wheat
2023-11-05 16:48:55.885218,1100.0,wheat
2023-11-06 16:48:55.885218,1100.0,wheat
2023-11-07 16:48:55.885218,1100.0,wheat
2023-11-08 16:48:55.885218,1100.0,wheat
2023-11-09 16:48:55.885218,1100.0,wheat
2023-11-10 16:48:55.885218,1100.0,wheat
2023-11-11 16:48:55.885218,1100.0,wheat
2023-11-12 16:48:55.885218,1100.0,wheat
2023-11-13 16:48:55.885218,1100.0,wheat
2023-11-14 16:48:55.885218,1100.0,wheat
2023-11-15 16:48:55.885218,1100.0,wheat
2023-11-16 16:48:55.885218,1100.0,wheat
2023-11-17 16:48:55.885218,1100.0,wheat
2023-11-18 16:48:55.885218,1100.0,wheat
2023-11-19 16:48:55.885218,1100.0,wheat
2023-11-20 16:48:55.885218,1100.0,wheat
2023-11-21 16:48:55.885218,1100.0,wheat
2023-11-22 16:48:55.885218,1100.0,wheat
2023-11-23 16:48:55.885218,1100.0,wheat
2023-11-24 16:48:55.885218,1100.0,wheat
2023-11-25 16:48:55.885218,1100.0,wheat
2023-11-26 16:48:55.885218,1100.0,wheat
2023-11-27 16:48:55.885218,1100.0,wheat
2023-11-28 16:48:55.885218,1100.0,wheat
2023-11-29 16:48:55.885218,1100.0,wheat
2023-11-30 16:48:55.885218,1100.0,wheat
2023-12-01 16:48:55.885218,1100.0,wheat
2023-12-02 16:48:55.885218,1100.0,wheat
2023-12-03 16:48:55.885218,1100.0,wheat
2023-12-04 16:48:55.885218,1100.0,wheat
2023-12-05 16:48:55.885218,1100.0,wheat
2023-12-06 16:48:55.885218,1100.0,wheat
2023-12-07 16:48:55.885218,1100.0,wheat
2023-12-08 16:48:55.885218,1100.0,wheat
2023-12-09 16:48:55.885218,1100.0,wheat
2023-12-10 16:48:55.885218,1100.0,wheat
2023-12-11 16:48:55.885218,1100.0,wheat
2023-12-12 16:48:55.885218,1100.0,wheat
2023-12-13 16:48:55.885218,1100.0,wheat
2023-12-14 16:48:55.885218,1100.0,wheat
2023-12-15 16:48:55.885218,1100.0,wheat
2023-12-16 16:48:55.885218,1100.0,wheat
2023-12-17 16:48:55.885218,1100.0,wheat
2023-12-18 16:48:55.885218,1100.0,wheat
2023-12-19 16:48:55.885218,1100.0,wheat
2023-12-20 16:48:55.885218,1100.0,wheat
2023-12-21 16:48:55.885218,1100.0,wheat
2023-12-22 16:48:55.885218,1100.0,wheat
2023-12-23 16:48:55.885218,1100.0,wheat
2023-12-24 16:48:55.885218,1100.0,wheat
2023-12-25 16:48:55.885218,1100.0,wheat
2023-12-26 16:48:55.885218,1100.0,wheat
2023-12-27 16:48:55.885218,1100.0,wheat
2023-12-28 16:48:55.885218,1100.0,wheat
2023-12-29 16:48:55.885218,1100.0,wheat
2023-12-30 16:48:55.885218,1100.0,wheat
2023-12-31 16:48:55.885218,1123.71,wheat
2024-01-01 16:48:55.885218,1143.15,wheat
2024-01-02 16:48:55.885218,1188.63,wheat
2024-01-03 16:48:55.885218,1206.8,wheat
2024-01-04 16:48:55.885218,1257.13,wheat
2024-01-05 16:48:55.885218,1288.16,wheat
2024-01-06 16:48:55.885218,1315.69,wheat
2024-01-07 16:48:55.885218,1336.13,wheat
2024-01-08 16:48:55.885218,1362.16,wheat
2024-01-09 16:48:55.885218,1397.19,wheat
2024-01-10 16:48:55.885218,1421.92,wheat
2024-01-11 16:48:55.885218,1424.42,wheat
2024-01-12 16:48:55.885218,1456.81,wheat
2024-01-13 16:48:55.885218,1442.75,wheat
2024-01-14 16:48:55.885218,1449.74,wheat
2024-01-15 16:48:55.885218,1433.61,wheat
2024-01-16 16:48:55.885218,1463.54,wheat
2024-01-17 16:48:55.885218,1490.4,wheat
2024-01-18 16:48:55.885218,1524.51,wheat
2024-01-19 16:48:55.885218,1560.74,wheat
2024-01-20 16:48:55.885218,1598.3,wheat
2024-01-21 16:48:55.885218,1610.36,wheat
2024-01-22 16:48:55.885218,1614.3,wheat
2024-01-23 16:48:55.885218,1605.35,wheat
2024-01-24 16:48:55.885218,1593.1,wheat
2024-01-25 16:48:55.885218,1569.51,wheat
2024-01-26 16:48:55.885218,1556.59,wheat
2024-01-27 16:48:55.885218,1567.8,wheat
2024-01-28 16:48:55.885218,1591.21,wheat
2024-01-29 16:48:55.885218,1613.84,wheat
2024-01-30 16:48:55.885218,1639.09,wheat
2024-01-31 16:48:55.885218,1722.48,wheat
2024-02-01 16:48:55.885218,1840.24,wheat
2024-02-02 16:48:55.885218,1979.23,wheat
2024-02-03 16:48:55.885218,2122.72,wheat
2024-02-04 16:48:55.885218,2262.97,wheat
2024-02-05 16:48:55.885218,2411.12,wheat
2024-02-06 16:48:55.885218,2530.12,wheat
2024-02-07 16:48:55.885218,2635.48,wheat
2024-02-08 16:48:55.885218,2736.45,wheat
2024-02-09 16:48:55.885218,2840.49,wheat
2024-02-10 16:48:55.885218,2960.75,wheat
2024-02-11 16:48:55.885218,3078.2,wheat
2024-02-12 16:48:55.885218,3203.32,wheat
2024-02-13 16:48:55.885218,3332.4,wheat
2024-02-14 16:48:55.885218,3457.42,wheat
2024-02-15 16:48:55.885218,3567.6,wheat
2024-02-16 16:48:55.885218,3657.69,wheat
2024-02-17 16:48:55.885218,3747.56,wheat
2024-02-18 16:48:55.885218,3833.1,wheat
2024-02-19 16:48:55.885218,3949.73,wheat
2024-02-20 16:48:55.885218,4062.89,wheat
2024-02-21 16:48:55.885218,4181.14,wheat
2024-02-22 16:48:55.885218,4264.58,wheat
2024-02-23 16:48:55.885218,4334.48,wheat
2024-02-24 16:48:55.885218,4397.77,wheat
2024-02-25 16:48:55.885218,4477.24,wheat
2024-02-26 16:48:55.885218,4577.69,wheat
2024-02-27 16:48:55.885218,4669.79,wheat
2024-02-28 16:48:55.885218,4722.78,wheat
2024-02-29 16:48:55.885218,4784.62,wheat
2024-03-01 16:48:55.885218,4880.97,wheat
2024-03-02 16:48:55.885218,5037.5,wheat
2024-03-03 16:48:55.885218,5180.56,wheat
2024-03-04 16:48:55.885218,5327.06,wheat
2024-03-05 16:48:55.885218,5441.32,wheat
2024-03-06 16:48:55.885218,5559.74,wheat
2024-03-07 16:48:55.885218,5660.22,wheat
2024-03-08 16:48:55.885218,5781.22,wheat
2024-03-09 16:48:55.885218,5889.27,wheat
2024-03-10 16:48:55.885218,6008.31,wheat
2024-03-11 16:48:55.885218,6119.65,wheat
2024-03-12 16:48:55.885218,6225.31,wheat
2024-03-13 16:48:55.885218,6302.95,wheat
2024-03-14 16:48:55.885218,6376.38,wheat
2024-03-15 16:48:55.885218,6459.33,wheat
2024-03-16 16:48:55.885218,6552.66,wheat
2024-03-17 16:48:55.885218,6655.78,wheat
2024-03-18 16:48:55.885218,6775.23,wheat
2024-03-19 16:48:55.885218,6894.34,wheat
2024-03-20 16:48:55.885218,7006.56,wheat
2024-03-21 16:48:55.885218,7119.54,wheat
2024-03-22 16:48:55.885218,7223.68,wheat
2024-03-23 16:48:55.885218,7325.23,wheat
2024-03-24 16:48:55.885218,7415.4,wheat
2024-03-25 16:48:55.885218,7508.07,wheat
2024-03-26 16:48:55.885218,7591.65,wheat
2024-03-27 16:48:55.885218,7675.22,wheat
2024-03-28 16:48:55.885218,7746.74,wheat
2024-03-29 16:48:55.885218,7809.26,wheat
2024-03-30 16:48:55.885218,7874.2,wheat
2024-03-31 16:48:55.885218,7939.3,wheat
2024-04-01 16:48:55.885218,8017.03,wheat
2024-04-02 16:48:55.885218,8089.26,wheat
2024-04-03 16:48:55.885218,8173.96,wheat
2024-04-04 16:48:55.885218,8267.68,wheat
2024-04-05 16:48:55.885218,8348.25,wheat
2024-04-06 16:48:55.885218,8431.5,wheat
2024-04-07 16:48:55.885218,8518.09,wheat
2024-04-08 16:48:55.885218,8618.68,wheat
2024-04-09 16:48:55.885218,8717.42,wheat
2024-04-10 16:48:55.885218,8804.1,wheat
2024-04-11 16:48:55.885218,8882.02,wheat
2024-04-12 16:48:55.885218,8953.98,wheat
2024-04-13 16:48:55.885218,9006.44,wheat
2024-04-14 16:48:55.885218,9044.02,wheat
2024-04-15 16:48:55.885218,9086.58,wheat
2024-04-16 16:48:55.885218,9129.84,wheat
2024-04-17 16:48:55.885218,9175.84,wheat
2024-04-18 16:48:55.885218,9238.12,wheat
2024-04-19 16:48:55.885218,9301.23,wheat
2024-04-20 16:48:55.885218,9368.85,wheat
2024-04-21 16:48:55.885218,9398.48,wheat
2024-04-22 16:48:55.885218,9421.18,wheat
2024-04-23 16:48:55.885218,9466.42,wheat
2024-04-24 16:48:55.885218,9545.67,wheat
2024-04-25 16:48:55.885218,9648.87,wheat
2024-04-26 16:48:55.885218,9724.91,wheat
2024-04-27 16:48:55.885218,9758.68,wheat
2024-04-28 16:48:55.885218,9786.15,wheat
2024-04-29 16:48:55.885218,9827.16,wheat
2024-04-30 16:48:55.885218,9860.16,wheat
2024-05-01 16:48:55.885218,9873.97,wheat
2024-05-02 16:48:55.885218,9861.53,wheat
2024-05-03 16:48:55.885218,9863.29,wheat
2024-05-04 16:48:55.885218,9877.71,wheat
2024-05-05 16:48:55.885218,9901.11,wheat
2024-05-06 16:48:55.885218,9925.94,wheat
2024-05-07 16:48:55.885218,9924.39,wheat
2024-05-08 16:48:55.885218,9890.42,wheat
2024-05-09 16:48:55.885218,9870.64,wheat
2024-05-10 16:48:55.885218,9866.8,wheat
2024-05-11 16:48:55.885218,9890.74,wheat
2024-05-12 16:48:55.885218,9896.32,wheat
2024-05-13 16:48:55.885218,9892.35,wheat
2024-05-14 16:48:55.885218,9889.52,wheat
2024-05-15 16:48:55.885218,9866.23,wheat
2024-05-16 16:48:55.885218,9852.14,wheat
2024-05-17 16:48:55.885218,9856.3,wheat
2024-05-18 16:48:55.885218,9890.88,wheat
2024-05-19 16:48:55.885218,9903.01,wheat
2024-05-20 16:48:55.885218,9899.02,wheat
2024-05-21 16:48:55.885218,9881.04,wheat
2024-05-22 16:48:55.885218,9872.23,wheat
2024-05-23 16:48:55.885218,9850.98,wheat
2024-05-24 16:48:55.885218,9828.3,wheat
2024-05-25 16:48:55.885218,9816.57,wheat
2024-05-26 16:48:55.885218,9814.99,wheat
2024-05-27 16:48:55.885218,9835.05,wheat
2024-05-28 16:48:55.885218,9868.9,wheat
2024-05-29 16:48:55.885218,9906.16,wheat
2024-05-30 16:48:55.885218,9907.16,wheat
2024-05-31 16:48:55.885218,9850.82,wheat
2024-06-01 16:48:55.885218,9744.52,wheat
2024-06-02 16:48:55.885218,9623.32,wheat
2024-06-03 16:48:55.885218,9516.31,wheat
2024-06-04 16:48:55.885218,9426.27,wheat
2024-06-05 16:48:55.885218,9358.01,wheat
2024-06-06 16:48:55.885218,9291.51,wheat
2024-06-07 16:48:55.885218,9225.13,wheat
2024-06-08 16:48:55.885218,9149.25,wheat
2024-06-09 16:48:55.885218,9080.25,wheat
2024-06-10 16:48:55.885218,9041.52,wheat
2024-06-11 16:48:55.885218,8980.87,wheat
2024-06-12 16:48:55.885218,8933.25,wheat
2024-06-13 16:48:55.885218,8849.15,wheat
2024-06-14 16:48:55.885218,8783.37,wheat
2024-06-15 16:48:55.885218,8714.88,wheat
2024-06-16 16:48:55.885218,8671.38,wheat
2024-06-17 16:48:55.885218,8622.14,wheat
2024-06-18 16:48:55.885218,8558.61,wheat
2024-06-19 16:48:55.885218,8483.6,wheat
2024-06-20 16:48:55.885218,8434.9,wheat
2024-06-21 16:48:55.885218,8390.7,wheat
2024-06-22 16:48:55.885218,8344.78,wheat
2024-06-23 16:48:55.885218,8283.83,wheat
2024-06-24 16:48:55.885218,8220.77,wheat
2024-06-25 16:48:55.885218,8161.51,wheat
2024-06-26 16:48:55.885218,8109.62,wheat
2024-06-27 16:48:55.885218,8068.22,wheat
2024-06-28 16:48:55.885218,8024.95,wheat
2024-06-29 16:48:55.885218,7973.9,wheat
2024-06-30 16:48:55.885218,7891.29,wheat
2024-07-01 16:48:55.885218,7761.32,wheat
2024-07-02 16:48:55.885218,7594.27,wheat
2024-07-03 16:48:55.885218,7414.79,wheat
2024-07-04 16:48:55.885218,7268.92,wheat
2024-07-05 16:48:55.885218,7132.87,wheat
2024-07-06 16:48:55.885218,7011.61,wheat
2024-07-07 16:48:55.885218,6878.04,wheat
2024-07-08 16:48:55.885218,6755.39,wheat
2024-07-09 16:48:55.885218,6620.12,wheat
2024-07-10 16:48:55.885218,6486.91,wheat
2024-07-11 16:48:55.885218,6350.63,wheat
2024-07-12 16:48:55.885218,6241.89,wheat
2024-07-13 16:48:55.885218,6137.31,wheat
2024-07-14 16:48:55.885218,6043.64,wheat
2024-07-15 16:48:55.885218,5928.06,wheat
2024-07-16 16:48:55.885218,5803.51,wheat
2024-07-17 16:48:55.885218,5679.55,wheat
2024-07-18 16:48:55.885218,5593.06,wheat
2024-07-19 16:48:55.885218,5491.03,wheat
2024-07-20 16:48:55.885218,5385.96,wheat
2024-07-21 16:48:55.885218,5270.65,wheat
2024-07-22 16:48:55.885218,5206.27,wheat
2024-07-23 16:48:55.885218,5158.22,wheat
2024-07-24 16:48:55.885218,5092.18,wheat
2024-07-25 16:48:55.885218,5026.34,wheat
2024-07-26 16:48:55.885218,4930.58,wheat
2024-07-27 16:48:55.885218,4825.85,wheat
2024-07-28 16:48:55.885218,4717.84,wheat
2024-07-29 16:48:55.885218,4621.65,wheat
2024-07-30 16:48:55.885218,4569.77,wheat
2024-07-31 16:48:55.885218,4469.89,wheat
2024-08-01 16:48:55.885218,4333.93,wheat
2024-08-02 16:48:55.885218,4152.25,wheat
2024-08-03 16:48:55.885218,3980.13,wheat
2024-08-04 16:48:55.885218,3828.81,wheat
2024-08-05 16:48:55.885218,3662.9,wheat
2024-08-06 16:48:55.885218,3513.69,wheat
2024-08-07 16:48:55.885218,3347.56,wheat
2024-08-08 16:48:55.885218,3198.75,wheat
2024-08-09 16:48:55.885218,3032.62,wheat
2024-08-10 16:48:55.885218,2884.78,wheat
2024-08-11 16:48:55.885218,2715.66,wheat
2024-08-12 16:48:55.885218,2559.55,wheat
2024-08-13 16:48:55.885218,2431.11,wheat
2024-08-14 16:48:55.885218,2332.12,wheat
2024-08-15 16:48:55.885218,2238.45,wheat
2024-08-16 16:48:55.885218,2125.4,wheat
2024-08-17 16:48:55.885218,2008.93,wheat
2024-08-18 16:48:55.885218,1890.0,wheat
2024-08-19 16:48:55.885218,1766.2,wheat
2024-08-20 16:48:55.885218,1654.08,wheat
2024-08-21 16:48:55.885218,1541.06,wheat
2024-08-22 16:48:55.885218,1413.21,wheat
2024-08-23 16:48:55.885218,1270.69,wheat
2024-08-24 16:48:55.885218,1160.73,wheat
2024-08-25 16:48:55.885218,1109.12,wheat
2024-08-26 16:48:55.885218,1100.0,wheat
2024-08-27 16:48:55.885218,1100.0,wheat
2024-08-28 16:48:55.885218,1100.0,wheat
2024-08-29 16:48:55.885218,1100.0,wheat
2024-08-30 16:48:55.885218,1100.0,wheat
2024-08-31 16:48:55.885218,1100.0,wheat
2024-09-01 16:48:55.885218,1100.0,wheat
2024-09-02 16:48:55.885218,1100.0,wheat
2024-09-03 16:48:55.885218,1100.0,wheat
2024-09-04 16:48:55.885218,1100.0,wheat
2024-09-05 16:48:55.885218,1100.0,wheat
2024-09-06 16:48:55.885218,1100.0,wheat
2024-09-07 16:48:55.885218,1100.0,wheat
2024-09-08 16:48:55.885218,1100.0,wheat
2024-09-09 16:48:55.885218,1100.0,wheat
2024-09-10 16:48:55.885218,1100.0,wheat
2024-09-11 16:48:55.885218,1100.0,wheat
2024-09-12 16:48:55.885218,1100.0,wheat
2024-09-13 16:48:55.885218,1100.0,wheat
2024-09-14 16:48:55.885218,1100.0,wheat
2024-09-15 16:48:55.885218,1100.0,wheat
2024-09-16 16:48:55.885218,1100.0,wheat
2024-09-17 16:48:55.885218,1100.0,wheat
2024-09-18 16:48:55.885218,1100.0,wheat
2024-09-19 16:48:55.885218,1100.0,wheat
2024-09-20 16:48:55.885218,1100.0,wheat
2024-09-21 16:48:55.885218,1100.0,wheat
2024-09-22 16:48:55.885218,1100.0,wheat
2024-09-23 16:48:55.885218,1100.0,wheat
2024-09-24 16:48:55.885218,1100.0,wheat
2024-09-25 16:48:55.885218,1100.0,wheat
2024-09-26 16:48:55.885218,1100.0,wheat
2024-09-27 16:48:55.885218,1100.0,wheat
2024-09-28 16:48:55.885218,1100.0,wheat
2024-09-29 16:48:55.885218,1100.0,wheat
2024-09-30 16:48:55.885218,1100.0,wheat
2024-10-01 16:48:55.885218,1100.0,wheat
2024-10-02 16:48:55.885218,1100.0,wheat
2024-10-03 16:48:55.885218,1100.0,wheat
2024-10-04 16:48:55.885218,1100.0,wheat
2024-10-05 16:48:55.885218,1100.0,wheat
2024-10-06 16:48:55.885218,1100.0,wheat
2024-10-07 16:48:55.885218,1100.0,wheat
2024-10-08 16:48:55.885218,1100.0,wheat
2024-10-09 16:48:55.885218,1100.0,wheat
2024-10-10 16:48:55.885218,1100.0,wheat
2024-10-11 16:48:55.885218,1100.0,wheat
2024-10-12 16:48:55.885218,1100.0,wheat
2024-10-13 16:48:55.885218,1100.0,wheat
2024-10-14 16:48:55.885218,1100.0,wheat
2024-10-15 16:48:55.885218,1100.0,wheat
2024-10-16 16:48:55.885218,1100.0,wheat
2024-10-17 16:48:55.885218,1100.0,wheat
2024-10-18 16:48:55.885218,1100.0,wheat
2024-10-19 16:48:55.885218,1100.0,wheat
2024-10-20 16:48:55.885218,1100.0,wheat
2024-10-21 16:48:55.885218,1100.0,wheat
2024-10-22 16:48:55.885218,1100.0,wheat
2024-10-23 16:48:55.885218,1100.0,wheat
2024-10-24 16:48:55.885218,1100.0,wheat
2024-10-25 16:48:55.885218,1100.0,wheat
2024-10-26 16:48:55.885218,1100.0,wheat
2024-10-27 16:48:55.885218,1100.0,wheat
2024-10-28 16:48:55.885218,1100.0,wheat
2024-10-29 16:48:55.885218,1100.0,wheat
2024-10-30 16:48:55.885218,1100.0,wheat
2024-10-31 16:48:55.885218,1100.0,wheat
2024-11-01 16:48:55.885218,1100.0,wheat
2024-11-02 16:48:55.885218,1100.0,wheat
2024-11-03 16:48:55.885218,1100.0,wheat
2024-11-04 16:48:55.885218,1100.0,wheat
2024-11-05 16:48:55.885218,1100.0,wheat
2024-11-06 16:48:55.885218,1100.0,wheat
2024-11-07 16:48:55.885218,1100.0,wheat
2024-11-08 16:48:55.885218,1100.0,wheat
2024-11-09 16:48:55.885218,1100.0,wheat
2024-11-10 16:48:55.885218,1100.0,wheat
2024-11-11 16:48:55.885218,1100.0,wheat
2024-11-12 16:48:55.885218,1100.0,wheat
2024-11-13 16:48:55.885218,1100.0,wheat
2024-11-14 16:48:55.885218,1100.0,wheat
2024-11-15 16:48:55.885218,1100.0,wheat
2024-11-16 16:48:55.885218,1100.0,wheat
2024-11-17 16:48:55.885218,1100.0,wheat
2024-11-18 16:48:55.885218,1100.0,wheat
2024-11-19 16:48:55.885218,1100.0,wheat
2024-11-20 16:48:55.885218,1100.0,wheat
2024-11-21 16:48:55.885218,1100.0,wheat
2024-11-22 16:48:55.885218,1100.0,wheat
2024-11-23 16:48:55.885218,1100.0,wheat
2024-11-24 16:48:55.885218,1100.0,wheat
2024-11-25 16:48:55.885218,1100.0,wheat
2024-11-26 16:48:55.885218,1100.0,wheat
2024-11-27 16:48:55.885218,1100.0,wheat
2024-11-28 16:48:55.885218,1100.0,wheat
2024-11-29 16:48:55.885218,1100.0,wheat
2024-11-30 16:48:55.885218,1100.0,wheat
2024-12-01 16:48:55.885218,1100.0,wheat
2024-12-02 16:48:55.885218,1100.0,wheat
2024-12-03 16:48:55.885218,1100.0,wheat
2024-12-04 16:48:55.885218,1100.0,wheat
2024-12-05 16:48:55.885218,1100.0,wheat
2024-12-06 16:48:55.885218,1100.0,wheat
2024-12-07 16:48:55.885218,1100.0,wheat
2024-12-08 16:48:55.885218,1100.0,wheat
2024-12-09 16:48:55.885218,1100.0,wheat
2024-12-10 16:48:55.885218,1100.0,wheat
2024-12-11 16:48:55.885218,1100.0,wheat
2024-12-12 16:48:55.885218,1100.0,wheat
2024-12-13 16:48:55.885218,1100.0,wheat
2024-12-14 16:48:55.885218,1100.0,wheat
2024-12-15 16:48:55.885218,1100.0,wheat
2024-12-16 16:48:55.885218,1100.0,wheat
2024-12-17 16:48:55.885218,1100.0,wheat
2024-12-18 16:48:55.885218,1100.0,wheat
2024-12-19 16:48:55.885218,1100.0,wheat
2024-12-20 16:48:55.885218,1100.0,wheat
2024-12-21 16:48:55.885218,1100.0,wheat
2024-12-22 16:48:55.885218,1100.0,wheat
2024-12-23 16:48:55.885218,1100.0,wheat
2024-12-24 16:48:55.885218,1100.0,wheat
2024-12-25 16:48:55.885218,1100.0,wheat
2024-12-26 16:48:55.885218,1100.0,wheat
2024-12-27 16:48:55.885218,1100.0,wheat
2024-12-28 16:48:55.885218,1100.0,wheat
2024-12-29 16:48:55.885218,1100.0,wheat
2024-12-30 16:48:55.885218,1100.0,wheat
2024-12-31 16:48:55.885218,1115.38,wheat
2025-01-01 16:48:55.885218,1151.09,wheat
2025-01-02 16:48:55.885218,1219.51,wheat
2025-01-03 16:48:55.885218,1287.56,wheat
2025-01-04 16:48:55.885218,1345.19,wheat
2025-01-05 16:48:55.885218,1389.61,wheat
2025-01-06 16:48:55.885218,1424.87,wheat
2025-01-07 16:48:55.885218,1449.58,wheat
2025-01-08 16:48:55.885218,1457.54,wheat
2025-01-09 16:48:55.885218,1466.58,wheat
2025-01-10 16:48:55.885218,1496.1,wheat
2025-01-11 16:48:55.885218,1533.63,wheat
2025-01-12 16:48:55.885218,1570.95,wheat
2025-01-13 16:48:55.885218,1593.04,wheat
2025-01-14 16:48:55.885218,1632.24,wheat
2025-01-15 16:48:55.885218,1678.66,wheat
2025-01-16 16:48:55.885218,1716.04,wheat
2025-01-17 16:48:55.885218,1753.44,wheat
2025-01-18 16:48:55.885218,1773.14,wheat
2025-01-19 16:48:55.885218,1804.06,wheat
2025-01-20 16:48:55.885218,1815.7,wheat
2025-01-21 16:48:55.885218,1848.9,wheat
2025-01-22 16:48:55.885218,1895.32,wheat
2025-01-23 16:48:55.885218,1940.9,wheat
2025-01-24 16:48:55.885218,1976.74,wheat
2025-01-25 16:48:55.885218,2001.3,wheat
2025-01-26 16:48:55.885218,2012.19,wheat
2025-01-27 16:48:55.885218,2009.16,wheat
2025-01-28 16:48:55.885218,2005.72,wheat
2025-01-29 16:48:55.885218,2003.09,wheat
2025-01-30 16:48:55.885218,2024.71,wheat
2025-01-31 16:48:55.885218,2073.01,wheat
2025-02-01 16:48:55.885218,2161.33,wheat
2025-02-02 16:48:55.885218,2279.14,wheat
2025-02-03 16:48:55.885218,2392.56,wheat
2025-02-04 16:48:55.885218,2524.12,wheat
2025-02-05 16:48:55.885218,2656.1,wheat
2025-02-06 16:48:55.885218,2796.57,wheat
2025-02-07 16:48:55.885218,2922.39,wheat
2025-02-08 16:48:55.885218,3039.96,wheat
2025-02-09 16:48:55.885218,3155.18,wheat
2025-02-10 16:48:55.885218,3277.59,wheat
2025-02-11 16:48:55.885218,3413.35,wheat
2025-02-12 16:48:55.885218,3548.82,wheat
2025-02-13 16:48:55.885218,3653.66,wheat
2025-02-14 16:48:55.885218,3731.92,wheat
2025-02-15 16:48:55.885218,3809.96,wheat
2025-02-16 16:48:55.885218,3912.85,wheat
2025-02-17 16:48:55.885218,4005.15,wheat
2025-02-18 16:48:55.885218,4082.02,wheat
2025-02-19 16:48:55.885218,4131.74,wheat
2025-02-20 16:48:55.885218,4198.83,wheat
2025-02-21 16:48:55.885218,4257.07,wheat
2025-02-22 16:48:55.885218,4329.85,wheat
2025-02-23 16:48:55.885218,4395.26,wheat
2025-02-24 16:48:55.885218,4465.36,wheat
2025-02-25 16:48:55.885218,4544.19,wheat
2025-02-26 16:48:55.885218,4616.12,wheat
2025-02-27 16:48:55.885218,4718.87,wheat
2025-02-28 16:48:55.885218,4852.99,wheat
2025-03-01 16:48:55.885218,5025.4,wheat
2025-03-02 16:48:55.885218,5203.74,wheat
2025-03-03 16:48:55.885218,5359.47,wheat
2025-03-04 16:48:55.885218,5497.84,wheat
2025-03-05 16:48:55.885218,5614.48,wheat
2025-03-06 16:48:55.885218,5730.44,wheat
2025-03-07 16:48:55.885218,5854.53,wheat
2025-03-08 16:48:55.885218,5997.48,wheat
2025-03-09 16:48:55.885218,6133.02,wheat
2025-03-10 16:48:55.885218,6249.57,wheat
2025-03-11 16:48:55.885218,6349.41,wheat
2025-03-12 16:48:55.885218,6462.97,wheat
2025-03-13 16:48:55.885218,6597.68,wheat
2025-03-14 16:48:55.885218,6742.48,wheat
2025-03-15 16:48:55.885218,6867.64,wheat
2025-03-16 16:48:55.885218,6986.97,wheat
2025-03-17 16:48:55.885218,7087.63,wheat
2025-03-18 16:48:55.885218,7176.06,wheat
2025-03-19 16:48:55.885218,7251.85,wheat
2025-03-20 16:48:55.885218,7342.47,wheat
2025-03-21 16:48:55.885218,7455.87,wheat
2025-03-22 16:48:55.885218,7561.0,wheat
2025-03-23 16:48:55.885218,7660.09,wheat
2025-03-24 16:48:55.885218,7735.22,wheat
2025-03-25 16:48:55.885218,7798.73,wheat
2025-03-26 16:48:55.885218,7848.81,wheat
2025-03-27 16:48:55.885218,7913.06,wheat
2025-03-28 16:48:55.885218,7976.98,wheat
2025-03-29 16:48:55.885218,8028.81,wheat
2025-03-30 16:48:55.885218,8075.04,wheat
2025-03-31 16:48:55.885218,8129.85,wheat
2025-04-01 16:48:55.885218,8211.12,wheat
2025-04-02 16:48:55.885218,8294.73,wheat
2025-04-03 16:48:55.885218,8403.61,wheat
2025-04-04 16:48:55.885218,8515.61,wheat
2025-04-05 16:48:55.885218,8615.48,wheat
2025-04-06 16:48:55.885218,8721.47,wheat
2025-04-07 16:48:55.885218,8834.96,wheat
2025-04-08 16:48:55.885218,8963.21,wheat
2025-04-09 16:48:55.885218,9085.48,wheat
2025-04-10 16:48:55.885218,9182.47,wheat
2025-04-11 16:48:55.885218,9276.5,wheat
2025-04-12 16:48:55.885218,9351.16,wheat
2025-04-13 16:48:55.885218,9429.21,wheat
2025-04-14 16:48:55.885218,9488.16,wheat
2025-04-15 16:48:55.885218,9523.32,wheat
2025-04-16 16:48:55.885218,9552.51,wheat
2025-04-17 16:48:55.885218,9606.02,wheat
2025-04-18 16:48:55.885218,9664.74,wheat
2025-04-19 16:48:55.885218,9704.84,wheat
2025-04-20 16:48:55.885218,9698.98,wheat
2025-04-21 16:48:55.885218,9712.33,wheat
2025-04-22 16:48:55.885218,9745.41,wheat
2025-04-23 16:48:55.885218,9801.7,wheat
2025-04-24 16:48:55.885218,9848.9,wheat
2025-04-25 16:48:55.885218,9886.61,wheat
2025-04-26 16:48:55.885218,9938.73,wheat
2025-04-27 16:48:55.885218,9989.11,wheat
2025-04-28 16:48:55.885218,10046.34,wheat
2025-04-29 16:48:55.885218,10080.28,wheat
2025-04-30 16:48:55.885218,10103.83,wheat
2025-05-01 16:48:55.885218,10111.47,wheat
2025-05-02 16:48:55.885218,10112.24,wheat
2025-05-03 16:48:55.885218,10103.4,wheat
2025-05-04 16:48:55.885218,10087.37,wheat
2025-05-05 16:48:55.885218,10067.59,wheat
2025-05-06 16:48:55.885218,10045.21,wheat
2025-05-07 16:48:55.885218,10030.98,wheat
2025-05-08 16:48:55.885218,10023.31,wheat
2025-05-09 16:48:55.885218,10023.45,wheat
2025-05-10 16:48:55.885218,10019.55,wheat
2025-05-11 16:48:55.885218,10048.87,wheat
2025-05-12 16:48:55.885218,10060.01,wheat
2025-05-13 16:48:55.885218,10065.95,wheat
2025-05-14 16:48:55.885218,10045.29,wheat
2025-05-15 16:48:55.885218,10041.66,wheat
2025-05-16 16:48:55.885218,10044.45,wheat
2025-05-17 16:48:55.885218,10039.79,wheat
2025-05-18 16:48:55.885218,10029.43,wheat
2025-05-19 16:48:55.885218,10020.96,wheat
2025-05-20 16:48:55.885218,10023.82,wheat
2025-05-21 16:48:55.885218,10040.67,wheat
2025-05-22 16:48:55.885218,10054.22,wheat
2025-05-23 16:48:55.885218,10071.86,wheat
2025-05-24 16:48:55.885218,10066.71,wheat
2025-05-25 16:48:55.885218,10055.45,wheat
2025-05-26 16:48:55.885218,10035.47,wheat
2025-05-27 16:48:55.885218,10020.12,wheat
2025-05-28 16:48:55.885218,10028.74,wheat
2025-05-29 16:48:55.885218,10025.64,wheat
2025-05-30 16:48:55.885218,10047.6,wheat
2025-05-31 16:48:55.885218,10037.34,wheat
2025-06-01 16:48:55.885218,9991.61,wheat
2025-06-02 16:48:55.885218,9920.57,wheat
2025-06-03 16:48:55.885218,9827.91,wheat
2025-06-04 16:48:55.885218,9751.55,wheat
2025-06-05 16:48:55.885218,9663.59,wheat
2025-06-06 16:48:55.885218,9604.01,wheat
2025-06-07 16:48:55.885218,9554.5,wheat
2025-06-08 16:48:55.885218,9496.46,wheat
2025-06-09 16:48:55.885218,9446.12,wheat
2025-06-10 16:48:55.885218,9381.19,wheat
2025-06-11 16:48:55.885218,9326.67,wheat
2025-06-12 16:48:55.885218,9276.28,wheat
2025-06-13 16:48:55.885218,9228.03,wheat
2025-06-14 16:48:55.885218,9179.3,wheat
2025-06-15 16:48:55.885218,9118.45,wheat
2025-06-16 16:48:55.885218,9053.2,wheat
2025-06-17 16:48:55.885218,8996.75,wheat
2025-06-18 16:48:55.885218,8914.67,wheat
2025-06-19 16:48:55.885218,8829.16,wheat
2025-06-20 16:48:55.885218,8726.24,wheat
2025-06-21 16:48:55.885218,8641.59,wheat
2025-06-22 16:48:55.885218,8588.24,wheat
2025-06-23 16:48:55.885218,8551.38,wheat
2025-06-24 16:48:55.885218,8523.53,wheat
2025-06-25 16:48:55.885218,8469.08,wheat
2025-06-26 16:48:55.885218,8429.75,wheat
2025-06-27 16:48:55.885218,8398.1,wheat
2025-06-28 16:48:55.885218,8394.54,wheat
2025-06-29 16:48:55.885218,8368.64,wheat
2025-06-30 16:48:55.885218,8264.74,wheat
2025-07-01 16:48:55.885218,8100.57,wheat
2025-07-02 16:48:55.885218,7894.29,wheat
2025-07-03 16:48:55.885218,7734.96,wheat
2025-07-04 16:48:55.885218,7571.75,wheat
2025-07-05 16:48:55.885218,7426.77,wheat
2025-07-06 16:48:55.885218,7298.73,wheat
2025-07-07 16:48:55.885218,7195.26,wheat
2025-07-08 16:48:55.885218,7105.54,wheat
2025-07-09 16:48:55.885218,6977.15,wheat
2025-07-10 16:48:55.885218,6851.19,wheat
2025-07-11 16:48:55.885218,6698.31,wheat
2025-07-12 16:48:55.885218,6576.94,wheat
2025-07-13 16:48:55.885218,6447.72,wheat
2025-07-14 16:48:55.885218,6323.7,wheat
2025-07-15 16:48:55.885218,6168.86,wheat
2025-07-16 16:48:55.885218,6021.57,wheat
2025-07-17 16:48:55.885218,5880.06,wheat
2025-07-18 16:48:55.885218,5748.24,wheat
2025-07-19 16:48:55.885218,5629.77,wheat
2025-07-20 16:48:55.885218,5538.54,wheat
2025-07-21 16:48:55.885218,5474.57,wheat
2025-07-22 16:48:55.885218,5428.77,wheat
2025-07-23 16:48:55.885218,5364.91,wheat
2025-07-24 16:48:55.885218,5304.65,wheat
2025-07-25 16:48:55.885218,5218.28,wheat
2025-07-26 16:48:55.885218,5144.9,wheat
2025-07-27 16:48:55.885218,5063.69,wheat
2025-07-28 16:48:55.885218,5002.23,wheat
2025-07-29 16:48:55.885218,4916.89,wheat
2025-07-30 16:48:55.885218,4840.89,wheat
2025-07-31 16:48:55.885218,4731.0,wheat
2025-08-01 16:48:55.885218,4617.74,wheat
2025-08-02 16:48:55.885218,4440.12,wheat
2025-08-03 16:48:55.885218,4255.59,wheat
2025-08-04 16:48:55.885218,4063.44,wheat
2025-08-05 16:48:55.885218,3908.47,wheat
2025-08-06 16:48:55.885218,3756.73,wheat
2025-08-07 16:48:55.885218,3619.45,wheat
2025-08-08 16:48:55.885218,3468.36,wheat
2025-08-09 16:48:55.885218,3318.69,wheat
2025-08-10 16:48:55.885218,3164.6,wheat
2025-08-11 16:48:55.885218,3014.16,wheat
2025-08-12 16:48:55.885218,2858.99,wheat
2025-08-13 16:48:55.885218,2710.17,wheat
2025-08-14 16:48:55.885218,2553.95,wheat
2025-08-15 16:48:55.885218,2407.02,wheat
2025-08-16 16:48:55.885218,2272.27,wheat
2025-08-17 16:48:55.885218,2152.46,wheat
2025-08-18 16:48:55.885218,2024.47,wheat
2025-08-19 16:48:55.885218,1894.0,wheat
2025-08-20 16:48:55.885218,1759.66,wheat
2025-08-21 16:48:55.885218,1639.63,wheat
2025-08-22 16:48:55.885218,1510.71,wheat
2025-08-23 16:48:55.885218,1388.82,wheat
2025-08-24 16:48:55.885218,1252.58,wheat
2025-08-25 16:48:55.885218,1157.15,wheat
2025-08-26 16:48:55.885218,1100.0,wheat
2025-08-27 16:48:55.885218,1100.0,wheat
2025-08-28 16:48:55.885218,1100.0,wheat
2025-08-29 16:48:55.885218,1100.0,wheat
2025-08-30 16:48:55.885218,1100.0,wheat
2025-08-31 16:48:55.885218,1100.0,wheat
2025-09-01 16:48:55.885218,1100.0,wheat
2025-09-02 16:48:55.885218,1100.0,wheat
2025-09-03 16:48:55.885218,1100.0,wheat
2025-09-04 16:48:55.885218,1100.0,wheat
2025-09-05 16:48:55.885218,1100.0,wheat
2025-09-06 16:48:55.885218,1100.0,wheat
2025-09-07 16:48:55.885218,1100.0,wheat
2025-09-08 16:48:55.885218,1100.0,wheat
2025-09-09 16:48:55.885218,1100.0,wheat
2025-09-10 16:48:55.885218,1100.0,wheat
2025-09-11 16:48:55.885218,1100.0,wheat
2025-09-12 16:48:55.885218,1100.0,wheat
2025-09-13 16:48:55.885218,1100.0,wheat
2025-09-14 16:48:55.885218,1100.0,wheat
2025-09-15 16:48:55.885218,1100.0,wheat
2025-09-16 16:48:55.885218,1100.0,wheat
2025-09-17 16:48:55.885218,1100.0,wheat
2025-09-18 16:48:55.885218,1100.0,wheat
2025-09-19 16:48:55.885218,1100.0,wheat
2025-09-20 16:48:55.885218,1100.0,wheat
2025-09-21 16:48:55.885218,1100.0,wheat
2025-09-22 16:48:55.885218,1100.0,wheat
2025-09-23 16:48:55.885218,1100.0,wheat
2025-09-24 16:48:55.885218,1100.0,wheat
2025-09-25 16:48:55.885218,1100.0,wheat
2025-09-26 16:48:55.885218,1100.0,wheat
2025-09-27 16:48:55.885218,1100.0,wheat
2025-09-28 16:48:55.885218,1100.0,wheat
2025-09-29 16:48:55.885218,1100.0,wheat
2025-09-30 16:48:55.885218,1100.0,wheat
2025-10-01 16:48:55.885218,1100.0,wheat
2025-10-02 16:48:55.885218,1100.0,wheat
2025-10-03 16:48:55.885218,1100.0,wheat
2025-10-04 16:48:55.885218,1100.0,wheat
2025-10-05 16:48:55.885218,1100.0,wheat
2025-10-06 16:48:55.885218,1100.0,wheat
2025-10-07 16:48:55.885218,1100.0,wheat
2025-10-08 16:48:55.885218,1100.0,wheat
2025-10-09 16:48:55.885218,1100.0,wheat
2025-10-10 16:48:55.885218,1100.0,wheat
2025-10-11 16:48:55.885218,1100.0,wheat
2025-10-12 16:48:55.885218,1100.0,wheat
2025-10-13 16:48:55.885218,1100.0,wheat
2025-10-14 16:48:55.885218,1100.0,wheat
2025-10-15 16:48:55.885218,1100.0,wheat
2025-10-16 16:48:55.885218,1100.0,wheat
2025-10-17 16:48:55.885218,1100.0,wheat
2025-10-18 16:48:55.885218,1100.0,wheat
2025-10-19 16:48:55.885218,1100.0,wheat
2025-10-20 16:48:55.885218,1100.0,wheat
2025-10-21 16:48:55.885218,1100.0,wheat
2025-10-22 16:48:55.885218,1100.0,wheat
2025-10-23 16:48:55.885218,1100.0,wheat
2025-10-24 16:48:55.885218,1100.0,wheat
2025-10-25 16:48:55.885218,1100.0,wheat
2025-10-26 16:48:55.885218,1100.0,wheat
2025-10-27 16:48:55.885218,1100.0,wheat
2025-10-28 16:48:55.885218,1100.0,wheat
2025-10-29 16:48:55.885218,1100.0,wheat
2025-10-30 16:48:55.885218,1100.0,wheat
2025-10-31 16:48:55.885218,1100.0,wheat
2025-11-01 16:48:55.885218,1100.0,wheat
2025-11-02 16:48:55.885218,1100.0,wheat
2025-11-03 16:48:55.885218,1100.0,wheat
2025-11-04 16:48:55.885218,1100.0,wheat
2025-11-05 16:48:55.885218,1100.0,wheat
2025-11-06 16:48:55.885218,1100.0,wheat
2025-11-07 16:48:55.885218,1100.0,wheat
2025-11-08 16:48:55.885218,1100.0,wheat
2025-11-09 16:48:55.885218,1100.0,wheat
2025-11-10 16:48:55.885218,1100.0,wheat
2025-11-11 16:48:55.885218,1100.0,wheat
2025-11-12 16:48:55.885218,1100.0,wheat
2025-11-13 16:48:55.885218,1100.0,wheat
2025-11-14 16:48:55.885218,1100.0,wheat
2025-11-15 16:48:55.885218,1100.0,wheat
2025-11-16 16:48:55.885218,1100.0,wheat
2025-11-17 16:48:55.885218,1100.0,wheat
2025-11-18 16:48:55.885218,1100.0,wheat
2025-11-19 16:48:55.885218,1100.0,wheat
2025-11-20 16:48:55.885218,1100.0,wheat
2025-11-21 16:48:55.885218,1100.0,wheat
2025-11-22 16:48:55.885218,1100.0,wheat
2025-11-23 16:48:55.885218,1100.0,wheat
2025-11-24 16:48:55.885218,1100.0,wheat
2025-11-25 16:48:55.885218,1100.0,wheat
2025-11-26 16:48:55.885218,1100.0,wheat
2025-11-27 16:48:55.885218,1100.0,wheat
2025-11-28 16:48:55.885218,1100.0,wheat
2025-11-29 16:48:55.885218,1100.0,wheat
2025-11-30 16:48:55.885218,1100.0,wheat
2025-12-01 16:48:55.885218,1100.0,wheat
2025-12-02 16:48:55.885218,1100.0,wheat
2025-12-03 16:48:55.885218,1100.0,wheat
2025-12-04 16:48:55.885218,1100.0,wheat
2025-12-05 16:48:55.885218,1100.0,wheat
2025-12-06 16:48:55.885218,1100.0,wheat
2025-12-07 16:48:55.885218,1100.57,wheat
2025-12-08 16:48:55.885218,1100.57,wheat
2025-12-09 16:48:55.885218,1100.57,wheat
2025-12-10 16:48:55.885218,1100.0,wheat
2025-12-11 16:48:55.885218,1100.0,wheat
2025-12-12 16:48:55.885218,1100.0,wheat
2025-12-13 16:48:55.885218,1100.0,wheat
2025-12-14 16:48:55.885218,1100.0,wheat
2025-12-15 16:48:55.885218,1100.0,wheat
2025-12-16 16:48:55.885218,1100.0,wheat
2025-12-17 16:48:55.885218,1100.0,wheat
2025-12-18 16:48:55.885218,1100.0,wheat
2025-12-19 16:48:55.885218,1100.0,wheat
2025-12-20 16:48:55.885218,1100.0,wheat
2025-12-21 16:48:55.885218,1100.0,wheat
2025-12-22 16:48:55.885218,1100.0,wheat
2025-12-23 16:48:55.885218,1100.0,wheat
2025-12-24 16:48:55.885218,1100.0,wheat
2025-12-25 16:48:55.885218,1100.0,wheat
2025-12-26 16:48:55.885218,1100.0,wheat
2025-12-27 16:48:55.885218,1100.0,wheat
2025-12-28 16:48:55.885218,1100.0,wheat
2025-12-29 16:48:55.885218,1100.0,wheat
2025-12-30 16:48:55.885218,1100.0,wheat
2025-12-31 16:48:55.885218,1118.79,wheat
2026-01-01 16:48:55.885218,1144.0,wheat
2026-01-02 16:48:55.885218,1179.71,wheat
2026-01-03 16:48:55.885218,1220.2,wheat
2026-01-04 16:48:55.885218,1266.26,wheat
2026-01-05 16:48:55.885218,1291.02,wheat
2026-01-06 16:48:55.885218,1327.07,wheat
2026-01-07 16:48:55.885218,1355.67,wheat
2026-01-08 16:48:55.885218,1399.81,wheat
2026-01-09 16:48:55.885218,1406.38,wheat
2026-01-10 16:48:55.885218,1413.85,wheat
2026-01-11 16:48:55.885218,1434.22,wheat
2026-01-12 16:48:55.885218,1479.98,wheat
2026-01-13 16:48:55.885218,1538.0,wheat
2026-01-14 16:48:55.885218,1592.87,wheat
2026-01-15 16:48:55.885218,1631.17,wheat
2026-01-16 16:48:55.885218,1645.9,wheat
2026-01-17 16:48:55.885218,1631.0,wheat
2026-01-18 16:48:55.885218,1627.3,wheat
2026-01-19 16:48:55.885218,1637.35,wheat
2026-01-20 16:48:55.885218,1700.82,wheat
2026-01-21 16:48:55.885218,1748.59,wheat
2026-01-22 16:48:55.885218,1796.72,wheat
2026-01-23 16:48:55.885218,1809.47,wheat
2026-01-24 16:48:55.885218,1818.74,wheat
2026-01-25 16:48:55.885218,1835.97,wheat
2026-01-26 16:48:55.885218,1873.3,wheat
2026-01-27 16:48:55.885218,1917.37,wheat
2026-01-28 16:48:55.885218,1949.87,wheat
2026-01-29 16:48:55.885218,1952.49,wheat
2026-01-30 16:48:55.885218,1961.64,wheat
2026-01-31 16:48:55.885218,2020.65,wheat
2026-02-01 16:48:55.885218,2120.19,wheat
2026-02-02 16:48:55.885218,2255.43,wheat
2026-02-03 16:48:55.885218,2363.93,wheat
2026-02-04 16:48:55.885218,2494.04,wheat
2026-02-05 16:48:55.885218,2632.77,wheat
2026-02-06 16:48:55.885218,2775.9,wheat
2026-02-07 16:48:55.885218,2912.96,wheat
2026-02-08 16:48:55.885218,3021.82,wheat
2026-02-09 16:48:55.885218,3139.16,wheat
2026-02-10 16:48:55.885218,3238.21,wheat
2026-02-11 16:48:55.885218,3365.99,wheat
2026-02-12 16:48:55.885218,3472.72,wheat
2026-02-13 16:48:55.885218,3591.35,wheat
2026-02-14 16:48:55.885218,3678.24,wheat
2026-02-15 16:48:55.885218,3768.97,wheat
2026-02-16 16:48:55.885218,3864.31,wheat
2026-02-17 16:48:55.885218,3967.9,wheat
2026-02-18 16:48:55.885218,4070.96,wheat
2026-02-19 16:48:55.885218,4177.54,wheat
2026-02-20 16:48:55.885218,4278.63,wheat
2026-02-21 16:48:55.885218,4384.01,wheat
2026-02-22 16:48:55.885218,4454.77,wheat
2026-02-23 16:48:55.885218,4529.65,wheat
2026-02-24 16:48:55.885218,4600.87,wheat
2026-02-25 16:48:55.885218,4673.34,wheat
2026-02-26 16:48:55.885218,4764.86,wheat
2026-02-27 16:48:55.885218,4855.12,wheat
2026-02-28 16:48:55.885218,4964.22,wheat
2026-03-01 16:48:55.885218,5092.23,wheat
2026-03-02 16:48:55.885218,5235.04,wheat
2026-03-03 16:48:55.885218,5390.6,wheat
2026-03-04 16:48:55.885218,5521.98,wheat
2026-03-05 16:48:55.885218,5669.31,wheat
2026-03-06 16:48:55.885218,5821.67,wheat
2026-03-07 16:48:55.885218,5960.04,wheat
2026-03-08 16:48:55.885218,6101.88,wheat
2026-03-09 16:48:55.885218,6224.4,wheat
2026-03-10 16:48:55.885218,6351.9,wheat
2026-03-11 16:48:55.885218,6466.82,wheat
2026-03-12 16:48:55.885218,6567.69,wheat
2026-03-13 16:48:55.885218,6659.73,wheat
2026-03-14 16:48:55.885218,6732.76,wheat
2026-03-15 16:48:55.885218,6843.13,wheat
2026-03-16 16:48:55.885218,6950.79,wheat
2026-03-17 16:48:55.885218,7078.59,wheat
2026-03-18 16:48:55.885218,7175.12,wheat
2026-03-19 16:48:55.885218,7268.93,wheat
2026-03-20 16:48:55.885218,7340.45,wheat
2026-03-21 16:48:55.885218,7400.51,wheat
2026-03-22 16:48:55.885218,7461.05,wheat
2026-03-23 16:48:55.885218,7513.21,wheat
2026-03-24 16:48:55.885218,7583.53,wheat
2026-03-25 16:48:55.885218,7643.19,wheat
2026-03-26 16:48:55.885218,7725.1,wheat
2026-03-27 16:48:55.885218,7800.57,wheat
2026-03-28 16:48:55.885218,7897.79,wheat
2026-03-29 16:48:55.885218,7973.64,wheat
2026-03-30 16:48:55.885218,8032.18,wheat
2026-03-31 16:48:55.885218,8083.14,wheat
2026-04-01 16:48:55.885218,8156.13,wheat
2026-04-02 16:48:55.885218,8252.31,wheat
2026-04-03 16:48:55.885218,8370.27,wheat
2026-04-04 16:48:55.885218,8481.67,wheat
2026-04-05 16:48:55.885218,8590.86,wheat
2026-04-06 16:48:55.885218,8668.14,wheat
2026-04-07 16:48:55.885218,8745.48,wheat
2026-04-08 16:48:55.885218,8814.15,wheat
2026-04-09 16:48:55.885218,8899.54,wheat
2026-04-10 16:48:55.885218,8971.28,wheat
2026-04-11 16:48:55.885218,6008.22,wheat
2023-04-12 16:48:55.905751,1156.09,rice
2023-04-13 16:48:55.905751,1663.07,rice
2023-04-14 16:48:55.905751,1520.21,rice
2023-04-15 16:48:55.905751,1373.89,rice
2023-04-16 16:48:55.905751,1209.36,rice
2023-04-17 16:48:55.905751,1076.63,rice
2023-04-18 16:48:55.905751,1009.12,rice
2023-04-19 16:48:55.905751,1000.0,rice
2023-04-20 16:48:55.905751,1000.0,rice
2023-04-21 16:48:55.905751,1000.0,rice
2023-04-22 16:48:55.905751,1000.0,rice
2023-04-23 16:48:55.905751,1000.0,rice
2023-04-24 16:48:55.905751,1000.0,rice
2023-04-25 16:48:55.905751,1000.0,rice
2023-04-26 16:48:55.905751,1000.0,rice
2023-04-27 16:48:55.905751,1000.0,rice
2023-04-28 16:48:55.905751,1000.0,rice
2023-04-29 16:48:55.905751,1000.0,rice
2023-04-30 16:48:55.905751,1000.0,rice
2023-05-01 16:48:55.905751,1000.0,rice
2023-05-02 16:48:55.905751,1000.0,rice
2023-05-03 16:48:55.905751,1000.0,rice
2023-05-04 16:48:55.905751,1000.0,rice
2023-05-05 16:48:55.905751,1000.0,rice
2023-05-06 16:48:55.905751,1000.0,rice
2023-05-07 16:48:55.905751,1000.0,rice
2023-05-08 16:48:55.905751,1000.0,rice
2023-05-09 16:48:55.905751,1000.0,rice
2023-05-10 16:48:55.905751,1000.0,rice
2023-05-11 16:48:55.905751,1000.0,rice
2023-05-12 16:48:55.905751,1000.0,rice
2023-05-13 16:48:55.905751,1000.0,rice
2023-05-14 16:48:55.905751,1000.0,rice
2023-05-15 16:48:55.905751,1000.0,rice
2023-05-16 16:48:55.905751,1000.0,rice
2023-05-17 16:48:55.905751,1000.0,rice
2023-05-18 16:48:55.905751,1000.0,rice
2023-05-19 16:48:55.905751,1000.0,rice
2023-05-20 16:48:55.905751,1000.0,rice
2023-05-21 16:48:55.905751,1000.0,rice
2023-05-22 16:48:55.905751,1000.0,rice
2023-05-23 16:48:55.905751,1000.0,rice
2023-05-24 16:48:55.905751,1000.0,rice
2023-05-25 16:48:55.905751,1000.0,rice
2023-05-26 16:48:55.905751,1000.0,rice
2023-05-27 16:48:55.905751,1000.0,rice
2023-05-28 16:48:55.905751,1000.0,rice
2023-05-29 16:48:55.905751,1000.0,rice
2023-05-30 16:48:55.905751,1000.0,rice
2023-05-31 16:48:55.905751,1000.0,rice
2023-06-01 16:48:55.905751,1000.0,rice
2023-06-02 16:48:55.905751,1000.0,rice
2023-06-03 16:48:55.905751,1000.0,rice
2023-06-04 16:48:55.905751,1000.0,rice
2023-06-05 16:48:55.905751,1000.0,rice
2023-06-06 16:48:55.905751,1000.0,rice
2023-06-07 16:48:55.905751,1000.0,rice
2023-06-08 16:48:55.905751,1000.0,rice
2023-06-09 16:48:55.905751,1000.0,rice
2023-06-10 16:48:55.905751,1000.0,rice
2023-06-11 16:48:55.905751,1000.0,rice
2023-06-12 16:48:55.905751,1000.0,rice
2023-06-13 16:48:55.905751,1000.0,rice
2023-06-14 16:48:55.905751,1000.0,rice
2023-06-15 16:48:55.905751,1000.0,rice
2023-06-16 16:48:55.905751,1000.0,rice
2023-06-17 16:48:55.905751,1000.0,rice
2023-06-18 16:48:55.905751,1000.0,rice
2023-06-19 16:48:55.905751,1000.0,rice
2023-06-20 16:48:55.905751,1000.0,rice
2023-06-21 16:48:55.905751,1000.0,rice
2023-06-22 16:48:55.905751,1000.0,rice
2023-06-23 16:48:55.905751,1000.0,rice
2023-06-24 16:48:55.905751,1000.0,rice
2023-06-25 16:48:55.905751,1000.0,rice
2023-06-26 16:48:55.905751,1000.0,rice
2023-06-27 16:48:55.905751,1000.0,rice
2023-06-28 16:48:55.905751,1000.0,rice
2023-06-29 16:48:55.905751,1000.0,rice
2023-06-30 16:48:55.905751,1000.0,rice
2023-07-01 16:48:55.905751,1000.0,rice
2023-07-02 16:48:55.905751,1000.0,rice
2023-07-03 16:48:55.905751,1000.0,rice
2023-07-04 16:48:55.905751,1000.0,rice
2023-07-05 16:48:55.905751,1000.0,rice
2023-07-06 16:48:55.905751,1000.0,rice
2023-07-07 16:48:55.905751,1000.0,rice
2023-07-08 16:48:55.905751,1000.0,rice
2023-07-09 16:48:55.905751,1000.0,rice
2023-07-10 16:48:55.905751,1000.0,rice
2023-07-11 16:48:55.905751,1000.0,rice
2023-07-12 16:48:55.905751,1000.0,rice
2023-07-13 16:48:55.905751,1000.0,rice
2023-07-14 16:48:55.905751,1000.0,rice
2023-07-15 16:48:55.905751,1000.0,rice
2023-07-16 16:48:55.905751,1000.0,rice
2023-07-17 16:48:55.905751,1000.0,rice
2023-07-18 16:48:55.905751,1000.0,rice
2023-07-19 16:48:55.905751,1000.0,rice
2023-07-20 16:48:55.905751,1000.0,rice
2023-07-21 16:48:55.905751,1000.0,rice
2023-07-22 16:48:55.905751,1000.0,rice
2023-07-23 16:48:55.905751,1000.0,rice
2023-07-24 16:48:55.905751,1000.0,rice
2023-07-25 16:48:55.905751,1000.0,rice
2023-07-26 16:48:55.905751,1000.0,rice
2023-07-27 16:48:55.905751,1000.0,rice
2023-07-28 16:48:55.905751,1000.0,rice
2023-07-29 16:48:55.905751,1000.0,rice
2023-07-30 16:48:55.905751,1000.0,rice
2023-07-31 16:48:55.905751,1009.07,rice
2023-08-01 16:48:55.905751,1024.03,rice
2023-08-02 16:48:55.905751,1041.97,rice
2023-08-03 16:48:55.905751,1060.43,rice
2023-08-04 16:48:55.905751,1076.19,rice
2023-08-05 16:48:55.905751,1102.82,rice
2023-08-06 16:48:55.905751,1124.75,rice
2023-08-07 16:48:55.905751,1157.14,rice
2023-08-08 16:48:55.905751,1191.25,rice
2023-08-09 16:48:55.905751,1248.59,rice
2023-08-10 16:48:55.905751,1293.84,rice
2023-08-11 16:48:55.905751,1328.72,rice
2023-08-12 16:48:55.905751,1333.94,rice
2023-08-13 16:48:55.905751,1345.79,rice
2023-08-14 16:48:55.905751,1362.95,rice
2023-08-15 16:48:55.905751,1400.7,rice
2023-08-16 16:48:55.905751,1446.16,rice
2023-08-17 16:48:55.905751,1481.16,rice
2023-08-18 16:48:55.905751,1500.09,rice
2023-08-19 16:48:55.905751,1520.72,rice
2023-08-20 16:48:55.905751,1548.32,rice
2023-08-21 16:48:55.905751,1582.51,rice
2023-08-22 16:48:55.905751,1595.1,rice
2023-08-23 16:48:55.905751,1592.96,rice
2023-08-24 16:48:55.905751,1575.72,rice
2023-08-25 16:48:55.905751,1568.97,rice
2023-08-26 16:48:55.905751,1573.8,rice
2023-08-27 16:48:55.905751,1583.36,rice
2023-08-28 16:48:55.905751,1587.38,rice
2023-08-29 16:48:55.905751,1575.71,rice
2023-08-30 16:48:55.905751,1575.91,rice
2023-08-31 16:48:55.905751,1615.27,rice
2023-09-01 16:48:55.905751,1699.43,rice
2023-09-02 16:48:55.905751,1804.17,rice
2023-09-03 16:48:55.905751,1903.99,rice
2023-09-04 16:48:55.905751,1998.27,rice
2023-09-05 16:48:55.905751,2091.58,rice
2023-09-06 16:48:55.905751,2185.08,rice
2023-09-07 16:48:55.905751,2299.43,rice
2023-09-08 16:48:55.905751,2400.21,rice
2023-09-09 16:48:55.905751,2510.36,rice
2023-09-10 16:48:55.905751,2599.1,rice
2023-09-11 16:48:55.905751,2700.11,rice
2023-09-12 16:48:55.905751,2784.39,rice
2023-09-13 16:48:55.905751,2868.26,rice
2023-09-14 16:48:55.905751,2943.51,rice
2023-09-15 16:48:55.905751,3020.49,rice
2023-09-16 16:48:55.905751,3088.03,rice
2023-09-17 16:48:55.905751,3155.12,rice
2023-09-18 16:48:55.905751,3216.2,rice
2023-09-19 16:48:55.905751,3292.81,rice
2023-09-20 16:48:55.905751,3374.93,rice
2023-09-21 16:48:55.905751,3448.93,rice
2023-09-22 16:48:55.905751,3491.98,rice
2023-09-23 16:48:55.905751,3522.22,rice
2023-09-24 16:48:55.905751,3555.36,rice
2023-09-25 16:48:55.905751,3610.81,rice
2023-09-26 16:48:55.905751,3678.86,rice
2023-09-27 16:48:55.905751,3750.28,rice
2023-09-28 16:48:55.905751,3821.89,rice
2023-09-29 16:48:55.905751,3893.93,rice
2023-09-30 16:48:55.905751,3986.0,rice
2023-10-01 16:48:55.905751,4075.42,rice
2023-10-02 16:48:55.905751,4187.49,rice
2023-10-03 16:48:55.905751,4288.97,rice
2023-10-04 16:48:55.905751,4400.81,rice
2023-10-05 16:48:55.905751,4504.3,rice
2023-10-06 16:48:55.905751,4617.54,rice
2023-10-07 16:48:55.905751,4737.02,rice
2023-10-08 16:48:55.905751,4853.77,rice
2023-10-09 16:48:55.905751,4961.2,rice
2023-10-10 16:48:55.905751,5060.52,rice
2023-10-11 16:48:55.905751,5147.18,rice
2023-10-12 16:48:55.905751,5225.38,rice
2023-10-13 16:48:55.905751,5292.86,rice
2023-10-14 16:48:55.905751,5365.22,rice
2023-10-15 16:48:55.905751,5430.77,rice
2023-10-16 16:48:55.905751,5513.21,rice
2023-10-17 16:48:55.905751,5590.58,rice
2023-10-18 16:48:55.905751,5672.98,rice
2023-10-19 16:48:55.905751,5747.21,rice
2023-10-20 16:48:55.905751,5827.22,rice
2023-10-21 16:48:55.905751,5905.57,rice
2023-10-22 16:48:55.905751,5974.26,rice
2023-10-23 16:48:55.905751,6012.43,rice
2023-10-24 16:48:55.905751,6039.52,rice
2023-10-25 16:48:55.905751,6083.1,rice
2023-10-26 16:48:55.905751,6144.1,rice
2023-10-27 16:48:55.905751,6224.77,rice
2023-10-28 16:48:55.905751,6291.63,rice
2023-10-29 16:48:55.905751,6353.25,rice
2023-10-30 16:48:55.905751,6409.35,rice
2023-10-31 16:48:55.905751,6469.11,rice
2023-11-01 16:48:55.905751,6540.16,rice
2023-11-02 16:48:55.905751,6606.69,rice
2023-11-03 16:48:55.905751,6674.4,rice
2023-11-04 16:48:55.905751,6743.84,rice
2023-11-05 16:48:55.905751,6827.47,rice
2023-11-06 16:48:55.905751,6889.95,rice
2023-11-07 16:48:55.905751,6946.39,rice
2023-11-08 16:48:55.905751,6987.38,rice
2023-11-09 16:48:55.905751,7036.97,rice
2023-11-10 16:48:55.905751,7080.65,rice
2023-11-11 16:48:55.905751,7121.69,rice
2023-11-12 16:48:55.905751,7172.52,rice
2023-11-13 16:48:55.905751,7234.15,rice
2023-11-14 16:48:55.905751,7294.14,rice
2023-11-15 16:48:55.905751,7347.37,rice
2023-11-16 16:48:55.905751,7390.71,rice
2023-11-17 16:48:55.905751,7436.89,rice
2023-11-18 16:48:55.905751,7482.62,rice
2023-11-19 16:48:55.905751,7515.66,rice
2023-11-20 16:48:55.905751,7550.12,rice
2023-11-21 16:48:55.905751,7565.11,rice
2023-11-22 16:48:55.905751,7587.94,rice
2023-11-23 16:48:55.905751,7611.87,rice
2023-11-24 16:48:55.905751,7661.34,rice
2023-11-25 16:48:55.905751,7710.02,rice
2023-11-26 16:48:55.905751,7740.66,rice
2023-11-27 16:48:55.905751,7758.35,rice
2023-11-28 16:48:55.905751,7795.05,rice
2023-11-29 16:48:55.905751,7845.44,rice
2023-11-30 16:48:55.905751,7888.22,rice
2023-12-01 16:48:55.905751,7895.85,rice
2023-12-02 16:48:55.905751,7877.63,rice
2023-12-03 16:48:55.905751,7862.49,rice
2023-12-04 16:48:55.905751,7846.24,rice
2023-12-05 16:48:55.905751,7838.39,rice
2023-12-06 16:48:55.905751,7824.46,rice
2023-12-07 16:48:55.905751,7828.56,rice
2023-12-08 16:48:55.905751,7837.64,rice
2023-12-09 16:48:55.905751,7856.67,rice
2023-12-10 16:48:55.905751,7858.83,rice
2023-12-11 16:48:55.905751,7857.53,rice
2023-12-12 16:48:55.905751,7859.81,rice
2023-12-13 16:48:55.905751,7863.14,rice
2023-12-14 16:48:55.905751,7876.04,rice
2023-12-15 16:48:55.905751,7886.57,rice
2023-12-16 16:48:55.905751,7909.41,rice
2023-12-17 16:48:55.905751,7919.11,rice
2023-12-18 16:48:55.905751,7912.88,rice
2023-12-19 16:48:55.905751,7905.27,rice
2023-12-20 16:48:55.905751,7896.93,rice
2023-12-21 16:48:55.905751,7893.96,rice
2023-12-22 16:48:55.905751,7877.32,rice
2023-12-23 16:48:55.905751,7859.2,rice
2023-12-24 16:48:55.905751,7828.69,rice
2023-12-25 16:48:55.905751,7811.22,rice
2023-12-26 16:48:55.905751,7804.52,rice
2023-12-27 16:48:55.905751,7816.18,rice
2023-12-28 16:48:55.905751,7827.19,rice
2023-12-29 16:48:55.905751,7831.17,rice
2023-12-30 16:48:55.905751,7834.52,rice
2023-12-31 16:48:55.905751,7814.99,rice
2024-01-01 16:48:55.905751,7777.84,rice
2024-01-02 16:48:55.905751,7711.16,rice
2024-01-03 16:48:55.905751,7634.83,rice
2024-01-04 16:48:55.905751,7567.97,rice
2024-01-05 16:48:55.905751,7504.13,rice
2024-01-06 16:48:55.905751,7440.74,rice
2024-01-07 16:48:55.905751,7369.23,rice
2024-01-08 16:48:55.905751,7297.13,rice
2024-01-09 16:48:55.905751,7243.06,rice
2024-01-10 16:48:55.905751,7189.96,rice
2024-01-11 16:48:55.905751,7141.69,rice
2024-01-12 16:48:55.905751,7089.82,rice
2024-01-13 16:48:55.905751,7051.07,rice
2024-01-14 16:48:55.905751,7006.43,rice
2024-01-15 16:48:55.905751,6957.33,rice
2024-01-16 16:48:55.905751,6896.54,rice
2024-01-17 16:48:55.905751,6847.35,rice
2024-01-18 16:48:55.905751,6806.89,rice
2024-01-19 16:48:55.905751,6764.57,rice
2024-01-20 16:48:55.905751,6716.57,rice
2024-01-21 16:48:55.905751,6657.79,rice
2024-01-22 16:48:55.905751,6598.32,rice
2024-01-23 16:48:55.905751,6544.91,rice
2024-01-24 16:48:55.905751,6504.05,rice
2024-01-25 16:48:55.905751,6482.81,rice
2024-01-26 16:48:55.905751,6455.67,rice
2024-01-27 16:48:55.905751,6438.99,rice
2024-01-28 16:48:55.905751,6403.95,rice
2024-01-29 16:48:55.905751,6370.17,rice
2024-01-30 16:48:55.905751,6312.65,rice
2024-01-31 16:48:55.905751,6240.64,rice
2024-02-01 16:48:55.905751,6141.12,rice
2024-02-02 16:48:55.905751,6031.37,rice
2024-02-03 16:48:55.905751,5909.59,rice
2024-02-04 16:48:55.905751,5784.35,rice
2024-02-05 16:48:55.905751,5657.86,rice
2024-02-06 16:48:55.905751,5541.02,rice
2024-02-07 16:48:55.905751,5426.36,rice
2024-02-08 16:48:55.905751,5320.83,rice
2024-02-09 16:48:55.905751,5221.95,rice
2024-02-10 16:48:55.905751,5133.33,rice
2024-02-11 16:48:55.905751,5029.46,rice
2024-02-12 16:48:55.905751,4934.56,rice
2024-02-13 16:48:55.905751,4852.76,rice
2024-02-14 16:48:55.905751,4786.25,rice
2024-02-15 16:48:55.905751,4708.9,rice
2024-02-16 16:48:55.905751,4627.54,rice
2024-02-17 16:48:55.905751,4554.98,rice
2024-02-18 16:48:55.905751,4489.52,rice
2024-02-19 16:48:55.905751,4427.67,rice
2024-02-20 16:48:55.905751,4365.74,rice
2024-02-21 16:48:55.905751,4326.34,rice
2024-02-22 16:48:55.905751,4283.36,rice
2024-02-23 16:48:55.905751,4231.67,rice
2024-02-24 16:48:55.905751,4161.94,rice
2024-02-25 16:48:55.905751,4096.04,rice
2024-02-26 16:48:55.905751,4027.93,rice
2024-02-27 16:48:55.905751,3966.07,rice
2024-02-28 16:48:55.905751,3910.69,rice
2024-02-29 16:48:55.905751,3825.48,rice
2024-03-01 16:48:55.905751,3715.1,rice
2024-03-02 16:48:55.905751,3563.75,rice
2024-03-03 16:48:55.905751,3421.9,rice
2024-03-04 16:48:55.905751,3275.91,rice
2024-03-05 16:48:55.905751,3132.91,rice
2024-03-06 16:48:55.905751,2993.33,rice
2024-03-07 16:48:55.905751,2857.19,rice
2024-03-08 16:48:55.905751,2724.18,rice
2024-03-09 16:48:55.905751,2581.07,rice
2024-03-10 16:48:55.905751,2428.37,rice
2024-03-11 16:48:55.905751,2295.74,rice
2024-03-12 16:48:55.905751,2172.98,rice
2024-03-13 16:48:55.905751,2078.05,rice
2024-03-14 16:48:55.905751,1989.68,rice
2024-03-15 16:48:55.905751,1916.09,rice
2024-03-16 16:48:55.905751,1837.44,rice
2024-03-17 16:48:55.905751,1746.34,rice
2024-03-18 16:48:55.905751,1648.34,rice
2024-03-19 16:48:55.905751,1550.26,rice
2024-03-20 16:48:55.905751,1447.28,rice
2024-03-21 16:48:55.905751,1343.15,rice
2024-03-22 16:48:55.905751,1241.05,rice
2024-03-23 16:48:55.905751,1142.98,rice
2024-03-24 16:48:55.905751,1066.77,rice
2024-03-25 16:48:55.905751,1014.78,rice
2024-03-26 16:48:55.905751,1000.0,rice
2024-03-27 16:48:55.905751,1000.0,rice
2024-03-28 16:48:55.905751,1000.0,rice
2024-03-29 16:48:55.905751,1000.0,rice
2024-03-30 16:48:55.905751,1000.0,rice
2024-03-31 16:48:55.905751,1000.0,rice
2024-04-01 16:48:55.905751,1000.0,rice
2024-04-02 16:48:55.905751,1000.0,rice
2024-04-03 16:48:55.905751,1000.0,rice
2024-04-04 16:48:55.905751,1000.0,rice
2024-04-05 16:48:55.905751,1000.0,rice
2024-04-06 16:48:55.905751,1000.0,rice
2024-04-07 16:48:55.905751,1000.0,rice
2024-04-08 16:48:55.905751,1000.0,rice
2024-04-09 16:48:55.905751,1000.0,rice
2024-04-10 16:48:55.905751,1000.0,rice
2024-04-11 16:48:55.905751,1000.0,rice
2024-04-12 16:48:55.905751,1000.0,rice
2024-04-13 16:48:55.905751,1000.0,rice
2024-04-14 16:48:55.905751,1000.0,rice
2024-04-15 16:48:55.905751,1000.0,rice
2024-04-16 16:48:55.905751,1000.0,rice
2024-04-17 16:48:55.905751,1000.0,rice
2024-04-18 16:48:55.905751,1000.0,rice
2024-04-19 16:48:55.905751,1000.0,rice
2024-04-20 16:48:55.905751,1000.0,rice
2024-04-21 16:48:55.905751,1000.0,rice
2024-04-22 16:48:55.905751,1000.0,rice
2024-04-23 16:48:55.905751,1000.0,rice
2024-04-24 16:48:55.905751,1000.0,rice
2024-04-25 16:48:55.905751,1000.0,rice
2024-04-26 16:48:55.905751,1000.0,rice
2024-04-27 16:48:55.905751,1000.0,rice
2024-04-28 16:48:55.905751,1000.0,rice
2024-04-29 16:48:55.905751,1000.0,rice
2024-04-30 16:48:55.905751,1000.0,rice
2024-05-01 16:48:55.905751,1000.0,rice
2024-05-02 16:48:55.905751,1000.0,rice
2024-05-03 16:48:55.905751,1000.0,rice
2024-05-04 16:48:55.905751,1000.0,rice
2024-05-05 16:48:55.905751,1000.0,rice
2024-05-06 16:48:55.905751,1000.0,rice
2024-05-07 16:48:55.905751,1000.0,rice
2024-05-08 16:48:55.905751,1000.0,rice
2024-05-09 16:48:55.905751,1000.0,rice
2024-05-10 16:48:55.905751,1000.0,rice
2024-05-11 16:48:55.905751,1000.0,rice
2024-05-12 16:48:55.905751,1000.0,rice
2024-05-13 16:48:55.905751,1000.0,rice
2024-05-14 16:48:55.905751,1000.0,rice
2024-05-15 16:48:55.905751,1000.0,rice
2024-05-16 16:48:55.905751,1000.0,rice
2024-05-17 16:48:55.905751,1000.0,rice
2024-05-18 16:48:55.905751,1000.0,rice
2024-05-19 16:48:55.905751,1000.0,rice
2024-05-20 16:48:55.905751,1000.0,rice
2024-05-21 16:48:55.905751,1000.0,rice
2024-05-22 16:48:55.905751,1000.0,rice
2024-05-23 16:48:55.905751,1000.0,rice
2024-05-24 16:48:55.905751,1000.0,rice
2024-05-25 16:48:55.905751,1000.0,rice
2024-05-26 16:48:55.905751,1000.0,rice
2024-05-27 16:48:55.905751,1000.0,rice
2024-05-28 16:48:55.905751,1000.0,rice
2024-05-29 16:48:55.905751,1000.0,rice
2024-05-30 16:48:55.905751,1000.0,rice
2024-05-31 16:48:55.905751,1000.0,rice
2024-06-01 16:48:55.905751,1000.0,rice
2024-06-02 16:48:55.905751,1000.0,rice
2024-06-03 16:48:55.905751,1000.0,rice
2024-06-04 16:48:55.905751,1000.0,rice
2024-06-05 16:48:55.905751,1000.0,rice
2024-06-06 16:48:55.905751,1000.0,rice
2024-06-07 16:48:55.905751,1000.0,rice
2024-06-08 16:48:55.905751,1000.0,rice
2024-06-09 16:48:55.905751,1000.0,rice
2024-06-10 16:48:55.905751,1000.0,rice
2024-06-11 16:48:55.905751,1000.0,rice
2024-06-12 16:48:55.905751,1000.0,rice
2024-06-13 16:48:55.905751,1000.0,rice
2024-06-14 16:48:55.905751,1000.0,rice
2024-06-15 16:48:55.905751,1000.0,rice
2024-06-16 16:48:55.905751,1000.0,rice
2024-06-17 16:48:55.905751,1000.0,rice
2024-06-18 16:48:55.905751,1000.0,rice
2024-06-19 16:48:55.905751,1000.0,rice
2024-06-20 16:48:55.905751,1000.0,rice
2024-06-21 16:48:55.905751,1000.0,rice
2024-06-22 16:48:55.905751,1000.0,rice
2024-06-23 16:48:55.905751,1000.0,rice
2024-06-24 16:48:55.905751,1000.0,rice
2024-06-25 16:48:55.905751,1000.0,rice
2024-06-26 16:48:55.905751,1000.0,rice
2024-06-27 16:48:55.905751,1000.0,rice
2024-06-28 16:48:55.905751,1000.0,rice
2024-06-29 16:48:55.905751,1000.0,rice
2024-06-30 16:48:55.905751,1000.0,rice
2024-07-01 16:48:55.905751,1000.0,rice
2024-07-02 16:48:55.905751,1000.0,rice
2024-07-03 16:48:55.905751,1000.0,rice
2024-07-04 16:48:55.905751,1000.0,rice
2024-07-05 16:48:55.905751,1000.0,rice
2024-07-06 16:48:55.905751,1000.0,rice
2024-07-07 16:48:55.905751,1000.0,rice
2024-07-08 16:48:55.905751,1000.0,rice
2024-07-09 16:48:55.905751,1000.0,rice
2024-07-10 16:48:55.905751,1000.0,rice
2024-07-11 16:48:55.905751,1000.0,rice
2024-07-12 16:48:55.905751,1000.0,rice
2024-07-13 16:48:55.905751,1000.0,rice
2024-07-14 16:48:55.905751,1000.0,rice
2024-07-15 16:48:55.905751,1000.0,rice
2024-07-16 16:48:55.905751,1000.0,rice
2024-07-17 16:48:55.905751,1000.0,rice
2024-07-18 16:48:55.905751,1000.0,rice
2024-07-19 16:48:55.905751,1000.0,rice
2024-07-20 16:48:55.905751,1000.0,rice
2024-07-21 16:48:55.905751,1000.0,rice
2024-07-22 16:48:55.905751,1000.0,rice
2024-07-23 16:48:55.905751,1000.0,rice
2024-07-24 16:48:55.905751,1000.0,rice
2024-07-25 16:48:55.905751,1000.0,rice
2024-07-26 16:48:55.905751,1000.0,rice
2024-07-27 16:48:55.905751,1000.0,rice
2024-07-28 16:48:55.905751,1000.0,rice
2024-07-29 16:48:55.905751,1000.0,rice
2024-07-30 16:48:55.905751,1000.0,rice
2024-07-31 16:48:55.905751,1015.58,rice
2024-08-01 16:48:55.905751,1054.47,rice
2024-08-02 16:48:55.905751,1088.45,rice
2024-08-03 16:48:55.905751,1117.3,rice
2024-08-04 16:48:55.905751,1139.68,rice
2024-08-05 16:48:55.905751,1174.5,rice
2024-08-06 16:48:55.905751,1209.42,rice
2024-08-07 16:48:55.905751,1234.8,rice
2024-08-08 16:48:55.905751,1245.69,rice
2024-08-09 16:48:55.905751,1254.9,rice
2024-08-10 16:48:55.905751,1270.38,rice
2024-08-11 16:48:55.905751,1296.44,rice
2024-08-12 16:48:55.905751,1322.54,rice
2024-08-13 16:48:55.905751,1341.83,rice
2024-08-14 16:48:55.905751,1354.64,rice
2024-08-15 16:48:55.905751,1364.0,rice
2024-08-16 16:48:55.905751,1380.99,rice
2024-08-17 16:48:55.905751,1405.95,rice
2024-08-18 16:48:55.905751,1431.89,rice
2024-08-19 16:48:55.905751,1446.8,rice
2024-08-20 16:48:55.905751,1467.33,rice
2024-08-21 16:48:55.905751,1490.29,rice
2024-08-22 16:48:55.905751,1510.12,rice
2024-08-23 16:48:55.905751,1502.66,rice
2024-08-24 16:48:55.905751,1489.42,rice
2024-08-25 16:48:55.905751,1491.87,rice
2024-08-26 16:48:55.905751,1507.16,rice
2024-08-27 16:48:55.905751,1525.25,rice
2024-08-28 16:48:55.905751,1533.24,rice
2024-08-29 16:48:55.905751,1543.31,rice
2024-08-30 16:48:55.905751,1557.56,rice
2024-08-31 16:48:55.905751,1599.57,rice
2024-09-01 16:48:55.905751,1675.5,rice
2024-09-02 16:48:55.905751,1764.3,rice
2024-09-03 16:48:55.905751,1848.85,rice
2024-09-04 16:48:55.905751,1943.06,rice
2024-09-05 16:48:55.905751,2051.46,rice
2024-09-06 16:48:55.905751,2155.97,rice
2024-09-07 16:48:55.905751,2255.28,rice
2024-09-08 16:48:55.905751,2366.82,rice
2024-09-09 16:48:55.905751,2466.9,rice
2024-09-10 16:48:55.905751,2556.65,rice
2024-09-11 16:48:55.905751,2623.88,rice
2024-09-12 16:48:55.905751,2712.01,rice
2024-09-13 16:48:55.905751,2800.33,rice
2024-09-14 16:48:55.905751,2879.87,rice
2024-09-15 16:48:55.905751,2948.24,rice
2024-09-16 16:48:55.905751,3018.56,rice
2024-09-17 16:48:55.905751,3093.28,rice
2024-09-18 16:48:55.905751,3160.0,rice
2024-09-19 16:48:55.905751,3214.54,rice
2024-09-20 16:48:55.905751,3261.19,rice
2024-09-21 16:48:55.905751,3304.64,rice
2024-09-22 16:48:55.905751,3350.61,rice
2024-09-23 16:48:55.905751,3402.45,rice
2024-09-24 16:48:55.905751,3454.82,rice
2024-09-25 16:48:55.905751,3503.59,rice
2024-09-26 16:48:55.905751,3546.99,rice
2024-09-27 16:48:55.905751,3600.27,rice
2024-09-28 16:48:55.905751,3644.07,rice
2024-09-29 16:48:55.905751,3707.67,rice
2024-09-30 16:48:55.905751,3788.15,rice
2024-10-01 16:48:55.905751,3895.78,rice
2024-10-02 16:48:55.905751,4012.26,rice
2024-10-03 16:48:55.905751,4133.56,rice
2024-10-04 16:48:55.905751,4280.45,rice
2024-10-05 16:48:55.905751,4424.61,rice
2024-10-06 16:48:55.905751,4566.93,rice
2024-10-07 16:48:55.905751,4685.24,rice
2024-10-08 16:48:55.905751,4783.36,rice
2024-10-09 16:48:55.905751,4868.0,rice
2024-10-10 16:48:55.905751,4938.18,rice
2024-10-11 16:48:55.905751,5010.8,rice
2024-10-12 16:48:55.905751,5085.51,rice
2024-10-13 16:48:55.905751,5182.83,rice
2024-10-14 16:48:55.905751,5293.4,rice
2024-10-15 16:48:55.905751,5401.51,rice
2024-10-16 16:48:55.905751,5491.88,rice
2024-10-17 16:48:55.905751,5569.55,rice
2024-10-18 16:48:55.905751,5632.61,rice
2024-10-19 16:48:55.905751,5683.53,rice
2024-10-20 16:48:55.905751,5740.31,rice
2024-10-21 16:48:55.905751,5802.96,rice
2024-10-22 16:48:55.905751,5871.76,rice
2024-10-23 16:48:55.905751,5929.23,rice
2024-10-24 16:48:55.905751,5992.2,rice
2024-10-25 16:48:55.905751,6051.82,rice
2024-10-26 16:48:55.905751,6111.9,rice
2024-10-27 16:48:55.905751,6170.33,rice
2024-10-28 16:48:55.905751,6235.66,rice
2024-10-29 16:48:55.905751,6293.77,rice
2024-10-30 16:48:55.905751,6343.76,rice
2024-10-31 16:48:55.905751,6389.61,rice
2024-11-01 16:48:55.905751,6465.24,rice
2024-11-02 16:48:55.905751,6545.04,rice
2024-11-03 16:48:55.905751,6611.61,rice
2024-11-04 16:48:55.905751,6648.2,rice
2024-11-05 16:48:55.905751,6702.2,rice
2024-11-06 16:48:55.905751,6764.45,rice
2024-11-07 16:48:55.905751,6844.9,rice
2024-11-08 16:48:55.905751,6895.99,rice
2024-11-09 16:48:55.905751,6959.29,rice
2024-11-10 16:48:55.905751,7010.3,rice
2024-11-11 16:48:55.905751,7061.87,rice
2024-11-12 16:48:55.905751,7099.72,rice
2024-11-13 16:48:55.905751,7144.25,rice
2024-11-14 16:48:55.905751,7194.71,rice
2024-11-15 16:48:55.905751,7249.55,rice
2024-11-16 16:48:55.905751,7281.95,rice
2024-11-17 16:48:55.905751,7311.31,rice
2024-11-18 16:48:55.905751,7339.92,rice
2024-11-19 16:48:55.905751,7373.95,rice
2024-11-20 16:48:55.905751,7418.97,rice
2024-11-21 16:48:55.905751,7458.87,rice
2024-11-22 16:48:55.905751,7507.38,rice
2024-11-23 16:48:55.905751,7563.37,rice
2024-11-24 16:48:55.905751,7625.13,rice
2024-11-25 16:48:55.905751,7684.52,rice
2024-11-26 16:48:55.905751,7715.67,rice
2024-11-27 16:48:55.905751,7734.65,rice
2024-11-28 16:48:55.905751,7763.24,rice
2024-11-29 16:48:55.905751,7802.31,rice
2024-11-30 16:48:55.905751,7832.35,rice
2024-12-01 16:48:55.905751,7848.57,rice
2024-12-02 16:48:55.905751,7867.19,rice
2024-12-03 16:48:55.905751,7896.05,rice
2024-12-04 16:48:55.905751,7910.52,rice
2024-12-05 16:48:55.905751,7919.95,rice
2024-12-06 16:48:55.905751,7925.9,rice
2024-12-07 16:48:55.905751,7942.94,rice
2024-12-08 16:48:55.905751,7948.65,rice
2024-12-09 16:48:55.905751,7959.51,rice
2024-12-10 16:48:55.905751,7973.47,rice
2024-12-11 16:48:55.905751,8004.72,rice
2024-12-12 16:48:55.905751,8024.4,rice
2024-12-13 16:48:55.905751,8055.72,rice
2024-12-14 16:48:55.905751,8062.88,rice
2024-12-15 16:48:55.905751,8079.16,rice
2024-12-16 16:48:55.905751,8083.53,rice
2024-12-17 16:48:55.905751,8082.75,rice
2024-12-18 16:48:55.905751,8073.66,rice
2024-12-19 16:48:55.905751,8049.28,rice
2024-12-20 16:48:55.905751,8030.0,rice
2024-12-21 16:48:55.905751,8022.77,rice
2024-12-22 16:48:55.905751,8013.73,rice
2024-12-23 16:48:55.905751,8004.21,rice
2024-12-24 16:48:55.905751,7970.42,rice
2024-12-25 16:48:55.905751,7968.53,rice
2024-12-26 16:48:55.905751,7974.72,rice
2024-12-27 16:48:55.905751,8000.4,rice
2024-12-28 16:48:55.905751,8004.23,rice
2024-12-29 16:48:55.905751,8003.58,rice
2024-12-30 16:48:55.905751,7991.85,rice
2024-12-31 16:48:55.905751,7952.36,rice
2025-01-01 16:48:55.905751,7914.41,rice
2025-01-02 16:48:55.905751,7859.61,rice
2025-01-03 16:48:55.905751,7807.01,rice
2025-01-04 16:48:55.905751,7739.96,rice
2025-01-05 16:48:55.905751,7686.0,rice
2025-01-06 16:48:55.905751,7642.24,rice
2025-01-07 16:48:55.905751,7598.48,rice
2025-01-08 16:48:55.905751,7541.42,rice
2025-01-09 16:48:55.905751,7477.17,rice
2025-01-10 16:48:55.905751,7425.5,rice
2025-01-11 16:48:55.905751,7375.68,rice
2025-01-12 16:48:55.905751,7329.77,rice
2025-01-13 16:48:55.905751,7271.56,rice
2025-01-14 16:48:55.905751,7214.0,rice
2025-01-15 16:48:55.905751,7151.91,rice
2025-01-16 16:48:55.905751,7095.24,rice
2025-01-17 16:48:55.905751,7053.29,rice
2025-01-18 16:48:55.905751,7031.25,rice
2025-01-19 16:48:55.905751,7017.52,rice
2025-01-20 16:48:55.905751,6997.74,rice
2025-01-21 16:48:55.905751,6957.5,rice
2025-01-22 16:48:55.905751,6898.3,rice
2025-01-23 16:48:55.905751,6847.44,rice
2025-01-24 16:48:55.905751,6803.62,rice
2025-01-25 16:48:55.905751,6777.74,rice
2025-01-26 16:48:55.905751,6725.43,rice
2025-01-27 16:48:55.905751,6682.3,rice
2025-01-28 16:48:55.905751,6622.92,rice
2025-01-29 16:48:55.905751,6572.96,rice
2025-01-30 16:48:55.905751,6518.84,rice
2025-01-31 16:48:55.905751,6432.33,rice
2025-02-01 16:48:55.905751,6333.79,rice
2025-02-02 16:48:55.905751,6207.1,rice
2025-02-03 16:48:55.905751,6098.58,rice
2025-02-04 16:48:55.905751,5997.98,rice
2025-02-05 16:48:55.905751,5902.18,rice
2025-02-06 16:48:55.905751,5815.1,rice
2025-02-07 16:48:55.905751,5707.35,rice
2025-02-08 16:48:55.905751,5591.23,rice
2025-02-09 16:48:55.905751,5465.31,rice
2025-02-10 16:48:55.905751,5342.61,rice
2025-02-11 16:48:55.905751,5244.56,rice
2025-02-12 16:48:55.905751,5155.85,rice
2025-02-13 16:48:55.905751,5082.27,rice
2025-02-14 16:48:55.905751,5004.32,rice
2025-02-15 16:48:55.905751,4942.34,rice
2025-02-16 16:48:55.905751,4881.17,rice
2025-02-17 16:48:55.905751,4819.81,rice
2025-02-18 16:48:55.905751,4734.06,rice
2025-02-19 16:48:55.905751,4643.13,rice
2025-02-20 16:48:55.905751,4540.83,rice
2025-02-21 16:48:55.905751,4455.74,rice
2025-02-22 16:48:55.905751,4378.61,rice
2025-02-23 16:48:55.905751,4315.39,rice
2025-02-24 16:48:55.905751,4256.22,rice
2025-02-25 16:48:55.905751,4200.58,rice
2025-02-26 16:48:55.905751,4135.37,rice
2025-02-27 16:48:55.905751,4071.69,rice
2025-02-28 16:48:55.905751,3992.63,rice
2025-03-01 16:48:55.905751,3878.88,rice
2025-03-02 16:48:55.905751,3716.41,rice
2025-03-03 16:48:55.905751,3549.87,rice
2025-03-04 16:48:55.905751,3402.83,rice
2025-03-05 16:48:55.905751,3276.93,rice
2025-03-06 16:48:55.905751,3148.96,rice
2025-03-07 16:48:55.905751,3021.55,rice
2025-03-08 16:48:55.905751,2893.52,rice
2025-03-09 16:48:55.905751,2770.17,rice
2025-03-10 16:48:55.905751,2653.82,rice
2025-03-11 16:48:55.905751,2532.22,rice
2025-03-12 16:48:55.905751,2415.2,rice
2025-03-13 16:48:55.905751,2309.48,rice
2025-03-14 16:48:55.905751,2220.44,rice
2025-03-15 16:48:55.905751,2135.38,rice
2025-03-16 16:48:55.905751,2039.14,rice
2025-03-17 16:48:55.905751,1937.07,rice
2025-03-18 16:48:55.905751,1827.65,rice
2025-03-19 16:48:55.905751,1719.52,rice
2025-03-20 16:48:55.905751,1636.44,rice
2025-03-21 16:48:55.905751,1552.98,rice
2025-03-22 16:48:55.905751,1478.45,rice
2025-03-23 16:48:55.905751,1396.24,rice
2025-03-24 16:48:55.905751,1334.96,rice
2025-03-25 16:48:55.905751,1269.88,rice
2025-03-26 16:48:55.905751,1190.93,rice
2025-03-27 16:48:55.905751,1107.72,rice
2025-03-28 16:48:55.905751,1043.23,rice
2025-03-29 16:48:55.905751,1011.13,rice
2025-03-30 16:48:55.905751,1000.0,rice
2025-03-31 16:48:55.905751,1000.0,rice
2025-04-01 16:48:55.905751,1000.0,rice
2025-04-02 16:48:55.905751,1000.0,rice
2025-04-03 16:48:55.905751,1000.0,rice
2025-04-04 16:48:55.905751,1000.0,rice
2025-04-05 16:48:55.905751,1000.0,rice
2025-04-06 16:48:55.905751,1000.0,rice
2025-04-07 16:48:55.905751,1000.0,rice
2025-04-08 16:48:55.905751,1000.0,rice
2025-04-09 16:48:55.905751,1000.0,rice
2025-04-10 16:48:55.905751,1000.0,rice
2025-04-11 16:48:55.905751,1000.0,rice
2025-04-12 16:48:55.905751,1000.0,rice
2025-04-13 16:48:55.905751,1000.0,rice
2025-04-14 16:48:55.905751,1000.0,rice
2025-04-15 16:48:55.905751,1000.0,rice
2025-04-16 16:48:55.905751,1000.0,rice
2025-04-17 16:48:55.905751,1000.0,rice
2025-04-18 16:48:55.905751,1000.0,rice
2025-04-19 16:48:55.905751,1000.0,rice
2025-04-20 16:48:55.905751,1000.0,rice
2025-04-21 16:48:55.905751,1000.0,rice
2025-04-22 16:48:55.905751,1000.0,rice
2025-04-23 16:48:55.905751,1000.0,rice
2025-04-24 16:48:55.905751,1000.0,rice
2025-04-25 16:48:55.905751,1000.0,rice
2025-04-26 16:48:55.905751,1000.0,rice
2025-04-27 16:48:55.905751,1000.0,rice
2025-04-28 16:48:55.905751,1000.0,rice
2025-04-29 16:48:55.905751,1000.0,rice
2025-04-30 16:48:55.905751,1000.0,rice
2025-05-01 16:48:55.905751,1000.0,rice
2025-05-02 16:48:55.905751,1000.0,rice
2025-05-03 16:48:55.905751,1000.0,rice
2025-05-04 16:48:55.905751,1000.0,rice
2025-05-05 16:48:55.905751,1000.0,rice
2025-05-06 16:48:55.905751,1000.0,rice
2025-05-07 16:48:55.905751,1000.0,rice
2025-05-08 16:48:55.905751,1000.0,rice
2025-05-09 16:48:55.905751,1000.0,rice
2025-05-10 16:48:55.905751,1000.0,rice
2025-05-11 16:48:55.905751,1000.0,rice
2025-05-12 16:48:55.905751,1000.0,rice
2025-05-13 16:48:55.905751,1000.0,rice
2025-05-14 16:48:55.905751,1000.0,rice
2025-05-15 16:48:55.905751,1000.0,rice
2025-05-16 16:48:55.905751,1000.0,rice
2025-05-17 16:48:55.905751,1000.0,rice
2025-05-18 16:48:55.905751,1000.0,rice
2025-05-19 16:48:55.905751,1000.0,rice
2025-05-20 16:48:55.905751,1000.0,rice
2025-05-21 16:48:55.905751,1000.0,rice
2025-05-22 16:48:55.905751,1000.0,rice
2025-05-23 16:48:55.905751,1000.0,rice
2025-05-24 16:48:55.905751,1000.0,rice
2025-05-25 16:48:55.905751,1000.0,rice
2025-05-26 16:48:55.905751,1000.0,rice
2025-05-27 16:48:55.905751,1000.0,rice
2025-05-28 16:48:55.905751,1000.0,rice
2025-05-29 16:48:55.905751,1000.0,rice
2025-05-30 16:48:55.905751,1000.0,rice
2025-05-31 16:48:55.905751,1000.0,rice
2025-06-01 16:48:55.905751,1000.0,rice
2025-06-02 16:48:55.905751,1000.0,rice
2025-06-03 16:48:55.905751,1000.0,rice
2025-06-04 16:48:55.905751,1000.0,rice
2025-06-05 16:48:55.905751,1000.0,rice
2025-06-06 16:48:55.905751,1000.0,rice
2025-06-07 16:48:55.905751,1000.0,rice
2025-06-08 16:48:55.905751,1000.0,rice
2025-06-09 16:48:55.905751,1000.0,rice
2025-06-10 16:48:55.905751,1000.0,rice
2025-06-11 16:48:55.905751,1000.0,rice
2025-06-12 16:48:55.905751,1000.0,rice
2025-06-13 16:48:55.905751,1000.0,rice
2025-06-14 16:48:55.905751,1000.0,rice
2025-06-15 16:48:55.905751,1000.0,rice
2025-06-16 16:48:55.905751,1000.0,rice
2025-06-17 16:48:55.905751,1000.0,rice
2025-06-18 16:48:55.905751,1000.0,rice
2025-06-19 16:48:55.905751,1000.0,rice
2025-06-20 16:48:55.905751,1000.0,rice
2025-06-21 16:48:55.905751,1000.0,rice
2025-06-22 16:48:55.905751,1000.0,rice
2025-06-23 16:48:55.905751,1000.0,rice
2025-06-24 16:48:55.905751,1000.0,rice
2025-06-25 16:48:55.905751,1000.0,rice
2025-06-26 16:48:55.905751,1000.0,rice
2025-06-27 16:48:55.905751,1000.0,rice
2025-06-28 16:48:55.905751,1000.0,rice
2025-06-29 16:48:55.905751,1000.0,rice
2025-06-30 16:48:55.905751,1000.0,rice
2025-07-01 16:48:55.905751,1000.0,rice
2025-07-02 16:48:55.905751,1000.0,rice
2025-07-03 16:48:55.905751,1000.0,rice
2025-07-04 16:48:55.905751,1000.0,rice
2025-07-05 16:48:55.905751,1000.0,rice
2025-07-06 16:48:55.905751,1000.0,rice
2025-07-07 16:48:55.905751,1000.0,rice
2025-07-08 16:48:55.905751,1000.0,rice
2025-07-09 16:48:55.905751,1000.0,rice
2025-07-10 16:48:55.905751,1000.0,rice
2025-07-11 16:48:55.905751,1000.0,rice
2025-07-12 16:48:55.905751,1000.0,rice
2025-07-13 16:48:55.905751,1000.0,rice
2025-07-14 16:48:55.905751,1000.0,rice
2025-07-15 16:48:55.905751,1000.0,rice
2025-07-16 16:48:55.905751,1000.0,rice
2025-07-17 16:48:55.905751,1000.0,rice
2025-07-18 16:48:55.905751,1000.0,rice
2025-07-19 16:48:55.905751,1000.0,rice
2025-07-20 16:48:55.905751,1000.0,rice
2025-07-21 16:48:55.905751,1000.0,rice
2025-07-22 16:48:55.905751,1000.0,rice
2025-07-23 16:48:55.905751,1000.0,rice
2025-07-24 16:48:55.905751,1000.0,rice
2025-07-25 16:48:55.905751,1000.0,rice
2025-07-26 16:48:55.905751,1000.0,rice
2025-07-27 16:48:55.905751,1000.0,rice
2025-07-28 16:48:55.905751,1000.0,rice
2025-07-29 16:48:55.905751,1000.0,rice
2025-07-30 16:48:55.905751,1000.0,rice
2025-07-31 16:48:55.905751,1005.99,rice
2025-08-01 16:48:55.905751,1043.02,rice
2025-08-02 16:48:55.905751,1087.19,rice
2025-08-03 16:48:55.905751,1136.55,rice
2025-08-04 16:48:55.905751,1171.38,rice
2025-08-05 16:48:55.905751,1204.14,rice
2025-08-06 16:48:55.905751,1236.94,rice
2025-08-07 16:48:55.905751,1269.67,rice
2025-08-08 16:48:55.905751,1314.07,rice
2025-08-09 16:48:55.905751,1369.31,rice
2025-08-10 16:48:55.905751,1405.2,rice
2025-08-11 16:48:55.905751,1438.97,rice
2025-08-12 16:48:55.905751,1451.33,rice
2025-08-13 16:48:55.905751,1472.99,rice
2025-08-14 16:48:55.905751,1488.02,rice
2025-08-15 16:48:55.905751,1499.64,rice
2025-08-16 16:48:55.905751,1496.85,rice
2025-08-17 16:48:55.905751,1500.39,rice
2025-08-18 16:48:55.905751,1508.2,rice
2025-08-19 16:48:55.905751,1524.02,rice
2025-08-20 16:48:55.905751,1546.52,rice
2025-08-21 16:48:55.905751,1581.06,rice
2025-08-22 16:48:55.905751,1614.04,rice
2025-08-23 16:48:55.905751,1638.55,rice
2025-08-24 16:48:55.905751,1658.2,rice
2025-08-25 16:48:55.905751,1671.92,rice
2025-08-26 16:48:55.905751,1674.95,rice
2025-08-27 16:48:55.905751,1669.81,rice
2025-08-28 16:48:55.905751,1673.47,rice
2025-08-29 16:48:55.905751,1671.33,rice
2025-08-30 16:48:55.905751,1679.88,rice
2025-08-31 16:48:55.905751,1717.49,rice
2025-09-01 16:48:55.905751,1800.69,rice
2025-09-02 16:48:55.905751,1923.38,rice
2025-09-03 16:48:55.905751,2041.21,rice
2025-09-04 16:48:55.905751,2160.41,rice
2025-09-05 16:48:55.905751,2254.83,rice
2025-09-06 16:48:55.905751,2350.99,rice
2025-09-07 16:48:55.905751,2443.59,rice
2025-09-08 16:48:55.905751,2540.42,rice
2025-09-09 16:48:55.905751,2631.26,rice
2025-09-10 16:48:55.905751,2719.22,rice
2025-09-11 16:48:55.905751,2803.44,rice
2025-09-12 16:48:55.905751,2900.65,rice
2025-09-13 16:48:55.905751,2981.34,rice
2025-09-14 16:48:55.905751,3070.62,rice
2025-09-15 16:48:55.905751,3151.9,rice
2025-09-16 16:48:55.905751,3237.26,rice
2025-09-17 16:48:55.905751,3314.92,rice
2025-09-18 16:48:55.905751,3398.91,rice
2025-09-19 16:48:55.905751,3489.87,rice
2025-09-20 16:48:55.905751,3573.77,rice
2025-09-21 16:48:55.905751,3645.2,rice
2025-09-22 16:48:55.905751,3698.52,rice
2025-09-23 16:48:55.905751,3738.53,rice
2025-09-24 16:48:55.905751,3782.06,rice
2025-09-25 16:48:55.905751,3829.44,rice
2025-09-26 16:48:55.905751,3902.37,rice
2025-09-27 16:48:55.905751,3966.26,rice
2025-09-28 16:48:55.905751,4020.77,rice
2025-09-29 16:48:55.905751,4061.8,rice
2025-09-30 16:48:55.905751,4129.64,rice
2025-10-01 16:48:55.905751,4216.46,rice
2025-10-02 16:48:55.905751,4322.9,rice
2025-10-03 16:48:55.905751,4417.69,rice
2025-10-04 16:48:55.905751,4525.72,rice
2025-10-05 16:48:55.905751,4617.16,rice
2025-10-06 16:48:55.905751,4713.61,rice
2025-10-07 16:48:55.905751,4799.61,rice
2025-10-08 16:48:55.905751,4887.54,rice
2025-10-09 16:48:55.905751,4975.98,rice
2025-10-10 16:48:55.905751,5057.21,rice
2025-10-11 16:48:55.905751,5146.32,rice
2025-10-12 16:48:55.905751,5233.26,rice
2025-10-13 16:48:55.905751,5328.36,rice
2025-10-14 16:48:55.905751,5420.59,rice
2025-10-15 16:48:55.905751,5512.51,rice
2025-10-16 16:48:55.905751,5595.19,rice
2025-10-17 16:48:55.905751,5682.44,rice
2025-10-18 16:48:55.905751,5759.82,rice
2025-10-19 16:48:55.905751,5826.2,rice
2025-10-20 16:48:55.905751,5876.81,rice
2025-10-21 16:48:55.905751,5923.15,rice
2025-10-22 16:48:55.905751,5980.5,rice
2025-10-23 16:48:55.905751,6035.84,rice
2025-10-24 16:48:55.905751,6094.42,rice
2025-10-25 16:48:55.905751,6150.2,rice
2025-10-26 16:48:55.905751,6207.89,rice
2025-10-27 16:48:55.905751,6252.64,rice
2025-10-28 16:48:55.905751,6302.02,rice
2025-10-29 16:48:55.905751,6362.66,rice
2025-10-30 16:48:55.905751,6407.56,rice
2025-10-31 16:48:55.905751,6458.54,rice
2025-11-01 16:48:55.905751,6507.32,rice
2025-11-02 16:48:55.905751,6601.97,rice
2025-11-03 16:48:55.905751,6693.03,rice
2025-11-04 16:48:55.905751,6764.67,rice
2025-11-05 16:48:55.905751,6812.65,rice
2025-11-06 16:48:55.905751,6851.92,rice
2025-11-07 16:48:55.905751,6911.25,rice
2025-11-08 16:48:55.905751,6976.28,rice
2025-11-09 16:48:55.905751,7030.82,rice
2025-11-10 16:48:55.905751,7069.73,rice
2025-11-11 16:48:55.905751,7113.21,rice
2025-11-12 16:48:55.905751,7166.95,rice
2025-11-13 16:48:55.905751,7229.01,rice
2025-11-14 16:48:55.905751,7261.62,rice
2025-11-15 16:48:55.905751,7291.27,rice
2025-11-16 16:48:55.905751,7319.36,rice
2025-11-17 16:48:55.905751,7370.43,rice
2025-11-18 16:48:55.905751,7425.7,rice
2025-11-19 16:48:55.905751,7452.26,rice
2025-11-20 16:48:55.905751,7468.2,rice
2025-11-21 16:48:55.905751,7480.22,rice
2025-11-22 16:48:55.905751,7515.79,rice
2025-11-23 16:48:55.905751,7558.33,rice
2025-11-24 16:48:55.905751,7590.73,rice
2025-11-25 16:48:55.905751,7619.74,rice
2025-11-26 16:48:55.905751,7650.14,rice
2025-11-27 16:48:55.905751,7696.35,rice
2025-11-28 16:48:55.905751,7743.81,rice
2025-11-29 16:48:55.905751,7790.43,rice
2025-11-30 16:48:55.905751,7823.07,rice
2025-12-01 16:48:55.905751,7843.97,rice
2025-12-02 16:48:55.905751,7837.71,rice
2025-12-03 16:48:55.905751,7825.32,rice
2025-12-04 16:48:55.905751,7818.42,rice
2025-12-05 16:48:55.905751,7806.99,rice
2025-12-06 16:48:55.905751,7802.71,rice
2025-12-07 16:48:55.905751,7804.69,rice
2025-12-08 16:48:55.905751,7828.3,rice
2025-12-09 16:48:55.905751,7837.1,rice
2025-12-10 16:48:55.905751,7836.46,rice
2025-12-11 16:48:55.905751,7835.22,rice
2025-12-12 16:48:55.905751,7848.83,rice
2025-12-13 16:48:55.905751,7859.99,rice
2025-12-14 16:48:55.905751,7857.7,rice
2025-12-15 16:48:55.905751,7862.24,rice
2025-12-16 16:48:55.905751,7867.78,rice
2025-12-17 16:48:55.905751,7882.81,rice
2025-12-18 16:48:55.905751,7905.36,rice
2025-12-19 16:48:55.905751,7920.83,rice
2025-12-20 16:48:55.905751,7936.94,rice
2025-12-21 16:48:55.905751,7922.09,rice
2025-12-22 16:48:55.905751,7921.02,rice
2025-12-23 16:48:55.905751,7916.39,rice
2025-12-24 16:48:55.905751,7909.61,rice
2025-12-25 16:48:55.905751,7897.9,rice
2025-12-26 16:48:55.905751,7885.87,rice
2025-12-27 16:48:55.905751,7886.15,rice
2025-12-28 16:48:55.905751,7876.27,rice
2025-12-29 16:48:55.905751,7863.04,rice
2025-12-30 16:48:55.905751,7857.17,rice
2025-12-31 16:48:55.905751,7826.91,rice
2026-01-01 16:48:55.905751,7798.04,rice
2026-01-02 16:48:55.905751,7737.2,rice
2026-01-03 16:48:55.905751,7686.48,rice
2026-01-04 16:48:55.905751,7615.64,rice
2026-01-05 16:48:55.905751,7558.72,rice
2026-01-06 16:48:55.905751,7486.16,rice
2026-01-07 16:48:55.905751,7409.73,rice
2026-01-08 16:48:55.905751,7326.05,rice
2026-01-09 16:48:55.905751,7274.67,rice
2026-01-10 16:48:55.905751,7235.06,rice
2026-01-11 16:48:55.905751,7188.87,rice
2026-01-12 16:48:55.905751,7130.62,rice
2026-01-13 16:48:55.905751,7067.19,rice
2026-01-14 16:48:55.905751,7023.48,rice
2026-01-15 16:48:55.905751,6976.45,rice
2026-01-16 16:48:55.905751,6930.19,rice
2026-01-17 16:48:55.905751,6869.41,rice
2026-01-18 16:48:55.905751,6834.61,rice
2026-01-19 16:48:55.905751,6802.32,rice
2026-01-20 16:48:55.905751,6777.37,rice
2026-01-21 16:48:55.905751,6730.75,rice
2026-01-22 16:48:55.905751,6703.92,rice
2026-01-23 16:48:55.905751,6682.25,rice
2026-01-24 16:48:55.905751,6667.83,rice
2026-01-25 16:48:55.905751,6623.69,rice
2026-01-26 16:48:55.905751,6578.38,rice
2026-01-27 16:48:55.905751,6529.81,rice
2026-01-28 16:48:55.905751,6499.82,rice
2026-01-29 16:48:55.905751,6473.22,rice
2026-01-30 16:48:55.905751,6441.65,rice
2026-01-31 16:48:55.905751,6376.23,rice
2026-02-01 16:48:55.905751,6278.96,rice
2026-02-02 16:48:55.905751,6161.63,rice
2026-02-03 16:48:55.905751,6065.96,rice
2026-02-04 16:48:55.905751,5963.3,rice
2026-02-05 16:48:55.905751,5847.95,rice
2026-02-06 16:48:55.905751,5731.45,rice
2026-02-07 16:48:55.905751,5627.56,rice
2026-02-08 16:48:55.905751,5541.64,rice
2026-02-09 16:48:55.905751,5446.72,rice
2026-02-10 16:48:55.905751,5328.23,rice
2026-02-11 16:48:55.905751,5212.84,rice
2026-02-12 16:48:55.905751,5106.9,rice
2026-02-13 16:48:55.905751,5035.33,rice
2026-02-14 16:48:55.905751,4963.74,rice
2026-02-15 16:48:55.905751,4896.02,rice
2026-02-16 16:48:55.905751,4819.29,rice
2026-02-17 16:48:55.905751,4739.9,rice
2026-02-18 16:48:55.905751,4649.22,rice
2026-02-19 16:48:55.905751,4578.71,rice
2026-02-20 16:48:55.905751,4524.93,rice
2026-02-21 16:48:55.905751,4472.91,rice
2026-02-22 16:48:55.905751,4422.78,rice
2026-02-23 16:48:55.905751,4357.58,rice
2026-02-24 16:48:55.905751,4288.19,rice
2026-02-25 16:48:55.905751,4205.36,rice
2026-02-26 16:48:55.905751,4132.17,rice
2026-02-27 16:48:55.905751,4083.98,rice
2026-02-28 16:48:55.905751,4001.73,rice
2026-03-01 16:48:55.905751,3885.91,rice
2026-03-02 16:48:55.905751,3735.41,rice
2026-03-03 16:48:55.905751,3592.49,rice
2026-03-04 16:48:55.905751,3452.77,rice
2026-03-05 16:48:55.905751,3295.46,rice
2026-03-06 16:48:55.905751,3145.62,rice
2026-03-07 16:48:55.905751,3004.36,rice
2026-03-08 16:48:55.905751,2886.8,rice
2026-03-09 16:48:55.905751,2771.13,rice
2026-03-10 16:48:55.905751,2651.73,rice
2026-03-11 16:48:55.905751,2518.87,rice
2026-03-12 16:48:55.905751,2389.69,rice
2026-03-13 16:48:55.905751,2261.03,rice
2026-03-14 16:48:55.905751,2153.57,rice
2026-03-15 16:48:55.905751,2046.32,rice
2026-03-16 16:48:55.905751,1942.9,rice
2026-03-17 16:48:55.905751,1826.94,rice
2026-03-18 16:48:55.905751,1724.05,rice
2026-03-19 16:48:55.905751,1639.26,rice
2026-03-20 16:48:55.905751,1570.57,rice
2026-03-21 16:48:55.905751,1502.51,rice
2026-03-22 16:48:55.905751,1439.76,rice
2026-03-23 16:48:55.905751,1385.59,rice
2026-03-24 16:48:55.905751,1332.99,rice
2026-03-25 16:48:55.905751,1286.64,rice
2026-03-26 16:48:55.905751,1241.57,rice
2026-03-27 16:48:55.905751,1183.64,rice
2026-03-28 16:48:55.905751,1126.87,rice
2026-03-29 16:48:55.905751,1059.96,rice
2026-03-30 16:48:55.905751,1024.38,rice
2026-03-31 16:48:55.905751,1000.0,rice
2026-04-01 16:48:55.905751,1000.0,rice
2026-04-02 16:48:55.905751,1000.0,rice
2026-04-03 16:48:55.905751,1000.0,rice
2026-04-04 16:48:55.905751,1000.0,rice
2026-04-05 16:48:55.905751,1000.0,rice
2026-04-06 16:48:55.905751,1000.0,rice
2026-04-07 16:48:55.905751,1000.0,rice
2026-04-08 16:48:55.905751,1000.0,rice
2026-04-09 16:48:55.905751,1000.0,rice
2026-04-10 16:48:55.905751,1000.0,rice
2026-04-11 16:48:55.905751,666.67,rice
2023-04-12 16:48:55.915624,943.89,maize
2023-04-13 16:48:55.915624,1284.87,maize
2023-04-14 16:48:55.915624,1074.87,maize
2023-04-15 16:48:55.915624,940.98,maize
2023-04-16 16:48:55.915624,900.0,maize
2023-04-17 16:48:55.915624,900.0,maize
2023-04-18 16:48:55.915624,900.0,maize
2023-04-19 16:48:55.915624,900.0,maize
2023-04-20 16:48:55.915624,900.0,maize
2023-04-21 16:48:55.915624,900.0,maize
2023-04-22 16:48:55.915624,900.0,maize
2023-04-23 16:48:55.915624,900.0,maize
2023-04-24 16:48:55.915624,900.0,maize
2023-04-25 16:48:55.915624,900.0,maize
2023-04-26 16:48:55.915624,900.0,maize
2023-04-27 16:48:55.915624,900.0,maize
2023-04-28 16:48:55.915624,900.0,maize
2023-04-29 16:48:55.915624,900.0,maize
2023-04-30 16:48:55.915624,900.0,maize
2023-05-01 16:48:55.915624,900.0,maize
2023-05-02 16:48:55.915624,900.0,maize
2023-05-03 16:48:55.915624,900.0,maize
2023-05-04 16:48:55.915624,900.0,maize
2023-05-05 16:48:55.915624,900.0,maize
2023-05-06 16:48:55.915624,900.0,maize
2023-05-07 16:48:55.915624,900.0,maize
2023-05-08 16:48:55.915624,900.0,maize
2023-05-09 16:48:55.915624,900.0,maize
2023-05-10 16:48:55.915624,900.0,maize
2023-05-11 16:48:55.915624,900.0,maize
2023-05-12 16:48:55.915624,900.0,maize
2023-05-13 16:48:55.915624,900.0,maize
2023-05-14 16:48:55.915624,900.0,maize
2023-05-15 16:48:55.915624,900.0,maize
2023-05-16 16:48:55.915624,900.0,maize
2023-05-17 16:48:55.915624,900.0,maize
2023-05-18 16:48:55.915624,900.0,maize
2023-05-19 16:48:55.915624,900.0,maize
2023-05-20 16:48:55.915624,900.0,maize
2023-05-21 16:48:55.915624,900.0,maize
2023-05-22 16:48:55.915624,900.0,maize
2023-05-23 16:48:55.915624,900.0,maize
2023-05-24 16:48:55.915624,900.0,maize
2023-05-25 16:48:55.915624,900.0,maize
2023-05-26 16:48:55.915624,900.0,maize
2023-05-27 16:48:55.915624,900.0,maize
2023-05-28 16:48:55.915624,900.0,maize
2023-05-29 16:48:55.915624,900.0,maize
2023-05-30 16:48:55.915624,900.0,maize
2023-05-31 16:48:55.915624,900.0,maize
2023-06-01 16:48:55.915624,900.0,maize
2023-06-02 16:48:55.915624,900.0,maize
2023-06-03 16:48:55.915624,900.0,maize
2023-06-04 16:48:55.915624,900.0,maize
2023-06-05 16:48:55.915624,900.0,maize
2023-06-06 16:48:55.915624,900.0,maize
2023-06-07 16:48:55.915624,900.0,maize
2023-06-08 16:48:55.915624,900.0,maize
2023-06-09 16:48:55.915624,900.0,maize
2023-06-10 16:48:55.915624,900.0,maize
2023-06-11 16:48:55.915624,900.0,maize
2023-06-12 16:48:55.915624,900.0,maize
2023-06-13 16:48:55.915624,900.0,maize
2023-06-14 16:48:55.915624,900.0,maize
2023-06-15 16:48:55.915624,900.0,maize
2023-06-16 16:48:55.915624,900.0,maize
2023-06-17 16:48:55.915624,900.0,maize
2023-06-18 16:48:55.915624,900.0,maize
2023-06-19 16:48:55.915624,900.0,maize
2023-06-20 16:48:55.915624,900.0,maize
2023-06-21 16:48:55.915624,900.0,maize
2023-06-22 16:48:55.915624,900.0,maize
2023-06-23 16:48:55.915624,900.0,maize
2023-06-24 16:48:55.915624,900.0,maize
2023-06-25 16:48:55.915624,900.0,maize
2023-06-26 16:48:55.915624,900.0,maize
2023-06-27 16:48:55.915624,900.0,maize
2023-06-28 16:48:55.915624,900.0,maize
2023-06-29 16:48:55.915624,900.0,maize
2023-06-30 16:48:55.915624,912.64,maize
2023-07-01 16:48:55.915624,947.05,maize
2023-07-02 16:48:55.915624,990.67,maize
2023-07-03 16:48:55.915624,1033.31,maize
2023-07-04 16:48:55.915624,1059.83,maize
2023-07-05 16:48:55.915624,1084.14,maize
2023-07-06 16:48:55.915624,1111.67,maize
2023-07-07 16:48:55.915624,1135.69,maize
2023-07-08 16:48:55.915624,1172.11,maize
2023-07-09 16:48:55.915624,1188.89,maize
2023-07-10 16:48:55.915624,1201.42,maize
2023-07-11 16:48:55.915624,1195.05,maize
2023-07-12 16:48:55.915624,1195.69,maize
2023-07-13 16:48:55.915624,1206.8,maize
2023-07-14 16:48:55.915624,1217.61,maize
2023-07-15 16:48:55.915624,1238.39,maize
2023-07-16 16:48:55.915624,1274.29,maize
2023-07-17 16:48:55.915624,1304.47,maize
2023-07-18 16:48:55.915624,1326.24,maize
2023-07-19 16:48:55.915624,1334.31,maize
2023-07-20 16:48:55.915624,1351.46,maize
2023-07-21 16:48:55.915624,1364.9,maize
2023-07-22 16:48:55.915624,1372.16,maize
2023-07-23 16:48:55.915624,1391.31,maize
2023-07-24 16:48:55.915624,1419.45,maize
2023-07-25 16:48:55.915624,1444.58,maize
2023-07-26 16:48:55.915624,1451.33,maize
2023-07-27 16:48:55.915624,1465.27,maize
2023-07-28 16:48:55.915624,1481.79,maize
2023-07-29 16:48:55.915624,1512.53,maize
2023-07-30 16:48:55.915624,1525.9,maize
2023-07-31 16:48:55.915624,1593.53,maize
2023-08-01 16:48:55.915624,1704.91,maize
2023-08-02 16:48:55.915624,1873.98,maize
2023-08-03 16:48:55.915624,2026.82,maize
2023-08-04 16:48:55.915624,2167.3,maize
2023-08-05 16:48:55.915624,2293.27,maize
2023-08-06 16:48:55.915624,2415.6,maize
2023-08-07 16:48:55.915624,2525.29,maize
2023-08-08 16:48:55.915624,2626.59,maize
2023-08-09 16:48:55.915624,2725.95,maize
2023-08-10 16:48:55.915624,2830.07,maize
2023-08-11 16:48:55.915624,2945.7,maize
2023-08-12 16:48:55.915624,3062.38,maize
2023-08-13 16:48:55.915624,3176.15,maize
2023-08-14 16:48:55.915624,3274.74,maize
2023-08-15 16:48:55.915624,3367.08,maize
2023-08-16 16:48:55.915624,3458.6,maize
2023-08-17 16:48:55.915624,3545.22,maize
2023-08-18 16:48:55.915624,3624.77,maize
2023-08-19 16:48:55.915624,3694.91,maize
2023-08-20 16:48:55.915624,3766.13,maize
2023-08-21 16:48:55.915624,3840.03,maize
2023-08-22 16:48:55.915624,3905.29,maize
2023-08-23 16:48:55.915624,3971.0,maize
2023-08-24 16:48:55.915624,4042.12,maize
2023-08-25 16:48:55.915624,4136.78,maize
2023-08-26 16:48:55.915624,4200.03,maize
2023-08-27 16:48:55.915624,4268.27,maize
2023-08-28 16:48:55.915624,4326.08,maize
2023-08-29 16:48:55.915624,4401.96,maize
2023-08-30 16:48:55.915624,4458.69,maize
2023-08-31 16:48:55.915624,4512.97,maize
2023-09-01 16:48:55.915624,4609.47,maize
2023-09-02 16:48:55.915624,4746.38,maize
2023-09-03 16:48:55.915624,4902.81,maize
2023-09-04 16:48:55.915624,5043.5,maize
2023-09-05 16:48:55.915624,5163.95,maize
2023-09-06 16:48:55.915624,5291.35,maize
2023-09-07 16:48:55.915624,5414.25,maize
2023-09-08 16:48:55.915624,5552.74,maize
2023-09-09 16:48:55.915624,5678.63,maize
2023-09-10 16:48:55.915624,5806.91,maize
2023-09-11 16:48:55.915624,5915.58,maize
2023-09-12 16:48:55.915624,6037.04,maize
2023-09-13 16:48:55.915624,6141.08,maize
2023-09-14 16:48:55.915624,6243.21,maize
2023-09-15 16:48:55.915624,6337.02,maize
2023-09-16 16:48:55.915624,6456.58,maize
2023-09-17 16:48:55.915624,6588.38,maize
2023-09-18 16:48:55.915624,6717.7,maize
2023-09-19 16:48:55.915624,6844.78,maize
2023-09-20 16:48:55.915624,6954.46,maize
2023-09-21 16:48:55.915624,7049.01,maize
2023-09-22 16:48:55.915624,7130.24,maize
2023-09-23 16:48:55.915624,7216.78,maize
2023-09-24 16:48:55.915624,7306.7,maize
2023-09-25 16:48:55.915624,7413.52,maize
2023-09-26 16:48:55.915624,7508.74,maize
2023-09-27 16:48:55.915624,7606.54,maize
2023-09-28 16:48:55.915624,7674.62,maize
2023-09-29 16:48:55.915624,7739.37,maize
2023-09-30 16:48:55.915624,7797.54,maize
2023-10-01 16:48:55.915624,7857.68,maize
2023-10-02 16:48:55.915624,7929.89,maize
2023-10-03 16:48:55.915624,8004.65,maize
2023-10-04 16:48:55.915624,8073.46,maize
2023-10-05 16:48:55.915624,8138.38,maize
2023-10-06 16:48:55.915624,8189.03,maize
2023-10-07 16:48:55.915624,8243.27,maize
2023-10-08 16:48:55.915624,8286.44,maize
2023-10-09 16:48:55.915624,8339.62,maize
2023-10-10 16:48:55.915624,8403.76,maize
2023-10-11 16:48:55.915624,8487.46,maize
2023-10-12 16:48:55.915624,8576.66,maize
2023-10-13 16:48:55.915624,8662.82,maize
2023-10-14 16:48:55.915624,8773.78,maize
2023-10-15 16:48:55.915624,8873.94,maize
2023-10-16 16:48:55.915624,8971.26,maize
2023-10-17 16:48:55.915624,9043.19,maize
2023-10-18 16:48:55.915624,9122.98,maize
2023-10-19 16:48:55.915624,9212.93,maize
2023-10-20 16:48:55.915624,9285.96,maize
2023-10-21 16:48:55.915624,9354.04,maize
2023-10-22 16:48:55.915624,9399.73,maize
2023-10-23 16:48:55.915624,9438.82,maize
2023-10-24 16:48:55.915624,9477.03,maize
2023-10-25 16:48:55.915624,9514.99,maize
2023-10-26 16:48:55.915624,9551.55,maize
2023-10-27 16:48:55.915624,9552.03,maize
2023-10-28 16:48:55.915624,9559.79,maize
2023-10-29 16:48:55.915624,9582.12,maize
2023-10-30 16:48:55.915624,9635.41,maize
2023-10-31 16:48:55.915624,9678.78,maize
2023-11-01 16:48:55.915624,9705.22,maize
2023-11-02 16:48:55.915624,9726.51,maize
2023-11-03 16:48:55.915624,9745.99,maize
2023-11-04 16:48:55.915624,9742.49,maize
2023-11-05 16:48:55.915624,9739.95,maize
2023-11-06 16:48:55.915624,9737.26,maize
2023-11-07 16:48:55.915624,9766.51,maize
2023-11-08 16:48:55.915624,9787.18,maize
2023-11-09 16:48:55.915624,9793.38,maize
2023-11-10 16:48:55.915624,9790.83,maize
2023-11-11 16:48:55.915624,9795.86,maize
2023-11-12 16:48:55.915624,9809.79,maize
2023-11-13 16:48:55.915624,9818.84,maize
2023-11-14 16:48:55.915624,9800.55,maize
2023-11-15 16:48:55.915624,9784.14,maize
2023-11-16 16:48:55.915624,9762.02,maize
2023-11-17 16:48:55.915624,9754.19,maize
2023-11-18 16:48:55.915624,9738.83,maize
2023-11-19 16:48:55.915624,9733.73,maize
2023-11-20 16:48:55.915624,9744.32,maize
2023-11-21 16:48:55.915624,9762.43,maize
2023-11-22 16:48:55.915624,9767.84,maize
2023-11-23 16:48:55.915624,9756.02,maize
2023-11-24 16:48:55.915624,9745.61,maize
2023-11-25 16:48:55.915624,9746.21,maize
2023-11-26 16:48:55.915624,9760.25,maize
2023-11-27 16:48:55.915624,9779.69,maize
2023-11-28 16:48:55.915624,9796.72,maize
2023-11-29 16:48:55.915624,9792.21,maize
2023-11-30 16:48:55.915624,9765.23,maize
2023-12-01 16:48:55.915624,9703.78,maize
2023-12-02 16:48:55.915624,9631.03,maize
2023-12-03 16:48:55.915624,9529.2,maize
2023-12-04 16:48:55.915624,9428.75,maize
2023-12-05 16:48:55.915624,9322.23,maize
2023-12-06 16:48:55.915624,9213.24,maize
2023-12-07 16:48:55.915624,9100.46,maize
2023-12-08 16:48:55.915624,8980.81,maize
2023-12-09 16:48:55.915624,8897.59,maize
2023-12-10 16:48:55.915624,8818.59,maize
2023-12-11 16:48:55.915624,8777.64,maize
2023-12-12 16:48:55.915624,8726.39,maize
2023-12-13 16:48:55.915624,8696.1,maize
2023-12-14 16:48:55.915624,8634.44,maize
2023-12-15 16:48:55.915624,8567.45,maize
2023-12-16 16:48:55.915624,8487.11,maize
2023-12-17 16:48:55.915624,8433.9,maize
2023-12-18 16:48:55.915624,8395.41,maize
2023-12-19 16:48:55.915624,8358.19,maize
2023-12-20 16:48:55.915624,8294.59,maize
2023-12-21 16:48:55.915624,8223.36,maize
2023-12-22 16:48:55.915624,8137.52,maize
2023-12-23 16:48:55.915624,8044.2,maize
2023-12-24 16:48:55.915624,7936.66,maize
2023-12-25 16:48:55.915624,7853.86,maize
2023-12-26 16:48:55.915624,7781.89,maize
2023-12-27 16:48:55.915624,7740.12,maize
2023-12-28 16:48:55.915624,7689.68,maize
2023-12-29 16:48:55.915624,7645.47,maize
2023-12-30 16:48:55.915624,7580.75,maize
2023-12-31 16:48:55.915624,7476.96,maize
2024-01-01 16:48:55.915624,7343.91,maize
2024-01-02 16:48:55.915624,7181.68,maize
2024-01-03 16:48:55.915624,7043.82,maize
2024-01-04 16:48:55.915624,6902.52,maize
2024-01-05 16:48:55.915624,6766.96,maize
2024-01-06 16:48:55.915624,6619.99,maize
2024-01-07 16:48:55.915624,6464.39,maize
2024-01-08 16:48:55.915624,6312.08,maize
2024-01-09 16:48:55.915624,6162.68,maize
2024-01-10 16:48:55.915624,6045.59,maize
2024-01-11 16:48:55.915624,5930.32,maize
2024-01-12 16:48:55.915624,5832.81,maize
2024-01-13 16:48:55.915624,5718.39,maize
2024-01-14 16:48:55.915624,5595.18,maize
2024-01-15 16:48:55.915624,5474.16,maize
2024-01-16 16:48:55.915624,5368.81,maize
2024-01-17 16:48:55.915624,5288.02,maize
2024-01-18 16:48:55.915624,5192.23,maize
2024-01-19 16:48:55.915624,5107.05,maize
2024-01-20 16:48:55.915624,5022.25,maize
2024-01-21 16:48:55.915624,4942.64,maize
2024-01-22 16:48:55.915624,4848.55,maize
2024-01-23 16:48:55.915624,4761.38,maize
2024-01-24 16:48:55.915624,4681.47,maize
2024-01-25 16:48:55.915624,4626.6,maize
2024-01-26 16:48:55.915624,4552.35,maize
2024-01-27 16:48:55.915624,4491.18,maize
2024-01-28 16:48:55.915624,4409.4,maize
2024-01-29 16:48:55.915624,4336.82,maize
2024-01-30 16:48:55.915624,4258.26,maize
2024-01-31 16:48:55.915624,4140.08,maize
2024-02-01 16:48:55.915624,3989.65,maize
2024-02-02 16:48:55.915624,3811.95,maize
2024-02-03 16:48:55.915624,3648.9,maize
2024-02-04 16:48:55.915624,3497.53,maize
2024-02-05 16:48:55.915624,3355.33,maize
2024-02-06 16:48:55.915624,3201.56,maize
2024-02-07 16:48:55.915624,3050.49,maize
2024-02-08 16:48:55.915624,2884.54,maize
2024-02-09 16:48:55.915624,2728.7,maize
2024-02-10 16:48:55.915624,2567.3,maize
2024-02-11 16:48:55.915624,2422.38,maize
2024-02-12 16:48:55.915624,2279.1,maize
2024-02-13 16:48:55.915624,2139.51,maize
2024-02-14 16:48:55.915624,1986.38,maize
2024-02-15 16:48:55.915624,1851.46,maize
2024-02-16 16:48:55.915624,1706.96,maize
2024-02-17 16:48:55.915624,1596.92,maize
2024-02-18 16:48:55.915624,1496.45,maize
2024-02-19 16:48:55.915624,1403.61,maize
2024-02-20 16:48:55.915624,1284.27,maize
2024-02-21 16:48:55.915624,1149.81,maize
2024-02-22 16:48:55.915624,1032.71,maize
2024-02-23 16:48:55.915624,948.96,maize
2024-02-24 16:48:55.915624,908.42,maize
2024-02-25 16:48:55.915624,900.0,maize
2024-02-26 16:48:55.915624,900.0,maize
2024-02-27 16:48:55.915624,900.0,maize
2024-02-28 16:48:55.915624,900.0,maize
2024-02-29 16:48:55.915624,900.0,maize
2024-03-01 16:48:55.915624,900.0,maize
2024-03-02 16:48:55.915624,900.0,maize
2024-03-03 16:48:55.915624,900.0,maize
2024-03-04 16:48:55.915624,900.0,maize
2024-03-05 16:48:55.915624,900.0,maize
2024-03-06 16:48:55.915624,900.0,maize
2024-03-07 16:48:55.915624,900.0,maize
2024-03-08 16:48:55.915624,900.0,maize
2024-03-09 16:48:55.915624,900.0,maize
2024-03-10 16:48:55.915624,900.0,maize
2024-03-11 16:48:55.915624,900.0,maize
2024-03-12 16:48:55.915624,900.0,maize
2024-03-13 16:48:55.915624,900.0,maize
2024-03-14 16:48:55.915624,900.0,maize
2024-03-15 16:48:55.915624,900.0,maize
2024-03-16 16:48:55.915624,900.0,maize
2024-03-17 16:48:55.915624,900.0,maize
2024-03-18 16:48:55.915624,900.0,maize
2024-03-19 16:48:55.915624,900.0,maize
2024-03-20 16:48:55.915624,900.0,maize
2024-03-21 16:48:55.915624,900.0,maize
2024-03-22 16:48:55.915624,900.0,maize
2024-03-23 16:48:55.915624,900.0,maize
2024-03-24 16:48:55.915624,900.0,maize
2024-03-25 16:48:55.915624,900.0,maize
2024-03-26 16:48:55.915624,900.0,maize
2024-03-27 16:48:55.915624,900.0,maize
2024-03-28 16:48:55.915624,900.0,maize
2024-03-29 16:48:55.915624,900.0,maize
2024-03-30 16:48:55.915624,900.0,maize
2024-03-31 16:48:55.915624,900.0,maize
2024-04-01 16:48:55.915624,900.0,maize
2024-04-02 16:48:55.915624,900.0,maize
2024-04-03 16:48:55.915624,900.0,maize
2024-04-04 16:48:55.915624,900.0,maize
2024-04-05 16:48:55.915624,900.0,maize
2024-04-06 16:48:55.915624,900.0,maize
2024-04-07 16:48:55.915624,900.0,maize
2024-04-08 16:48:55.915624,900.0,maize
2024-04-09 16:48:55.915624,900.0,maize
2024-04-10 16:48:55.915624,900.0,maize
2024-04-11 16:48:55.915624,900.0,maize
2024-04-12 16:48:55.915624,900.0,maize
2024-04-13 16:48:55.915624,900.0,maize
2024-04-14 16:48:55.915624,900.0,maize
2024-04-15 16:48:55.915624,900.0,maize
2024-04-16 16:48:55.915624,900.0,maize
2024-04-17 16:48:55.915624,900.0,maize
2024-04-18 16:48:55.915624,900.0,maize
2024-04-19 16:48:55.915624,900.0,maize
2024-04-20 16:48:55.915624,900.0,maize
2024-04-21 16:48:55.915624,900.0,maize
2024-04-22 16:48:55.915624,900.0,maize
2024-04-23 16:48:55.915624,900.0,maize
2024-04-24 16:48:55.915624,900.0,maize
2024-04-25 16:48:55.915624,900.0,maize
2024-04-26 16:48:55.915624,900.0,maize
2024-04-27 16:48:55.915624,900.0,maize
2024-04-28 16:48:55.915624,900.0,maize
2024-04-29 16:48:55.915624,900.0,maize
2024-04-30 16:48:55.915624,900.0,maize
2024-05-01 16:48:55.915624,900.0,maize
2024-05-02 16:48:55.915624,900.0,maize
2024-05-03 16:48:55.915624,900.0,maize
2024-05-04 16:48:55.915624,900.0,maize
2024-05-05 16:48:55.915624,900.0,maize
2024-05-06 16:48:55.915624,900.0,maize
2024-05-07 16:48:55.915624,900.0,maize
2024-05-08 16:48:55.915624,900.0,maize
2024-05-09 16:48:55.915624,900.0,maize
2024-05-10 16:48:55.915624,900.0,maize
2024-05-11 16:48:55.915624,900.0,maize
2024-05-12 16:48:55.915624,900.0,maize
2024-05-13 16:48:55.915624,900.0,maize
2024-05-14 16:48:55.915624,900.0,maize
2024-05-15 16:48:55.915624,900.0,maize
2024-05-16 16:48:55.915624,900.0,maize
2024-05-17 16:48:55.915624,900.0,maize
2024-05-18 16:48:55.915624,900.0,maize
2024-05-19 16:48:55.915624,900.0,maize
2024-05-20 16:48:55.915624,900.0,maize
2024-05-21 16:48:55.915624,900.0,maize
2024-05-22 16:48:55.915624,900.0,maize
2024-05-23 16:48:55.915624,900.0,maize
2024-05-24 16:48:55.915624,900.0,maize
2024-05-25 16:48:55.915624,900.0,maize
2024-05-26 16:48:55.915624,900.0,maize
2024-05-27 16:48:55.915624,900.0,maize
2024-05-28 16:48:55.915624,900.0,maize
2024-05-29 16:48:55.915624,900.0,maize
2024-05-30 16:48:55.915624,900.0,maize
2024-05-31 16:48:55.915624,900.0,maize
2024-06-01 16:48:55.915624,900.0,maize
2024-06-02 16:48:55.915624,900.0,maize
2024-06-03 16:48:55.915624,900.0,maize
2024-06-04 16:48:55.915624,900.0,maize
2024-06-05 16:48:55.915624,900.0,maize
2024-06-06 16:48:55.915624,900.0,maize
2024-06-07 16:48:55.915624,900.0,maize
2024-06-08 16:48:55.915624,900.0,maize
2024-06-09 16:48:55.915624,900.0,maize
2024-06-10 16:48:55.915624,900.0,maize
2024-06-11 16:48:55.915624,900.0,maize
2024-06-12 16:48:55.915624,900.0,maize
2024-06-13 16:48:55.915624,900.0,maize
2024-06-14 16:48:55.915624,900.0,maize
2024-06-15 16:48:55.915624,900.0,maize
2024-06-16 16:48:55.915624,900.0,maize
2024-06-17 16:48:55.915624,900.0,maize
2024-06-18 16:48:55.915624,900.0,maize
2024-06-19 16:48:55.915624,900.0,maize
2024-06-20 16:48:55.915624,900.0,maize
2024-06-21 16:48:55.915624,900.0,maize
2024-06-22 16:48:55.915624,900.0,maize
2024-06-23 16:48:55.915624,900.0,maize
2024-06-24 16:48:55.915624,900.0,maize
2024-06-25 16:48:55.915624,900.0,maize
2024-06-26 16:48:55.915624,900.0,maize
2024-06-27 16:48:55.915624,900.0,maize
2024-06-28 16:48:55.915624,900.0,maize
2024-06-29 16:48:55.915624,900.0,maize
2024-06-30 16:48:55.915624,900.0,maize
2024-07-01 16:48:55.915624,900.0,maize
2024-07-02 16:48:55.915624,905.45,maize
2024-07-03 16:48:55.915624,923.42,maize
2024-07-04 16:48:55.915624,939.02,maize
2024-07-05 16:48:55.915624,969.27,maize
2024-07-06 16:48:55.915624,1001.75,maize
2024-07-07 16:48:55.915624,1045.08,maize
2024-07-08 16:48:55.915624,1085.63,maize
2024-07-09 16:48:55.915624,1119.52,maize
2024-07-10 16:48:55.915624,1155.53,maize
2024-07-11 16:48:55.915624,1193.47,maize
2024-07-12 16:48:55.915624,1246.38,maize
2024-07-13 16:48:55.915624,1281.05,maize
2024-07-14 16:48:55.915624,1309.71,maize
2024-07-15 16:48:55.915624,1334.55,maize
2024-07-16 16:48:55.915624,1360.32,maize
2024-07-17 16:48:55.915624,1402.66,maize
2024-07-18 16:48:55.915624,1423.8,maize
2024-07-19 16:48:55.915624,1453.59,maize
2024-07-20 16:48:55.915624,1455.28,maize
2024-07-21 16:48:55.915624,1469.06,maize
2024-07-22 16:48:55.915624,1493.82,maize
2024-07-23 16:48:55.915624,1543.29,maize
2024-07-24 16:48:55.915624,1570.16,maize
2024-07-25 16:48:55.915624,1564.69,maize
2024-07-26 16:48:55.915624,1541.4,maize
2024-07-27 16:48:55.915624,1541.11,maize
2024-07-28 16:48:55.915624,1565.38,maize
2024-07-29 16:48:55.915624,1594.15,maize
2024-07-30 16:48:55.915624,1620.02,maize
2024-07-31 16:48:55.915624,1676.26,maize
2024-08-01 16:48:55.915624,1771.25,maize
2024-08-02 16:48:55.915624,1909.67,maize
2024-08-03 16:48:55.915624,2056.48,maize
2024-08-04 16:48:55.915624,2193.55,maize
2024-08-05 16:48:55.915624,2292.58,maize
2024-08-06 16:48:55.915624,2372.26,maize
2024-08-07 16:48:55.915624,2446.86,maize
2024-08-08 16:48:55.915624,2544.18,maize
2024-08-09 16:48:55.915624,2643.63,maize
2024-08-10 16:48:55.915624,2739.61,maize
2024-08-11 16:48:55.915624,2821.07,maize
2024-08-12 16:48:55.915624,2915.04,maize
2024-08-13 16:48:55.915624,3007.31,maize
2024-08-14 16:48:55.915624,3116.74,maize
2024-08-15 16:48:55.915624,3218.06,maize
2024-08-16 16:48:55.915624,3302.97,maize
2024-08-17 16:48:55.915624,3376.07,maize
2024-08-18 16:48:55.915624,3440.61,maize
2024-08-19 16:48:55.915624,3515.61,maize
2024-08-20 16:48:55.915624,3593.17,maize
2024-08-21 16:48:55.915624,3684.54,maize
2024-08-22 16:48:55.915624,3792.13,maize
2024-08-23 16:48:55.915624,3903.19,maize
2024-08-24 16:48:55.915624,3997.34,maize
2024-08-25 16:48:55.915624,4083.54,maize
2024-08-26 16:48:55.915624,4164.85,maize
2024-08-27 16:48:55.915624,4257.14,maize
2024-08-28 16:48:55.915624,4337.19,maize
2024-08-29 16:48:55.915624,4416.77,maize
2024-08-30 16:48:55.915624,4484.82,maize
2024-08-31 16:48:55.915624,4579.12,maize
2024-09-01 16:48:55.915624,4702.74,maize
2024-09-02 16:48:55.915624,4870.75,maize
2024-09-03 16:48:55.915624,5042.02,maize
2024-09-04 16:48:55.915624,5208.32,maize
2024-09-05 16:48:55.915624,5366.1,maize
2024-09-06 16:48:55.915624,5529.4,maize
2024-09-07 16:48:55.915624,5683.2,maize
2024-09-08 16:48:55.915624,5802.3,maize
2024-09-09 16:48:55.915624,5901.44,maize
2024-09-10 16:48:55.915624,5997.82,maize
2024-09-11 16:48:55.915624,6110.91,maize
2024-09-12 16:48:55.915624,6245.39,maize
2024-09-13 16:48:55.915624,6375.57,maize
2024-09-14 16:48:55.915624,6509.83,maize
2024-09-15 16:48:55.915624,6609.91,maize
2024-09-16 16:48:55.915624,6714.75,maize
2024-09-17 16:48:55.915624,6803.93,maize
2024-09-18 16:48:55.915624,6892.87,maize
2024-09-19 16:48:55.915624,6953.72,maize
2024-09-20 16:48:55.915624,7012.01,maize
2024-09-21 16:48:55.915624,7061.41,maize
2024-09-22 16:48:55.915624,7132.28,maize
2024-09-23 16:48:55.915624,7206.57,maize
2024-09-24 16:48:55.915624,7284.51,maize
2024-09-25 16:48:55.915624,7365.26,maize
2024-09-26 16:48:55.915624,7447.26,maize
2024-09-27 16:48:55.915624,7518.09,maize
2024-09-28 16:48:55.915624,7581.56,maize
2024-09-29 16:48:55.915624,7649.0,maize
2024-09-30 16:48:55.915624,7723.44,maize
2024-10-01 16:48:55.915624,7797.39,maize
2024-10-02 16:48:55.915624,7870.18,maize
2024-10-03 16:48:55.915624,7964.15,maize
2024-10-04 16:48:55.915624,8044.32,maize
2024-10-05 16:48:55.915624,8101.07,maize
2024-10-06 16:48:55.915624,8143.13,maize
2024-10-07 16:48:55.915624,8197.76,maize
2024-10-08 16:48:55.915624,8295.57,maize
2024-10-09 16:48:55.915624,8406.7,maize
2024-10-10 16:48:55.915624,8510.53,maize
2024-10-11 16:48:55.915624,8599.41,maize
2024-10-12 16:48:55.915624,8688.91,maize
2024-10-13 16:48:55.915624,8785.03,maize
2024-10-14 16:48:55.915624,8869.24,maize
2024-10-15 16:48:55.915624,8934.97,maize
2024-10-16 16:48:55.915624,8991.77,maize
2024-10-17 16:48:55.915624,9039.46,maize
2024-10-18 16:48:55.915624,9080.39,maize
2024-10-19 16:48:55.915624,9135.51,maize
2024-10-20 16:48:55.915624,9197.2,maize
2024-10-21 16:48:55.915624,9251.4,maize
2024-10-22 16:48:55.915624,9301.35,maize
2024-10-23 16:48:55.915624,9349.38,maize
2024-10-24 16:48:55.915624,9423.52,maize
2024-10-25 16:48:55.915624,9468.03,maize
2024-10-26 16:48:55.915624,9502.63,maize
2024-10-27 16:48:55.915624,9512.99,maize
2024-10-28 16:48:55.915624,9535.46,maize
2024-10-29 16:48:55.915624,9570.74,maize
2024-10-30 16:48:55.915624,9619.74,maize
2024-10-31 16:48:55.915624,9638.11,maize
2024-11-01 16:48:55.915624,9635.89,maize
2024-11-02 16:48:55.915624,9627.12,maize
2024-11-03 16:48:55.915624,9652.79,maize
2024-11-04 16:48:55.915624,9675.14,maize
2024-11-05 16:48:55.915624,9678.2,maize
2024-11-06 16:48:55.915624,9664.15,maize
2024-11-07 16:48:55.915624,9647.94,maize
2024-11-08 16:48:55.915624,9642.48,maize
2024-11-09 16:48:55.915624,9629.06,maize
2024-11-10 16:48:55.915624,9602.44,maize
2024-11-11 16:48:55.915624,9591.79,maize
2024-11-12 16:48:55.915624,9602.53,maize
2024-11-13 16:48:55.915624,9643.45,maize
2024-11-14 16:48:55.915624,9669.48,maize
2024-11-15 16:48:55.915624,9674.06,maize
2024-11-16 16:48:55.915624,9659.82,maize
2024-11-17 16:48:55.915624,9638.93,maize
2024-11-18 16:48:55.915624,9620.48,maize
2024-11-19 16:48:55.915624,9617.6,maize
2024-11-20 16:48:55.915624,9592.15,maize
2024-11-21 16:48:55.915624,9573.54,maize
2024-11-22 16:48:55.915624,9534.29,maize
2024-11-23 16:48:55.915624,9511.1,maize
2024-11-24 16:48:55.915624,9491.59,maize
2024-11-25 16:48:55.915624,9470.33,maize
2024-11-26 16:48:55.915624,9454.38,maize
2024-11-27 16:48:55.915624,9452.49,maize
2024-11-28 16:48:55.915624,9477.02,maize
2024-11-29 16:48:55.915624,9513.37,maize
2024-11-30 16:48:55.915624,9491.5,maize
2024-12-01 16:48:55.915624,9425.59,maize
2024-12-02 16:48:55.915624,9336.81,maize
2024-12-03 16:48:55.915624,9257.4,maize
2024-12-04 16:48:55.915624,9175.27,maize
2024-12-05 16:48:55.915624,9078.76,maize
2024-12-06 16:48:55.915624,8979.79,maize
2024-12-07 16:48:55.915624,8894.61,maize
2024-12-08 16:48:55.915624,8828.8,maize
2024-12-09 16:48:55.915624,8772.26,maize
2024-12-10 16:48:55.915624,8686.72,maize
2024-12-11 16:48:55.915624,8575.11,maize
2024-12-12 16:48:55.915624,8468.98,maize
2024-12-13 16:48:55.915624,8404.88,maize
2024-12-14 16:48:55.915624,8356.8,maize
2024-12-15 16:48:55.915624,8302.45,maize
2024-12-16 16:48:55.915624,8239.74,maize
2024-12-17 16:48:55.915624,8182.2,maize
2024-12-18 16:48:55.915624,8133.31,maize
2024-12-19 16:48:55.915624,8077.09,maize
2024-12-20 16:48:55.915624,8002.17,maize
2024-12-21 16:48:55.915624,7942.62,maize
2024-12-22 16:48:55.915624,7903.01,maize
2024-12-23 16:48:55.915624,7873.01,maize
2024-12-24 16:48:55.915624,7818.2,maize
2024-12-25 16:48:55.915624,7744.26,maize
2024-12-26 16:48:55.915624,7663.24,maize
2024-12-27 16:48:55.915624,7599.72,maize
2024-12-28 16:48:55.915624,7552.34,maize
2024-12-29 16:48:55.915624,7521.86,maize
2024-12-30 16:48:55.915624,7490.62,maize
2024-12-31 16:48:55.915624,7400.63,maize
2025-01-01 16:48:55.915624,7269.84,maize
2025-01-02 16:48:55.915624,7115.33,maize
2025-01-03 16:48:55.915624,6970.69,maize
2025-01-04 16:48:55.915624,6821.24,maize
2025-01-05 16:48:55.915624,6655.18,maize
2025-01-06 16:48:55.915624,6490.8,maize
2025-01-07 16:48:55.915624,6347.1,maize
2025-01-08 16:48:55.915624,6215.87,maize
2025-01-09 16:48:55.915624,6097.98,maize
2025-01-10 16:48:55.915624,5977.91,maize
2025-01-11 16:48:55.915624,5855.95,maize
2025-01-12 16:48:55.915624,5726.93,maize
2025-01-13 16:48:55.915624,5620.81,maize
2025-01-14 16:48:55.915624,5514.64,maize
2025-01-15 16:48:55.915624,5431.11,maize
2025-01-16 16:48:55.915624,5347.22,maize
2025-01-17 16:48:55.915624,5275.45,maize
2025-01-18 16:48:55.915624,5192.22,maize
2025-01-19 16:48:55.915624,5081.67,maize
2025-01-20 16:48:55.915624,4972.67,maize
2025-01-21 16:48:55.915624,4861.05,maize
2025-01-22 16:48:55.915624,4781.26,maize
2025-01-23 16:48:55.915624,4699.31,maize
2025-01-24 16:48:55.915624,4623.56,maize
2025-01-25 16:48:55.915624,4551.78,maize
2025-01-26 16:48:55.915624,4473.72,maize
2025-01-27 16:48:55.915624,4419.85,maize
2025-01-28 16:48:55.915624,4348.44,maize
2025-01-29 16:48:55.915624,4312.29,maize
2025-01-30 16:48:55.915624,4267.43,maize
2025-01-31 16:48:55.915624,4185.57,maize
2025-02-01 16:48:55.915624,4034.09,maize
2025-02-02 16:48:55.915624,3852.74,maize
2025-02-03 16:48:55.915624,3678.66,maize
2025-02-04 16:48:55.915624,3509.04,maize
2025-02-05 16:48:55.915624,3317.37,maize
2025-02-06 16:48:55.915624,3140.01,maize
2025-02-07 16:48:55.915624,2978.36,maize
2025-02-08 16:48:55.915624,2823.8,maize
2025-02-09 16:48:55.915624,2648.61,maize
2025-02-10 16:48:55.915624,2464.98,maize
2025-02-11 16:48:55.915624,2306.85,maize
2025-02-12 16:48:55.915624,2157.3,maize
2025-02-13 16:48:55.915624,2022.18,maize
2025-02-14 16:48:55.915624,1904.24,maize
2025-02-15 16:48:55.915624,1801.71,maize
2025-02-16 16:48:55.915624,1708.1,maize
2025-02-17 16:48:55.915624,1589.26,maize
2025-02-18 16:48:55.915624,1474.02,maize
2025-02-19 16:48:55.915624,1357.91,maize
2025-02-20 16:48:55.915624,1247.31,maize
2025-02-21 16:48:55.915624,1139.33,maize
2025-02-22 16:48:55.915624,1043.02,maize
2025-02-23 16:48:55.915624,964.71,maize
2025-02-24 16:48:55.915624,920.13,maize
2025-02-25 16:48:55.915624,900.0,maize
2025-02-26 16:48:55.915624,900.0,maize
2025-02-27 16:48:55.915624,900.0,maize
2025-02-28 16:48:55.915624,900.0,maize
2025-03-01 16:48:55.915624,900.0,maize
2025-03-02 16:48:55.915624,900.0,maize
2025-03-03 16:48:55.915624,900.0,maize
2025-03-04 16:48:55.915624,900.0,maize
2025-03-05 16:48:55.915624,900.0,maize
2025-03-06 16:48:55.915624,900.0,maize
2025-03-07 16:48:55.915624,900.0,maize
2025-03-08 16:48:55.915624,900.0,maize
2025-03-09 16:48:55.915624,900.0,maize
2025-03-10 16:48:55.915624,900.0,maize
2025-03-11 16:48:55.915624,900.0,maize
2025-03-12 16:48:55.915624,900.0,maize
2025-03-13 16:48:55.915624,900.0,maize
2025-03-14 16:48:55.915624,900.0,maize
2025-03-15 16:48:55.915624,900.0,maize
2025-03-16 16:48:55.915624,900.0,maize
2025-03-17 16:48:55.915624,900.0,maize
2025-03-18 16:48:55.915624,900.0,maize
2025-03-19 16:48:55.915624,900.0,maize
2025-03-20 16:48:55.915624,900.0,maize
2025-03-21 16:48:55.915624,900.0,maize
2025-03-22 16:48:55.915624,900.0,maize
2025-03-23 16:48:55.915624,900.0,maize
2025-03-24 16:48:55.915624,900.0,maize
2025-03-25 16:48:55.915624,900.0,maize
2025-03-26 16:48:55.915624,900.0,maize
2025-03-27 16:48:55.915624,900.0,maize
2025-03-28 16:48:55.915624,900.0,maize
2025-03-29 16:48:55.915624,900.0,maize
2025-03-30 16:48:55.915624,900.0,maize
2025-03-31 16:48:55.915624,900.0,maize
2025-04-01 16:48:55.915624,900.0,maize
2025-04-02 16:48:55.915624,900.0,maize
2025-04-03 16:48:55.915624,900.0,maize
2025-04-04 16:48:55.915624,900.0,maize
2025-04-05 16:48:55.915624,900.0,maize
2025-04-06 16:48:55.915624,900.0,maize
2025-04-07 16:48:55.915624,900.0,maize
2025-04-08 16:48:55.915624,900.0,maize
2025-04-09 16:48:55.915624,900.0,maize
2025-04-10 16:48:55.915624,900.0,maize
2025-04-11 16:48:55.915624,900.0,maize
2025-04-12 16:48:55.915624,900.0,maize
2025-04-13 16:48:55.915624,900.0,maize
2025-04-14 16:48:55.915624,900.0,maize
2025-04-15 16:48:55.915624,900.0,maize
2025-04-16 16:48:55.915624,900.0,maize
2025-04-17 16:48:55.915624,900.0,maize
2025-04-18 16:48:55.915624,900.0,maize
2025-04-19 16:48:55.915624,900.0,maize
2025-04-20 16:48:55.915624,900.0,maize
2025-04-21 16:48:55.915624,900.0,maize
2025-04-22 16:48:55.915624,900.0,maize
2025-04-23 16:48:55.915624,900.0,maize
2025-04-24 16:48:55.915624,900.0,maize
2025-04-25 16:48:55.915624,900.0,maize
2025-04-26 16:48:55.915624,900.0,maize
2025-04-27 16:48:55.915624,900.0,maize
2025-04-28 16:48:55.915624,900.0,maize
2025-04-29 16:48:55.915624,900.0,maize
2025-04-30 16:48:55.915624,900.0,maize
2025-05-01 16:48:55.915624,900.0,maize
2025-05-02 16:48:55.915624,900.0,maize
2025-05-03 16:48:55.915624,900.0,maize
2025-05-04 16:48:55.915624,900.0,maize
2025-05-05 16:48:55.915624,900.0,maize
2025-05-06 16:48:55.915624,900.0,maize
2025-05-07 16:48:55.915624,900.0,maize
2025-05-08 16:48:55.915624,900.0,maize
2025-05-09 16:48:55.915624,900.0,maize
2025-05-10 16:48:55.915624,900.0,maize
2025-05-11 16:48:55.915624,900.0,maize
2025-05-12 16:48:55.915624,900.0,maize
2025-05-13 16:48:55.915624,900.0,maize
2025-05-14 16:48:55.915624,900.0,maize
2025-05-15 16:48:55.915624,900.0,maize
2025-05-16 16:48:55.915624,900.0,maize
2025-05-17 16:48:55.915624,900.0,maize
2025-05-18 16:48:55.915624,900.0,maize
2025-05-19 16:48:55.915624,900.0,maize
2025-05-20 16:48:55.915624,900.0,maize
2025-05-21 16:48:55.915624,900.0,maize
2025-05-22 16:48:55.915624,900.0,maize
2025-05-23 16:48:55.915624,900.0,maize
2025-05-24 16:48:55.915624,900.0,maize
2025-05-25 16:48:55.915624,900.0,maize
2025-05-26 16:48:55.915624,900.0,maize
2025-05-27 16:48:55.915624,900.0,maize
2025-05-28 16:48:55.915624,900.0,maize
2025-05-29 16:48:55.915624,900.0,maize
2025-05-30 16:48:55.915624,900.0,maize
2025-05-31 16:48:55.915624,900.0,maize
2025-06-01 16:48:55.915624,900.0,maize
2025-06-02 16:48:55.915624,900.0,maize
2025-06-03 16:48:55.915624,900.0,maize
2025-06-04 16:48:55.915624,900.0,maize
2025-06-05 16:48:55.915624,900.0,maize
2025-06-06 16:48:55.915624,900.0,maize
2025-06-07 16:48:55.915624,900.0,maize
2025-06-08 16:48:55.915624,900.0,maize
2025-06-09 16:48:55.915624,900.0,maize
2025-06-10 16:48:55.915624,900.0,maize
2025-06-11 16:48:55.915624,900.0,maize
2025-06-12 16:48:55.915624,900.0,maize
2025-06-13 16:48:55.915624,900.0,maize
2025-06-14 16:48:55.915624,900.0,maize
2025-06-15 16:48:55.915624,900.0,maize
2025-06-16 16:48:55.915624,900.0,maize
2025-06-17 16:48:55.915624,900.0,maize
2025-06-18 16:48:55.915624,900.0,maize
2025-06-19 16:48:55.915624,900.0,maize
2025-06-20 16:48:55.915624,900.0,maize
2025-06-21 16:48:55.915624,900.0,maize
2025-06-22 16:48:55.915624,900.0,maize
2025-06-23 16:48:55.915624,900.0,maize
2025-06-24 16:48:55.915624,900.0,maize
2025-06-25 16:48:55.915624,900.0,maize
2025-06-26 16:48:55.915624,900.0,maize
2025-06-27 16:48:55.915624,900.0,maize
2025-06-28 16:48:55.915624,900.0,maize
2025-06-29 16:48:55.915624,900.0,maize
2025-06-30 16:48:55.915624,912.56,maize
2025-07-01 16:48:55.915624,921.25,maize
2025-07-02 16:48:55.915624,933.99,maize
2025-07-03 16:48:55.915624,934.57,maize
2025-07-04 16:48:55.915624,968.09,maize
2025-07-05 16:48:55.915624,1020.94,maize
2025-07-06 16:48:55.915624,1070.37,maize
2025-07-07 16:48:55.915624,1098.01,maize
2025-07-08 16:48:55.915624,1126.91,maize
2025-07-09 16:48:55.915624,1173.91,maize
2025-07-10 16:48:55.915624,1210.18,maize
2025-07-11 16:48:55.915624,1240.47,maize
2025-07-12 16:48:55.915624,1271.77,maize
2025-07-13 16:48:55.915624,1307.25,maize
2025-07-14 16:48:55.915624,1323.35,maize
2025-07-15 16:48:55.915624,1336.32,maize
2025-07-16 16:48:55.915624,1365.36,maize
2025-07-17 16:48:55.915624,1396.83,maize
2025-07-18 16:48:55.915624,1404.73,maize
2025-07-19 16:48:55.915624,1401.13,maize
2025-07-20 16:48:55.915624,1413.92,maize
2025-07-21 16:48:55.915624,1441.72,maize
2025-07-22 16:48:55.915624,1477.15,maize
2025-07-23 16:48:55.915624,1489.39,maize
2025-07-24 16:48:55.915624,1489.08,maize
2025-07-25 16:48:55.915624,1490.9,maize
2025-07-26 16:48:55.915624,1504.69,maize
2025-07-27 16:48:55.915624,1532.67,maize
2025-07-28 16:48:55.915624,1553.13,maize
2025-07-29 16:48:55.915624,1585.98,maize
2025-07-30 16:48:55.915624,1611.93,maize
2025-07-31 16:48:55.915624,1685.26,maize
2025-08-01 16:48:55.915624,1778.05,maize
2025-08-02 16:48:55.915624,1913.86,maize
2025-08-03 16:48:55.915624,2047.2,maize
2025-08-04 16:48:55.915624,2188.96,maize
2025-08-05 16:48:55.915624,2329.79,maize
2025-08-06 16:48:55.915624,2449.75,maize
2025-08-07 16:48:55.915624,2562.39,maize
2025-08-08 16:48:55.915624,2657.39,maize
2025-08-09 16:48:55.915624,2752.57,maize
2025-08-10 16:48:55.915624,2845.4,maize
2025-08-11 16:48:55.915624,2939.25,maize
2025-08-12 16:48:55.915624,3057.75,maize
2025-08-13 16:48:55.915624,3166.44,maize
2025-08-14 16:48:55.915624,3300.59,maize
2025-08-15 16:48:55.915624,3390.1,maize
2025-08-16 16:48:55.915624,3478.31,maize
2025-08-17 16:48:55.915624,3544.43,maize
2025-08-18 16:48:55.915624,3633.34,maize
2025-08-19 16:48:55.915624,3723.87,maize
2025-08-20 16:48:55.915624,3798.37,maize
2025-08-21 16:48:55.915624,3858.19,maize
2025-08-22 16:48:55.915624,3910.1,maize
2025-08-23 16:48:55.915624,3982.37,maize
2025-08-24 16:48:55.915624,4071.43,maize
2025-08-25 16:48:55.915624,4155.12,maize
2025-08-26 16:48:55.915624,4210.56,maize
2025-08-27 16:48:55.915624,4249.95,maize
2025-08-28 16:48:55.915624,4288.91,maize
2025-08-29 16:48:55.915624,4353.64,maize
2025-08-30 16:48:55.915624,4412.82,maize
2025-08-31 16:48:55.915624,4509.66,maize
2025-09-01 16:48:55.915624,4628.56,maize
2025-09-02 16:48:55.915624,4778.06,maize
2025-09-03 16:48:55.915624,4910.17,maize
2025-09-04 16:48:55.915624,5026.65,maize
2025-09-05 16:48:55.915624,5163.71,maize
2025-09-06 16:48:55.915624,5311.26,maize
2025-09-07 16:48:55.915624,5472.09,maize
2025-09-08 16:48:55.915624,5624.64,maize
2025-09-09 16:48:55.915624,5776.15,maize
2025-09-10 16:48:55.915624,5906.74,maize
2025-09-11 16:48:55.915624,5993.08,maize
2025-09-12 16:48:55.915624,6077.43,maize
2025-09-13 16:48:55.915624,6149.15,maize
2025-09-14 16:48:55.915624,6238.78,maize
2025-09-15 16:48:55.915624,6322.68,maize
2025-09-16 16:48:55.915624,6425.41,maize
2025-09-17 16:48:55.915624,6523.19,maize
2025-09-18 16:48:55.915624,6613.21,maize
2025-09-19 16:48:55.915624,6720.32,maize
2025-09-20 16:48:55.915624,6824.5,maize
2025-09-21 16:48:55.915624,6937.99,maize
2025-09-22 16:48:55.915624,7016.6,maize
2025-09-23 16:48:55.915624,7083.51,maize
2025-09-24 16:48:55.915624,7142.07,maize
2025-09-25 16:48:55.915624,7206.97,maize
2025-09-26 16:48:55.915624,7285.64,maize
2025-09-27 16:48:55.915624,7366.62,maize
2025-09-28 16:48:55.915624,7426.17,maize
2025-09-29 16:48:55.915624,7471.67,maize
2025-09-30 16:48:55.915624,7503.36,maize
2025-10-01 16:48:55.915624,7582.3,maize
2025-10-02 16:48:55.915624,7684.09,maize
2025-10-03 16:48:55.915624,7804.22,maize
2025-10-04 16:48:55.915624,7908.99,maize
2025-10-05 16:48:55.915624,8016.86,maize
2025-10-06 16:48:55.915624,8092.72,maize
2025-10-07 16:48:55.915624,8184.45,maize
2025-10-08 16:48:55.915624,8251.98,maize
2025-10-09 16:48:55.915624,8341.86,maize
2025-10-10 16:48:55.915624,8401.25,maize
2025-10-11 16:48:55.915624,8482.41,maize
2025-10-12 16:48:55.915624,8550.24,maize
2025-10-13 16:48:55.915624,8625.74,maize
2025-10-14 16:48:55.915624,8696.45,maize
2025-10-15 16:48:55.915624,8781.31,maize
2025-10-16 16:48:55.915624,8871.69,maize
2025-10-17 16:48:55.915624,8942.89,maize
2025-10-18 16:48:55.915624,8998.55,maize
2025-10-19 16:48:55.915624,9047.18,maize
2025-10-20 16:48:55.915624,9094.73,maize
2025-10-21 16:48:55.915624,9145.17,maize
2025-10-22 16:48:55.915624,9186.79,maize
2025-10-23 16:48:55.915624,9239.79,maize
2025-10-24 16:48:55.915624,9297.15,maize
2025-10-25 16:48:55.915624,9348.4,maize
2025-10-26 16:48:55.915624,9378.29,maize
2025-10-27 16:48:55.915624,9423.36,maize
2025-10-28 16:48:55.915624,9497.19,maize
2025-10-29 16:48:55.915624,9585.5,maize
2025-10-30 16:48:55.915624,9661.84,maize
2025-10-31 16:48:55.915624,9685.9,maize
2025-11-01 16:48:55.915624,9692.33,maize
2025-11-02 16:48:55.915624,9675.01,maize
2025-11-03 16:48:55.915624,9675.33,maize
2025-11-04 16:48:55.915624,9684.82,maize
2025-11-05 16:48:55.915624,9695.94,maize
2025-11-06 16:48:55.915624,9686.08,maize
2025-11-07 16:48:55.915624,9659.19,maize
2025-11-08 16:48:55.915624,9625.66,maize
2025-11-09 16:48:55.915624,9627.23,maize
2025-11-10 16:48:55.915624,9638.03,maize
2025-11-11 16:48:55.915624,9643.16,maize
2025-11-12 16:48:55.915624,9632.48,maize
2025-11-13 16:48:55.915624,9607.72,maize
2025-11-14 16:48:55.915624,9609.09,maize
2025-11-15 16:48:55.915624,9593.39,maize
2025-11-16 16:48:55.915624,9593.95,maize
2025-11-17 16:48:55.915624,9593.15,maize
2025-11-18 16:48:55.915624,9607.88,maize
2025-11-19 16:48:55.915624,9623.61,maize
2025-11-20 16:48:55.915624,9612.08,maize
2025-11-21 16:48:55.915624,9582.11,maize
2025-11-22 16:48:55.915624,9552.0,maize
2025-11-23 16:48:55.915624,9554.39,maize
2025-11-24 16:48:55.915624,9546.98,maize
2025-11-25 16:48:55.915624,9536.27,maize
2025-11-26 16:48:55.915624,9506.42,maize
2025-11-27 16:48:55.915624,9538.05,maize
2025-11-28 16:48:55.915624,9566.33,maize
2025-11-29 16:48:55.915624,9597.15,maize
2025-11-30 16:48:55.915624,9569.82,maize
2025-12-01 16:48:55.915624,9544.31,maize
2025-12-02 16:48:55.915624,9486.23,maize
2025-12-03 16:48:55.915624,9424.69,maize
2025-12-04 16:48:55.915624,9337.56,maize
2025-12-05 16:48:55.915624,9258.11,maize
2025-12-06 16:48:55.915624,9186.94,maize
2025-12-07 16:48:55.915624,9127.63,maize
2025-12-08 16:48:55.915624,9078.89,maize
2025-12-09 16:48:55.915624,9016.29,maize
2025-12-10 16:48:55.915624,8959.09,maize
2025-12-11 16:48:55.915624,8883.32,maize
2025-12-12 16:48:55.915624,8834.85,maize
2025-12-13 16:48:55.915624,8762.52,maize
2025-12-14 16:48:55.915624,8702.65,maize
2025-12-15 16:48:55.915624,8609.04,maize
2025-12-16 16:48:55.915624,8513.02,maize
2025-12-17 16:48:55.915624,8440.38,maize
2025-12-18 16:48:55.915624,8379.63,maize
2025-12-19 16:48:55.915624,8326.06,maize
2025-12-20 16:48:55.915624,8251.86,maize
2025-12-21 16:48:55.915624,8185.23,maize
2025-12-22 16:48:55.915624,8132.04,maize
2025-12-23 16:48:55.915624,8085.06,maize
2025-12-24 16:48:55.915624,8057.41,maize
2025-12-25 16:48:55.915624,8012.61,maize
2025-12-26 16:48:55.915624,7969.61,maize
2025-12-27 16:48:55.915624,7943.58,maize
2025-12-28 16:48:55.915624,7942.77,maize
2025-12-29 16:48:55.915624,7927.63,maize
2025-12-30 16:48:55.915624,7876.7,maize
2025-12-31 16:48:55.915624,7773.01,maize
2026-01-01 16:48:55.915624,7627.3,maize
2026-01-02 16:48:55.915624,7471.66,maize
2026-01-03 16:48:55.915624,7322.6,maize
2026-01-04 16:48:55.915624,7187.17,maize
2026-01-05 16:48:55.915624,7047.71,maize
2026-01-06 16:48:55.915624,6918.29,maize
2026-01-07 16:48:55.915624,6791.49,maize
2026-01-08 16:48:55.915624,6642.15,maize
2026-01-09 16:48:55.915624,6492.62,maize
2026-01-10 16:48:55.915624,6355.2,maize
2026-01-11 16:48:55.915624,6230.58,maize
2026-01-12 16:48:55.915624,6106.85,maize
2026-01-13 16:48:55.915624,5979.79,maize
2026-01-14 16:48:55.915624,5851.06,maize
2026-01-15 16:48:55.915624,5712.17,maize
2026-01-16 16:48:55.915624,5557.4,maize
2026-01-17 16:48:55.915624,5426.23,maize
2026-01-18 16:48:55.915624,5317.26,maize
2026-01-19 16:48:55.915624,5233.45,maize
2026-01-20 16:48:55.915624,5138.27,maize
2026-01-21 16:48:55.915624,5044.78,maize
2026-01-22 16:48:55.915624,4949.5,maize
2026-01-23 16:48:55.915624,4856.15,maize
2026-01-24 16:48:55.915624,4768.02,maize
2026-01-25 16:48:55.915624,4663.41,maize
2026-01-26 16:48:55.915624,4568.85,maize
2026-01-27 16:48:55.915624,4465.05,maize
2026-01-28 16:48:55.915624,4386.93,maize
2026-01-29 16:48:55.915624,4300.86,maize
2026-01-30 16:48:55.915624,4226.17,maize
2026-01-31 16:48:55.915624,4098.45,maize
2026-02-01 16:48:55.915624,3945.53,maize
2026-02-02 16:48:55.915624,3750.68,maize
2026-02-03 16:48:55.915624,3559.08,maize
2026-02-04 16:48:55.915624,3360.37,maize
2026-02-05 16:48:55.915624,3181.28,maize
2026-02-06 16:48:55.915624,3023.66,maize
2026-02-07 16:48:55.915624,2864.55,maize
2026-02-08 16:48:55.915624,2705.22,maize
2026-02-09 16:48:55.915624,2529.52,maize
2026-02-10 16:48:55.915624,2381.06,maize
2026-02-11 16:48:55.915624,2234.64,maize
2026-02-12 16:48:55.915624,2106.51,maize
2026-02-13 16:48:55.915624,1985.98,maize
2026-02-14 16:48:55.915624,1846.08,maize
2026-02-15 16:48:55.915624,1701.97,maize
2026-02-16 16:48:55.915624,1533.59,maize
2026-02-17 16:48:55.915624,1390.74,maize
2026-02-18 16:48:55.915624,1267.58,maize
2026-02-19 16:48:55.915624,1170.35,maize
2026-02-20 16:48:55.915624,1073.46,maize
2026-02-21 16:48:55.915624,986.13,maize
2026-02-22 16:48:55.915624,924.24,maize
2026-02-23 16:48:55.915624,900.0,maize
2026-02-24 16:48:55.915624,900.0,maize
2026-02-25 16:48:55.915624,900.0,maize
2026-02-26 16:48:55.915624,900.0,maize
2026-02-27 16:48:55.915624,900.0,maize
2026-02-28 16:48:55.915624,900.0,maize
2026-03-01 16:48:55.915624,900.0,maize
2026-03-02 16:48:55.915624,900.0,maize
2026-03-03 16:48:55.915624,900.0,maize
2026-03-04 16:48:55.915624,900.0,maize
2026-03-05 16:48:55.915624,900.0,maize
2026-03-06 16:48:55.915624,900.0,maize
2026-03-07 16:48:55.915624,900.0,maize
2026-03-08 16:48:55.915624,900.0,maize
2026-03-09 16:48:55.915624,900.0,maize
2026-03-10 16:48:55.915624,900.0,maize
2026-03-11 16:48:55.915624,900.0,maize
2026-03-12 16:48:55.915624,900.0,maize
2026-03-13 16:48:55.915624,900.0,maize
2026-03-14 16:48:55.915624,900.0,maize
2026-03-15 16:48:55.915624,900.0,maize
2026-03-16 16:48:55.915624,900.0,maize
2026-03-17 16:48:55.915624,900.0,maize
2026-03-18 16:48:55.915624,900.0,maize
2026-03-19 16:48:55.915624,900.0,maize
2026-03-20 16:48:55.915624,900.0,maize
2026-03-21 16:48:55.915624,900.0,maize
2026-03-22 16:48:55.915624,900.0,maize
2026-03-23 16:48:55.915624,900.0,maize
2026-03-24 16:48:55.915624,900.0,maize
2026-03-25 16:48:55.915624,900.0,maize
2026-03-26 16:48:55.915624,900.0,maize
2026-03-27 16:48:55.915624,900.0,maize
2026-03-28 16:48:55.915624,900.0,maize
2026-03-29 16:48:55.915624,900.0,maize
2026-03-30 16:48:55.915624,900.0,maize
2026-03-31 16:48:55.915624,900.0,maize
2026-04-01 16:48:55.915624,900.0,maize
2026-04-02 16:48:55.915624,900.0,maize
2026-04-03 16:48:55.915624,900.0,maize
2026-04-04 16:48:55.915624,900.0,maize
2026-04-05 16:48:55.915624,900.0,maize
2026-04-06 16:48:55.915624,900.0,maize
2026-04-07 16:48:55.915624,900.0,maize
2026-04-08 16:48:55.915624,900.0,maize
2026-04-09 16:48:55.915624,900.0,maize
2026-04-10 16:48:55.915624,900.0,maize
2026-04-11 16:48:55.915624,600.0,maize
2023-04-12 16:48:55.926310,3513.98,cotton
2023-04-13 16:48:55.926310,5152.4,cotton
2023-04-14 16:48:55.926310,4789.34,cotton
2023-04-15 16:48:55.926310,4318.34,cotton
2023-04-16 16:48:55.926310,3821.09,cotton
2023-04-17 16:48:55.926310,3482.09,cotton
2023-04-18 16:48:55.926310,3246.61,cotton
2023-04-19 16:48:55.926310,3072.09,cotton
2023-04-20 16:48:55.926310,2942.83,cotton
2023-04-21 16:48:55.926310,2900.0,cotton
2023-04-22 16:48:55.926310,2900.0,cotton
2023-04-23 16:48:55.926310,2900.0,cotton
2023-04-24 16:48:55.926310,2900.0,cotton
2023-04-25 16:48:55.926310,2900.0,cotton
2023-04-26 16:48:55.926310,2900.0,cotton
2023-04-27 16:48:55.926310,2906.22,cotton
2023-04-28 16:48:55.926310,2906.22,cotton
2023-04-29 16:48:55.926310,2906.22,cotton
2023-04-30 16:48:55.926310,2900.0,cotton
2023-05-01 16:48:55.926310,2900.0,cotton
2023-05-02 16:48:55.926310,2900.0,cotton
2023-05-03 16:48:55.926310,2900.0,cotton
2023-05-04 16:48:55.926310,2900.0,cotton
2023-05-05 16:48:55.926310,2900.0,cotton
2023-05-06 16:48:55.926310,2900.0,cotton
2023-05-07 16:48:55.926310,2900.0,cotton
2023-05-08 16:48:55.926310,2900.0,cotton
2023-05-09 16:48:55.926310,2900.0,cotton
2023-05-10 16:48:55.926310,2900.0,cotton
2023-05-11 16:48:55.926310,2900.0,cotton
2023-05-12 16:48:55.926310,2900.0,cotton
2023-05-13 16:48:55.926310,2900.0,cotton
2023-05-14 16:48:55.926310,2900.0,cotton
2023-05-15 16:48:55.926310,2900.0,cotton
2023-05-16 16:48:55.926310,2900.0,cotton
2023-05-17 16:48:55.926310,2900.0,cotton
2023-05-18 16:48:55.926310,2900.0,cotton
2023-05-19 16:48:55.926310,2900.0,cotton
2023-05-20 16:48:55.926310,2900.0,cotton
2023-05-21 16:48:55.926310,2900.0,cotton
2023-05-22 16:48:55.926310,2900.0,cotton
2023-05-23 16:48:55.926310,2900.0,cotton
2023-05-24 16:48:55.926310,2900.0,cotton
2023-05-25 16:48:55.926310,2900.0,cotton
2023-05-26 16:48:55.926310,2900.0,cotton
2023-05-27 16:48:55.926310,2900.0,cotton
2023-05-28 16:48:55.926310,2900.0,cotton
2023-05-29 16:48:55.926310,2900.0,cotton
2023-05-30 16:48:55.926310,2900.0,cotton
2023-05-31 16:48:55.926310,2900.0,cotton
2023-06-01 16:48:55.926310,2900.0,cotton
2023-06-02 16:48:55.926310,2900.0,cotton
2023-06-03 16:48:55.926310,2900.0,cotton
2023-06-04 16:48:55.926310,2900.0,cotton
2023-06-05 16:48:55.926310,2900.0,cotton
2023-06-06 16:48:55.926310,2900.0,cotton
2023-06-07 16:48:55.926310,2900.0,cotton
2023-06-08 16:48:55.926310,2900.0,cotton
2023-06-09 16:48:55.926310,2900.0,cotton
2023-06-10 16:48:55.926310,2900.0,cotton
2023-06-11 16:48:55.926310,2900.0,cotton
2023-06-12 16:48:55.926310,2900.0,cotton
2023-06-13 16:48:55.926310,2900.0,cotton
2023-06-14 16:48:55.926310,2900.0,cotton
2023-06-15 16:48:55.926310,2900.0,cotton
2023-06-16 16:48:55.926310,2900.0,cotton
2023-06-17 16:48:55.926310,2900.0,cotton
2023-06-18 16:48:55.926310,2900.0,cotton
2023-06-19 16:48:55.926310,2900.0,cotton
2023-06-20 16:48:55.926310,2900.0,cotton
2023-06-21 16:48:55.926310,2900.0,cotton
2023-06-22 16:48:55.926310,2900.0,cotton
2023-06-23 16:48:55.926310,2900.0,cotton
2023-06-24 16:48:55.926310,2900.0,cotton
2023-06-25 16:48:55.926310,2900.0,cotton
2023-06-26 16:48:55.926310,2900.0,cotton
2023-06-27 16:48:55.926310,2900.0,cotton
2023-06-28 16:48:55.926310,2900.0,cotton
2023-06-29 16:48:55.926310,2900.0,cotton
2023-06-30 16:48:55.926310,2900.0,cotton
2023-07-01 16:48:55.926310,2900.0,cotton
2023-07-02 16:48:55.926310,2900.0,cotton
2023-07-03 16:48:55.926310,2900.0,cotton
2023-07-04 16:48:55.926310,2900.0,cotton
2023-07-05 16:48:55.926310,2900.0,cotton
2023-07-06 16:48:55.926310,2900.0,cotton
2023-07-07 16:48:55.926310,2900.0,cotton
2023-07-08 16:48:55.926310,2900.0,cotton
2023-07-09 16:48:55.926310,2900.0,cotton
2023-07-10 16:48:55.926310,2900.0,cotton
2023-07-11 16:48:55.926310,2900.0,cotton
2023-07-12 16:48:55.926310,2900.0,cotton
2023-07-13 16:48:55.926310,2900.0,cotton
2023-07-14 16:48:55.926310,2900.0,cotton
2023-07-15 16:48:55.926310,2900.0,cotton
2023-07-16 16:48:55.926310,2900.0,cotton
2023-07-17 16:48:55.926310,2900.0,cotton
2023-07-18 16:48:55.926310,2900.0,cotton
2023-07-19 16:48:55.926310,2900.0,cotton
2023-07-20 16:48:55.926310,2900.0,cotton
2023-07-21 16:48:55.926310,2900.0,cotton
2023-07-22 16:48:55.926310,2900.0,cotton
2023-07-23 16:48:55.926310,2900.0,cotton
2023-07-24 16:48:55.926310,2900.0,cotton
2023-07-25 16:48:55.926310,2900.0,cotton
2023-07-26 16:48:55.926310,2900.0,cotton
2023-07-27 16:48:55.926310,2900.0,cotton
2023-07-28 16:48:55.926310,2900.0,cotton
2023-07-29 16:48:55.926310,2900.0,cotton
2023-07-30 16:48:55.926310,2900.0,cotton
2023-07-31 16:48:55.926310,2900.0,cotton
2023-08-01 16:48:55.926310,2900.0,cotton
2023-08-02 16:48:55.926310,2900.0,cotton
2023-08-03 16:48:55.926310,2900.0,cotton
2023-08-04 16:48:55.926310,2900.0,cotton
2023-08-05 16:48:55.926310,2900.0,cotton
2023-08-06 16:48:55.926310,2900.0,cotton
2023-08-07 16:48:55.926310,2900.0,cotton
2023-08-08 16:48:55.926310,2900.0,cotton
2023-08-09 16:48:55.926310,2900.0,cotton
2023-08-10 16:48:55.926310,2900.0,cotton
2023-08-11 16:48:55.926310,2900.0,cotton
2023-08-12 16:48:55.926310,2900.0,cotton
2023-08-13 16:48:55.926310,2900.0,cotton
2023-08-14 16:48:55.926310,2900.0,cotton
2023-08-15 16:48:55.926310,2900.0,cotton
2023-08-16 16:48:55.926310,2900.0,cotton
2023-08-17 16:48:55.926310,2900.0,cotton
2023-08-18 16:48:55.926310,2900.0,cotton
2023-08-19 16:48:55.926310,2900.0,cotton
2023-08-20 16:48:55.926310,2900.0,cotton
2023-08-21 16:48:55.926310,2900.0,cotton
2023-08-22 16:48:55.926310,2900.0,cotton
2023-08-23 16:48:55.926310,2900.0,cotton
2023-08-24 16:48:55.926310,2900.0,cotton
2023-08-25 16:48:55.926310,2900.0,cotton
2023-08-26 16:48:55.926310,2900.0,cotton
2023-08-27 16:48:55.926310,2900.0,cotton
2023-08-28 16:48:55.926310,2900.0,cotton
2023-08-29 16:48:55.926310,2900.0,cotton
2023-08-30 16:48:55.926310,2900.0,cotton
2023-08-31 16:48:55.926310,2900.0,cotton
2023-09-01 16:48:55.926310,2949.76,cotton
2023-09-02 16:48:55.926310,3036.68,cotton
2023-09-03 16:48:55.926310,3154.01,cotton
2023-09-04 16:48:55.926310,3279.1,cotton
2023-09-05 16:48:55.926310,3467.76,cotton
2023-09-06 16:48:55.926310,3582.21,cotton
2023-09-07 16:48:55.926310,3657.06,cotton
2023-09-08 16:48:55.926310,3626.38,cotton
2023-09-09 16:48:55.926310,3650.06,cotton
2023-09-10 16:48:55.926310,3666.28,cotton
2023-09-11 16:48:55.926310,3691.61,cotton
2023-09-12 16:48:55.926310,3676.08,cotton
2023-09-13 16:48:55.926310,3698.7,cotton
2023-09-14 16:48:55.926310,3739.92,cotton
2023-09-15 16:48:55.926310,3855.88,cotton
2023-09-16 16:48:55.926310,3885.53,cotton
2023-09-17 16:48:55.926310,3890.21,cotton
2023-09-18 16:48:55.926310,3867.24,cotton
2023-09-19 16:48:55.926310,3879.25,cotton
2023-09-20 16:48:55.926310,3884.7,cotton
2023-09-21 16:48:55.926310,3836.72,cotton
2023-09-22 16:48:55.926310,3793.43,cotton
2023-09-23 16:48:55.926310,3740.89,cotton
2023-09-24 16:48:55.926310,3676.47,cotton
2023-09-25 16:48:55.926310,3633.16,cotton
2023-09-26 16:48:55.926310,3656.83,cotton
2023-09-27 16:48:55.926310,3760.31,cotton
2023-09-28 16:48:55.926310,3850.6,cotton
2023-09-29 16:48:55.926310,3879.37,cotton
2023-09-30 16:48:55.926310,4055.74,cotton
2023-10-01 16:48:55.926310,4468.22,cotton
2023-10-02 16:48:55.926310,4992.01,cotton
2023-10-03 16:48:55.926310,5452.12,cotton
2023-10-04 16:48:55.926310,5779.84,cotton
2023-10-05 16:48:55.926310,6139.75,cotton
2023-10-06 16:48:55.926310,6506.59,cotton
2023-10-07 16:48:55.926310,6937.44,cotton
2023-10-08 16:48:55.926310,7339.45,cotton
2023-10-09 16:48:55.926310,7757.24,cotton
2023-10-10 16:48:55.926310,8051.43,cotton
2023-10-11 16:48:55.926310,8341.81,cotton
2023-10-12 16:48:55.926310,8583.78,cotton
2023-10-13 16:48:55.926310,8837.82,cotton
2023-10-14 16:48:55.926310,9044.99,cotton
2023-10-15 16:48:55.926310,9288.12,cotton
2023-10-16 16:48:55.926310,9518.09,cotton
2023-10-17 16:48:55.926310,9771.57,cotton
2023-10-18 16:48:55.926310,10007.33,cotton
2023-10-19 16:48:55.926310,10246.23,cotton
2023-10-20 16:48:55.926310,10465.52,cotton
2023-10-21 16:48:55.926310,10677.37,cotton
2023-10-22 16:48:55.926310,10875.23,cotton
2023-10-23 16:48:55.926310,11120.15,cotton
2023-10-24 16:48:55.926310,11337.01,cotton
2023-10-25 16:48:55.926310,11506.4,cotton
2023-10-26 16:48:55.926310,11683.1,cotton
2023-10-27 16:48:55.926310,11880.59,cotton
2023-10-28 16:48:55.926310,12156.18,cotton
2023-10-29 16:48:55.926310,12447.43,cotton
2023-10-30 16:48:55.926310,12679.37,cotton
2023-10-31 16:48:55.926310,12996.74,cotton
2023-11-01 16:48:55.926310,13345.07,cotton
2023-11-02 16:48:55.926310,13872.49,cotton
2023-11-03 16:48:55.926310,14302.67,cotton
2023-11-04 16:48:55.926310,14796.66,cotton
2023-11-05 16:48:55.926310,15242.56,cotton
2023-11-06 16:48:55.926310,15745.33,cotton
2023-11-07 16:48:55.926310,16231.81,cotton
2023-11-08 16:48:55.926310,16677.11,cotton
2023-11-09 16:48:55.926310,17130.54,cotton
2023-11-10 16:48:55.926310,17517.47,cotton
2023-11-11 16:48:55.926310,17815.05,cotton
2023-11-12 16:48:55.926310,18081.05,cotton
2023-11-13 16:48:55.926310,18321.86,cotton
2023-11-14 16:48:55.926310,18596.56,cotton
2023-11-15 16:48:55.926310,18892.75,cotton
2023-11-16 16:48:55.926310,19240.21,cotton
2023-11-17 16:48:55.926310,19612.75,cotton
2023-11-18 16:48:55.926310,19977.23,cotton
2023-11-19 16:48:55.926310,20189.61,cotton
2023-11-20 16:48:55.926310,20418.67,cotton
2023-11-21 16:48:55.926310,20649.94,cotton
2023-11-22 16:48:55.926310,20964.0,cotton
2023-11-23 16:48:55.926310,21200.04,cotton
2023-11-24 16:48:55.926310,21423.25,cotton
2023-11-25 16:48:55.926310,21673.69,cotton
2023-11-26 16:48:55.926310,21975.61,cotton
2023-11-27 16:48:55.926310,22349.62,cotton
2023-11-28 16:48:55.926310,22633.68,cotton
2023-11-29 16:48:55.926310,22895.17,cotton
2023-11-30 16:48:55.926310,23083.34,cotton
2023-12-01 16:48:55.926310,23317.43,cotton
2023-12-02 16:48:55.926310,23600.17,cotton
2023-12-03 16:48:55.926310,23840.4,cotton
2023-12-04 16:48:55.926310,24086.08,cotton
2023-12-05 16:48:55.926310,24313.84,cotton
2023-12-06 16:48:55.926310,24549.15,cotton
2023-12-07 16:48:55.926310,24785.8,cotton
2023-12-08 16:48:55.926310,25035.81,cotton
2023-12-09 16:48:55.926310,25277.68,cotton
2023-12-10 16:48:55.926310,25536.72,cotton
2023-12-11 16:48:55.926310,25708.75,cotton
2023-12-12 16:48:55.926310,25915.1,cotton
2023-12-13 16:48:55.926310,26099.75,cotton
2023-12-14 16:48:55.926310,26286.03,cotton
2023-12-15 16:48:55.926310,26450.52,cotton
2023-12-16 16:48:55.926310,26677.38,cotton
2023-12-17 16:48:55.926310,26972.01,cotton
2023-12-18 16:48:55.926310,27263.01,cotton
2023-12-19 16:48:55.926310,27525.07,cotton
2023-12-20 16:48:55.926310,27658.21,cotton
2023-12-21 16:48:55.926310,27689.68,cotton
2023-12-22 16:48:55.926310,27706.78,cotton
2023-12-23 16:48:55.926310,27876.82,cotton
2023-12-24 16:48:55.926310,28281.18,cotton
2023-12-25 16:48:55.926310,28646.63,cotton
2023-12-26 16:48:55.926310,28904.07,cotton
2023-12-27 16:48:55.926310,28945.2,cotton
2023-12-28 16:48:55.926310,28979.01,cotton
2023-12-29 16:48:55.926310,29041.49,cotton
2023-12-30 16:48:55.926310,29158.3,cotton
2023-12-31 16:48:55.926310,29247.57,cotton
2024-01-01 16:48:55.926310,29296.25,cotton
2024-01-02 16:48:55.926310,29331.4,cotton
2024-01-03 16:48:55.926310,29370.88,cotton
2024-01-04 16:48:55.926310,29409.99,cotton
2024-01-05 16:48:55.926310,29436.1,cotton
2024-01-06 16:48:55.926310,29443.79,cotton
2024-01-07 16:48:55.926310,29412.81,cotton
2024-01-08 16:48:55.926310,29399.79,cotton
2024-01-09 16:48:55.926310,29406.03,cotton
2024-01-10 16:48:55.926310,29476.39,cotton
2024-01-11 16:48:55.926310,29548.61,cotton
2024-01-12 16:48:55.926310,29599.77,cotton
2024-01-13 16:48:55.926310,29683.45,cotton
2024-01-14 16:48:55.926310,29751.8,cotton
2024-01-15 16:48:55.926310,29754.99,cotton
2024-01-16 16:48:55.926310,29695.5,cotton
2024-01-17 16:48:55.926310,29636.48,cotton
2024-01-18 16:48:55.926310,29647.28,cotton
2024-01-19 16:48:55.926310,29695.39,cotton
2024-01-20 16:48:55.926310,29711.4,cotton
2024-01-21 16:48:55.926310,29690.04,cotton
2024-01-22 16:48:55.926310,29650.31,cotton
2024-01-23 16:48:55.926310,29618.15,cotton
2024-01-24 16:48:55.926310,29647.83,cotton
2024-01-25 16:48:55.926310,29672.07,cotton
2024-01-26 16:48:55.926310,29774.62,cotton
2024-01-27 16:48:55.926310,29900.2,cotton
2024-01-28 16:48:55.926310,29980.44,cotton
2024-01-29 16:48:55.926310,29966.92,cotton
2024-01-30 16:48:55.926310,29861.69,cotton
2024-01-31 16:48:55.926310,29694.0,cotton
2024-02-01 16:48:55.926310,29468.09,cotton
2024-02-02 16:48:55.926310,29211.13,cotton
2024-02-03 16:48:55.926310,28902.78,cotton
2024-02-04 16:48:55.926310,28598.52,cotton
2024-02-05 16:48:55.926310,28194.66,cotton
2024-02-06 16:48:55.926310,27808.35,cotton
2024-02-07 16:48:55.926310,27407.83,cotton
2024-02-08 16:48:55.926310,27048.32,cotton
2024-02-09 16:48:55.926310,26764.23,cotton
2024-02-10 16:48:55.926310,26523.96,cotton
2024-02-11 16:48:55.926310,26322.52,cotton
2024-02-12 16:48:55.926310,26036.09,cotton
2024-02-13 16:48:55.926310,25731.2,cotton
2024-02-14 16:48:55.926310,25456.33,cotton
2024-02-15 16:48:55.926310,25255.37,cotton
2024-02-16 16:48:55.926310,25000.73,cotton
2024-02-17 16:48:55.926310,24701.37,cotton
2024-02-18 16:48:55.926310,24491.79,cotton
2024-02-19 16:48:55.926310,24379.17,cotton
2024-02-20 16:48:55.926310,24255.13,cotton
2024-02-21 16:48:55.926310,24029.78,cotton
2024-02-22 16:48:55.926310,23830.4,cotton
2024-02-23 16:48:55.926310,23707.74,cotton
2024-02-24 16:48:55.926310,23611.84,cotton
2024-02-25 16:48:55.926310,23475.82,cotton
2024-02-26 16:48:55.926310,23355.08,cotton
2024-02-27 16:48:55.926310,23238.54,cotton
2024-02-28 16:48:55.926310,23101.5,cotton
2024-02-29 16:48:55.926310,22794.35,cotton
2024-03-01 16:48:55.926310,22438.96,cotton
2024-03-02 16:48:55.926310,22037.1,cotton
2024-03-03 16:48:55.926310,21671.82,cotton
2024-03-04 16:48:55.926310,21290.96,cotton
2024-03-05 16:48:55.926310,20873.82,cotton
2024-03-06 16:48:55.926310,20433.67,cotton
2024-03-07 16:48:55.926310,19984.49,cotton
2024-03-08 16:48:55.926310,19559.79,cotton
2024-03-09 16:48:55.926310,19229.71,cotton
2024-03-10 16:48:55.926310,18890.32,cotton
2024-03-11 16:48:55.926310,18578.98,cotton
2024-03-12 16:48:55.926310,18247.77,cotton
2024-03-13 16:48:55.926310,17905.89,cotton
2024-03-14 16:48:55.926310,17506.9,cotton
2024-03-15 16:48:55.926310,17042.21,cotton
2024-03-16 16:48:55.926310,16572.42,cotton
2024-03-17 16:48:55.926310,16149.6,cotton
2024-03-18 16:48:55.926310,15776.15,cotton
2024-03-19 16:48:55.926310,15444.25,cotton
2024-03-20 16:48:55.926310,15184.33,cotton
2024-03-21 16:48:55.926310,14904.35,cotton
2024-03-22 16:48:55.926310,14639.75,cotton
2024-03-23 16:48:55.926310,14335.54,cotton
2024-03-24 16:48:55.926310,14061.29,cotton
2024-03-25 16:48:55.926310,13810.74,cotton
2024-03-26 16:48:55.926310,13525.3,cotton
2024-03-27 16:48:55.926310,13329.49,cotton
2024-03-28 16:48:55.926310,13085.35,cotton
2024-03-29 16:48:55.926310,12896.1,cotton
2024-03-30 16:48:55.926310,12678.5,cotton
2024-03-31 16:48:55.926310,12390.24,cotton
2024-04-01 16:48:55.926310,11921.59,cotton
2024-04-02 16:48:55.926310,11336.37,cotton
2024-04-03 16:48:55.926310,10735.2,cotton
2024-04-04 16:48:55.926310,10230.95,cotton
2024-04-05 16:48:55.926310,9706.65,cotton
2024-04-06 16:48:55.926310,9263.29,cotton
2024-04-07 16:48:55.926310,8807.09,cotton
2024-04-08 16:48:55.926310,8377.83,cotton
2024-04-09 16:48:55.926310,7914.16,cotton
2024-04-10 16:48:55.926310,7468.94,cotton
2024-04-11 16:48:55.926310,7021.95,cotton
2024-04-12 16:48:55.926310,6583.82,cotton
2024-04-13 16:48:55.926310,6133.89,cotton
2024-04-14 16:48:55.926310,5690.61,cotton
2024-04-15 16:48:55.926310,5289.62,cotton
2024-04-16 16:48:55.926310,4870.1,cotton
2024-04-17 16:48:55.926310,4484.52,cotton
2024-04-18 16:48:55.926310,4135.03,cotton
2024-04-19 16:48:55.926310,3766.04,cotton
2024-04-20 16:48:55.926310,3385.76,cotton
2024-04-21 16:48:55.926310,3062.92,cotton
2024-04-22 16:48:55.926310,2919.25,cotton
2024-04-23 16:48:55.926310,2900.0,cotton
2024-04-24 16:48:55.926310,2900.0,cotton
2024-04-25 16:48:55.926310,2900.0,cotton
2024-04-26 16:48:55.926310,2900.0,cotton
2024-04-27 16:48:55.926310,2900.0,cotton
2024-04-28 16:48:55.926310,2900.0,cotton
2024-04-29 16:48:55.926310,2900.0,cotton
2024-04-30 16:48:55.926310,2900.0,cotton
2024-05-01 16:48:55.926310,2900.0,cotton
2024-05-02 16:48:55.926310,2900.0,cotton
2024-05-03 16:48:55.926310,2900.0,cotton
2024-05-04 16:48:55.926310,2900.0,cotton
2024-05-05 16:48:55.926310,2900.0,cotton
2024-05-06 16:48:55.926310,2900.0,cotton
2024-05-07 16:48:55.926310,2900.0,cotton
2024-05-08 16:48:55.926310,2900.0,cotton
2024-05-09 16:48:55.926310,2900.0,cotton
2024-05-10 16:48:55.926310,2900.0,cotton
2024-05-11 16:48:55.926310,2900.0,cotton
2024-05-12 16:48:55.926310,2900.0,cotton
2024-05-13 16:48:55.926310,2900.0,cotton
2024-05-14 16:48:55.926310,2900.0,cotton
2024-05-15 16:48:55.926310,2900.0,cotton
2024-05-16 16:48:55.926310,2900.0,cotton
2024-05-17 16:48:55.926310,2900.0,cotton
2024-05-18 16:48:55.926310,2900.0,cotton
2024-05-19 16:48:55.926310,2900.0,cotton
2024-05-20 16:48:55.926310,2900.0,cotton
2024-05-21 16:48:55.926310,2900.0,cotton
2024-05-22 16:48:55.926310,2900.0,cotton
2024-05-23 16:48:55.926310,2900.0,cotton
2024-05-24 16:48:55.926310,2900.0,cotton
2024-05-25 16:48:55.926310,2900.0,cotton
2024-05-26 16:48:55.926310,2900.0,cotton
2024-05-27 16:48:55.926310,2900.0,cotton
2024-05-28 16:48:55.926310,2900.0,cotton
2024-05-29 16:48:55.926310,2900.0,cotton
2024-05-30 16:48:55.926310,2900.0,cotton
2024-05-31 16:48:55.926310,2900.0,cotton
2024-06-01 16:48:55.926310,2900.0,cotton
2024-06-02 16:48:55.926310,2900.0,cotton
2024-06-03 16:48:55.926310,2900.0,cotton
2024-06-04 16:48:55.926310,2900.0,cotton
2024-06-05 16:48:55.926310,2900.0,cotton
2024-06-06 16:48:55.926310,2900.0,cotton
2024-06-07 16:48:55.926310,2900.0,cotton
2024-06-08 16:48:55.926310,2900.0,cotton
2024-06-09 16:48:55.926310,2900.0,cotton
2024-06-10 16:48:55.926310,2900.0,cotton
2024-06-11 16:48:55.926310,2900.0,cotton
2024-06-12 16:48:55.926310,2900.0,cotton
2024-06-13 16:48:55.926310,2900.0,cotton
2024-06-14 16:48:55.926310,2900.0,cotton
2024-06-15 16:48:55.926310,2900.0,cotton
2024-06-16 16:48:55.926310,2900.0,cotton
2024-06-17 16:48:55.926310,2900.0,cotton
2024-06-18 16:48:55.926310,2900.0,cotton
2024-06-19 16:48:55.926310,2900.0,cotton
2024-06-20 16:48:55.926310,2900.0,cotton
2024-06-21 16:48:55.926310,2900.0,cotton
2024-06-22 16:48:55.926310,2900.0,cotton
2024-06-23 16:48:55.926310,2900.0,cotton
2024-06-24 16:48:55.926310,2900.0,cotton
2024-06-25 16:48:55.926310,2900.0,cotton
2024-06-26 16:48:55.926310,2900.0,cotton
2024-06-27 16:48:55.926310,2900.0,cotton
2024-06-28 16:48:55.926310,2900.0,cotton
2024-06-29 16:48:55.926310,2900.0,cotton
2024-06-30 16:48:55.926310,2900.0,cotton
2024-07-01 16:48:55.926310,2900.0,cotton
2024-07-02 16:48:55.926310,2900.0,cotton
2024-07-03 16:48:55.926310,2900.0,cotton
2024-07-04 16:48:55.926310,2900.0,cotton
2024-07-05 16:48:55.926310,2900.0,cotton
2024-07-06 16:48:55.926310,2900.0,cotton
2024-07-07 16:48:55.926310,2900.0,cotton
2024-07-08 16:48:55.926310,2900.0,cotton
2024-07-09 16:48:55.926310,2900.0,cotton
2024-07-10 16:48:55.926310,2900.0,cotton
2024-07-11 16:48:55.926310,2900.0,cotton
2024-07-12 16:48:55.926310,2900.0,cotton
2024-07-13 16:48:55.926310,2900.0,cotton
2024-07-14 16:48:55.926310,2900.0,cotton
2024-07-15 16:48:55.926310,2900.0,cotton
2024-07-16 16:48:55.926310,2900.0,cotton
2024-07-17 16:48:55.926310,2900.0,cotton
2024-07-18 16:48:55.926310,2900.0,cotton
2024-07-19 16:48:55.926310,2900.0,cotton
2024-07-20 16:48:55.926310,2900.0,cotton
2024-07-21 16:48:55.926310,2900.0,cotton
2024-07-22 16:48:55.926310,2900.0,cotton
2024-07-23 16:48:55.926310,2900.0,cotton
2024-07-24 16:48:55.926310,2900.0,cotton
2024-07-25 16:48:55.926310,2900.0,cotton
2024-07-26 16:48:55.926310,2900.0,cotton
2024-07-27 16:48:55.926310,2900.0,cotton
2024-07-28 16:48:55.926310,2900.0,cotton
2024-07-29 16:48:55.926310,2900.0,cotton
2024-07-30 16:48:55.926310,2900.0,cotton
2024-07-31 16:48:55.926310,2900.0,cotton
2024-08-01 16:48:55.926310,2900.0,cotton
2024-08-02 16:48:55.926310,2900.0,cotton
2024-08-03 16:48:55.926310,2900.0,cotton
2024-08-04 16:48:55.926310,2900.0,cotton
2024-08-05 16:48:55.926310,2900.0,cotton
2024-08-06 16:48:55.926310,2900.0,cotton
2024-08-07 16:48:55.926310,2900.0,cotton
2024-08-08 16:48:55.926310,2900.0,cotton
2024-08-09 16:48:55.926310,2900.0,cotton
2024-08-10 16:48:55.926310,2900.0,cotton
2024-08-11 16:48:55.926310,2900.0,cotton
2024-08-12 16:48:55.926310,2900.0,cotton
2024-08-13 16:48:55.926310,2900.0,cotton
2024-08-14 16:48:55.926310,2900.0,cotton
2024-08-15 16:48:55.926310,2900.0,cotton
2024-08-16 16:48:55.926310,2900.0,cotton
2024-08-17 16:48:55.926310,2900.0,cotton
2024-08-18 16:48:55.926310,2900.0,cotton
2024-08-19 16:48:55.926310,2900.0,cotton
2024-08-20 16:48:55.926310,2900.0,cotton
2024-08-21 16:48:55.926310,2900.0,cotton
2024-08-22 16:48:55.926310,2900.0,cotton
2024-08-23 16:48:55.926310,2900.0,cotton
2024-08-24 16:48:55.926310,2900.0,cotton
2024-08-25 16:48:55.926310,2900.0,cotton
2024-08-26 16:48:55.926310,2900.0,cotton
2024-08-27 16:48:55.926310,2900.0,cotton
2024-08-28 16:48:55.926310,2900.0,cotton
2024-08-29 16:48:55.926310,2900.0,cotton
2024-08-30 16:48:55.926310,2900.0,cotton
2024-08-31 16:48:55.926310,2900.0,cotton
2024-09-01 16:48:55.926310,2915.97,cotton
2024-09-02 16:48:55.926310,2960.9,cotton
2024-09-03 16:48:55.926310,3068.94,cotton
2024-09-04 16:48:55.926310,3152.37,cotton
2024-09-05 16:48:55.926310,3198.28,cotton
2024-09-06 16:48:55.926310,3172.01,cotton
2024-09-07 16:48:55.926310,3225.01,cotton
2024-09-08 16:48:55.926310,3343.62,cotton
2024-09-09 16:48:55.926310,3498.84,cotton
2024-09-10 16:48:55.926310,3618.76,cotton
2024-09-11 16:48:55.926310,3668.66,cotton
2024-09-12 16:48:55.926310,3734.84,cotton
2024-09-13 16:48:55.926310,3795.36,cotton
2024-09-14 16:48:55.926310,3978.37,cotton
2024-09-15 16:48:55.926310,4146.83,cotton
2024-09-16 16:48:55.926310,4323.75,cotton
2024-09-17 16:48:55.926310,4406.86,cotton
2024-09-18 16:48:55.926310,4543.07,cotton
2024-09-19 16:48:55.926310,4677.88,cotton
2024-09-20 16:48:55.926310,4788.48,cotton
2024-09-21 16:48:55.926310,4864.17,cotton
2024-09-22 16:48:55.926310,4887.68,cotton
2024-09-23 16:48:55.926310,4984.31,cotton
2024-09-24 16:48:55.926310,4997.38,cotton
2024-09-25 16:48:55.926310,5030.47,cotton
2024-09-26 16:48:55.926310,4979.18,cotton
2024-09-27 16:48:55.926310,4982.52,cotton
2024-09-28 16:48:55.926310,4951.44,cotton
2024-09-29 16:48:55.926310,4977.24,cotton
2024-09-30 16:48:55.926310,5106.83,cotton
2024-10-01 16:48:55.926310,5358.22,cotton
2024-10-02 16:48:55.926310,5752.61,cotton
2024-10-03 16:48:55.926310,6211.99,cotton
2024-10-04 16:48:55.926310,6727.33,cotton
2024-10-05 16:48:55.926310,7192.17,cotton
2024-10-06 16:48:55.926310,7611.09,cotton
2024-10-07 16:48:55.926310,7995.99,cotton
2024-10-08 16:48:55.926310,8370.88,cotton
2024-10-09 16:48:55.926310,8680.3,cotton
2024-10-10 16:48:55.926310,9057.49,cotton
2024-10-11 16:48:55.926310,9488.37,cotton
2024-10-12 16:48:55.926310,9852.31,cotton
2024-10-13 16:48:55.926310,10142.98,cotton
2024-10-14 16:48:55.926310,10415.6,cotton
2024-10-15 16:48:55.926310,10686.11,cotton
2024-10-16 16:48:55.926310,10956.38,cotton
2024-10-17 16:48:55.926310,11115.83,cotton
2024-10-18 16:48:55.926310,11328.17,cotton
2024-10-19 16:48:55.926310,11525.96,cotton
2024-10-20 16:48:55.926310,11719.66,cotton
2024-10-21 16:48:55.926310,11951.84,cotton
2024-10-22 16:48:55.926310,12195.37,cotton
2024-10-23 16:48:55.926310,12442.55,cotton
2024-10-24 16:48:55.926310,12649.31,cotton
2024-10-25 16:48:55.926310,12759.24,cotton
2024-10-26 16:48:55.926310,12882.19,cotton
2024-10-27 16:48:55.926310,13021.93,cotton
2024-10-28 16:48:55.926310,13250.16,cotton
2024-10-29 16:48:55.926310,13509.89,cotton
2024-10-30 16:48:55.926310,13790.81,cotton
2024-10-31 16:48:55.926310,14148.51,cotton
2024-11-01 16:48:55.926310,14544.8,cotton
2024-11-02 16:48:55.926310,14946.64,cotton
2024-11-03 16:48:55.926310,15326.33,cotton
2024-11-04 16:48:55.926310,15717.5,cotton
2024-11-05 16:48:55.926310,16156.56,cotton
2024-11-06 16:48:55.926310,16645.61,cotton
2024-11-07 16:48:55.926310,17124.41,cotton
2024-11-08 16:48:55.926310,17557.0,cotton
2024-11-09 16:48:55.926310,17904.64,cotton
2024-11-10 16:48:55.926310,18270.52,cotton
2024-11-11 16:48:55.926310,18629.27,cotton
2024-11-12 16:48:55.926310,19027.08,cotton
2024-11-13 16:48:55.926310,19412.87,cotton
2024-11-14 16:48:55.926310,19797.73,cotton
2024-11-15 16:48:55.926310,20167.87,cotton
2024-11-16 16:48:55.926310,20500.21,cotton
2024-11-17 16:48:55.926310,20831.7,cotton
2024-11-18 16:48:55.926310,21091.66,cotton
2024-11-19 16:48:55.926310,21342.55,cotton
2024-11-20 16:48:55.926310,21628.39,cotton
2024-11-21 16:48:55.926310,21900.2,cotton
2024-11-22 16:48:55.926310,22171.82,cotton
2024-11-23 16:48:55.926310,22410.39,cotton
2024-11-24 16:48:55.926310,22656.65,cotton
2024-11-25 16:48:55.926310,22864.73,cotton
2024-11-26 16:48:55.926310,23081.44,cotton
2024-11-27 16:48:55.926310,23248.19,cotton
2024-11-28 16:48:55.926310,23406.29,cotton
2024-11-29 16:48:55.926310,23541.22,cotton
2024-11-30 16:48:55.926310,23794.5,cotton
2024-12-01 16:48:55.926310,24188.31,cotton
2024-12-02 16:48:55.926310,24583.35,cotton
2024-12-03 16:48:55.926310,24859.09,cotton
2024-12-04 16:48:55.926310,25047.48,cotton
2024-12-05 16:48:55.926310,25281.3,cotton
2024-12-06 16:48:55.926310,25606.64,cotton
2024-12-07 16:48:55.926310,25859.06,cotton
2024-12-08 16:48:55.926310,26076.28,cotton
2024-12-09 16:48:55.926310,26286.79,cotton
2024-12-10 16:48:55.926310,26477.76,cotton
2024-12-11 16:48:55.926310,26720.44,cotton
2024-12-12 16:48:55.926310,26907.3,cotton
2024-12-13 16:48:55.926310,27169.25,cotton
2024-12-14 16:48:55.926310,27296.57,cotton
2024-12-15 16:48:55.926310,27445.47,cotton
2024-12-16 16:48:55.926310,27577.75,cotton
2024-12-17 16:48:55.926310,27761.37,cotton
2024-12-18 16:48:55.926310,27937.96,cotton
2024-12-19 16:48:55.926310,28117.78,cotton
2024-12-20 16:48:55.926310,28267.48,cotton
2024-12-21 16:48:55.926310,28442.17,cotton
2024-12-22 16:48:55.926310,28681.5,cotton
2024-12-23 16:48:55.926310,28943.85,cotton
2024-12-24 16:48:55.926310,29063.17,cotton
2024-12-25 16:48:55.926310,29078.16,cotton
2024-12-26 16:48:55.926310,29051.27,cotton
2024-12-27 16:48:55.926310,29106.91,cotton
2024-12-28 16:48:55.926310,29238.49,cotton
2024-12-29 16:48:55.926310,29396.82,cotton
2024-12-30 16:48:55.926310,29655.66,cotton
2024-12-31 16:48:55.926310,29845.91,cotton
2025-01-01 16:48:55.926310,30036.28,cotton
2025-01-02 16:48:55.926310,30154.51,cotton
2025-01-03 16:48:55.926310,30216.23,cotton
2025-01-04 16:48:55.926310,30181.42,cotton
2025-01-05 16:48:55.926310,30081.53,cotton
2025-01-06 16:48:55.926310,29990.66,cotton
2025-01-07 16:48:55.926310,30008.34,cotton
2025-01-08 16:48:55.926310,30060.86,cotton
2025-01-09 16:48:55.926310,30156.47,cotton
2025-01-10 16:48:55.926310,30182.14,cotton
2025-01-11 16:48:55.926310,30199.8,cotton
2025-01-12 16:48:55.926310,30248.57,cotton
2025-01-13 16:48:55.926310,30332.97,cotton
2025-01-14 16:48:55.926310,30430.5,cotton
2025-01-15 16:48:55.926310,30429.73,cotton
2025-01-16 16:48:55.926310,30406.09,cotton
2025-01-17 16:48:55.926310,30332.71,cotton
2025-01-18 16:48:55.926310,30374.06,cotton
2025-01-19 16:48:55.926310,30442.61,cotton
2025-01-20 16:48:55.926310,30502.48,cotton
2025-01-21 16:48:55.926310,30493.09,cotton
2025-01-22 16:48:55.926310,30527.4,cotton
2025-01-23 16:48:55.926310,30611.88,cotton
2025-01-24 16:48:55.926310,30731.14,cotton
2025-01-25 16:48:55.926310,30736.49,cotton
2025-01-26 16:48:55.926310,30702.67,cotton
2025-01-27 16:48:55.926310,30698.15,cotton
2025-01-28 16:48:55.926310,30754.9,cotton
2025-01-29 16:48:55.926310,30854.81,cotton
2025-01-30 16:48:55.926310,30947.22,cotton
2025-01-31 16:48:55.926310,30917.67,cotton
2025-02-01 16:48:55.926310,30784.3,cotton
2025-02-02 16:48:55.926310,30470.29,cotton
2025-02-03 16:48:55.926310,30115.85,cotton
2025-02-04 16:48:55.926310,29822.86,cotton
2025-02-05 16:48:55.926310,29560.87,cotton
2025-02-06 16:48:55.926310,29365.29,cotton
2025-02-07 16:48:55.926310,29020.01,cotton
2025-02-08 16:48:55.926310,28685.53,cotton
2025-02-09 16:48:55.926310,28427.34,cotton
2025-02-10 16:48:55.926310,28295.03,cotton
2025-02-11 16:48:55.926310,28152.13,cotton
2025-02-12 16:48:55.926310,27961.99,cotton
2025-02-13 16:48:55.926310,27728.66,cotton
2025-02-14 16:48:55.926310,27505.79,cotton
2025-02-15 16:48:55.926310,27241.15,cotton
2025-02-16 16:48:55.926310,27018.7,cotton
2025-02-17 16:48:55.926310,26798.16,cotton
2025-02-18 16:48:55.926310,26598.74,cotton
2025-02-19 16:48:55.926310,26441.55,cotton
2025-02-20 16:48:55.926310,26310.65,cotton
2025-02-21 16:48:55.926310,26178.58,cotton
2025-02-22 16:48:55.926310,26017.7,cotton
2025-02-23 16:48:55.926310,25835.39,cotton
2025-02-24 16:48:55.926310,25697.52,cotton
2025-02-25 16:48:55.926310,25538.16,cotton
2025-02-26 16:48:55.926310,25436.39,cotton
2025-02-27 16:48:55.926310,25363.01,cotton
2025-02-28 16:48:55.926310,25189.8,cotton
2025-03-01 16:48:55.926310,24884.26,cotton
2025-03-02 16:48:55.926310,24427.93,cotton
2025-03-03 16:48:55.926310,23941.34,cotton
2025-03-04 16:48:55.926310,23436.1,cotton
2025-03-05 16:48:55.926310,22868.58,cotton
2025-03-06 16:48:55.926310,22238.08,cotton
2025-03-07 16:48:55.926310,21666.47,cotton
2025-03-08 16:48:55.926310,21223.47,cotton
2025-03-09 16:48:55.926310,20875.17,cotton
2025-03-10 16:48:55.926310,20476.64,cotton
2025-03-11 16:48:55.926310,20073.45,cotton
2025-03-12 16:48:55.926310,19696.54,cotton
2025-03-13 16:48:55.926310,19347.24,cotton
2025-03-14 16:48:55.926310,18997.15,cotton
2025-03-15 16:48:55.926310,18684.26,cotton
2025-03-16 16:48:55.926310,18423.5,cotton
2025-03-17 16:48:55.926310,18128.37,cotton
2025-03-18 16:48:55.926310,17804.24,cotton
2025-03-19 16:48:55.926310,17347.25,cotton
2025-03-20 16:48:55.926310,16877.38,cotton
2025-03-21 16:48:55.926310,16472.1,cotton
2025-03-22 16:48:55.926310,16163.38,cotton
2025-03-23 16:48:55.926310,15873.68,cotton
2025-03-24 16:48:55.926310,15581.26,cotton
2025-03-25 16:48:55.926310,15316.37,cotton
2025-03-26 16:48:55.926310,15114.77,cotton
2025-03-27 16:48:55.926310,14931.78,cotton
2025-03-28 16:48:55.926310,14730.78,cotton
2025-03-29 16:48:55.926310,14445.35,cotton
2025-03-30 16:48:55.926310,14172.63,cotton
2025-03-31 16:48:55.926310,13834.65,cotton
2025-04-01 16:48:55.926310,13455.32,cotton
2025-04-02 16:48:55.926310,12892.73,cotton
2025-04-03 16:48:55.926310,12318.11,cotton
2025-04-04 16:48:55.926310,11787.94,cotton
2025-04-05 16:48:55.926310,11243.94,cotton
2025-04-06 16:48:55.926310,10639.03,cotton
2025-04-07 16:48:55.926310,10043.9,cotton
2025-04-08 16:48:55.926310,9548.95,cotton
2025-04-09 16:48:55.926310,9110.1,cotton
2025-04-10 16:48:55.926310,8623.89,cotton
2025-04-11 16:48:55.926310,8062.17,cotton
2025-04-12 16:48:55.926310,7538.94,cotton
2025-04-13 16:48:55.926310,7094.05,cotton
2025-04-14 16:48:55.926310,6691.86,cotton
2025-04-15 16:48:55.926310,6333.26,cotton
2025-04-16 16:48:55.926310,5928.64,cotton
2025-04-17 16:48:55.926310,5610.41,cotton
2025-04-18 16:48:55.926310,5295.48,cotton
2025-04-19 16:48:55.926310,5038.61,cotton
2025-04-20 16:48:55.926310,4780.55,cotton
2025-04-21 16:48:55.926310,4492.2,cotton
2025-04-22 16:48:55.926310,4213.67,cotton
2025-04-23 16:48:55.926310,3961.97,cotton
2025-04-24 16:48:55.926310,3767.36,cotton
2025-04-25 16:48:55.926310,3513.5,cotton
2025-04-26 16:48:55.926310,3255.2,cotton
2025-04-27 16:48:55.926310,3029.45,cotton
2025-04-28 16:48:55.926310,2940.12,cotton
2025-04-29 16:48:55.926310,2900.0,cotton
2025-04-30 16:48:55.926310,2900.0,cotton
2025-05-01 16:48:55.926310,2900.0,cotton
2025-05-02 16:48:55.926310,2900.0,cotton
2025-05-03 16:48:55.926310,2900.0,cotton
2025-05-04 16:48:55.926310,2900.0,cotton
2025-05-05 16:48:55.926310,2900.0,cotton
2025-05-06 16:48:55.926310,2900.0,cotton
2025-05-07 16:48:55.926310,2900.0,cotton
2025-05-08 16:48:55.926310,2900.0,cotton
2025-05-09 16:48:55.926310,2900.0,cotton
2025-05-10 16:48:55.926310,2900.0,cotton
2025-05-11 16:48:55.926310,2900.0,cotton
2025-05-12 16:48:55.926310,2900.0,cotton
2025-05-13 16:48:55.926310,2900.0,cotton
2025-05-14 16:48:55.926310,2900.0,cotton
2025-05-15 16:48:55.926310,2900.0,cotton
2025-05-16 16:48:55.926310,2900.0,cotton
2025-05-17 16:48:55.926310,2900.0,cotton
2025-05-18 16:48:55.926310,2900.0,cotton
2025-05-19 16:48:55.926310,2900.0,cotton
2025-05-20 16:48:55.926310,2900.0,cotton
2025-05-21 16:48:55.926310,2900.0,cotton
2025-05-22 16:48:55.926310,2900.0,cotton
2025-05-23 16:48:55.926310,2900.0,cotton
2025-05-24 16:48:55.926310,2900.0,cotton
2025-05-25 16:48:55.926310,2900.0,cotton
2025-05-26 16:48:55.926310,2900.0,cotton
2025-05-27 16:48:55.926310,2900.0,cotton
2025-05-28 16:48:55.926310,2900.0,cotton
2025-05-29 16:48:55.926310,2900.0,cotton
2025-05-30 16:48:55.926310,2900.0,cotton
2025-05-31 16:48:55.926310,2900.0,cotton
2025-06-01 16:48:55.926310,2900.0,cotton
2025-06-02 16:48:55.926310,2900.0,cotton
2025-06-03 16:48:55.926310,2900.0,cotton
2025-06-04 16:48:55.926310,2900.0,cotton
2025-06-05 16:48:55.926310,2900.0,cotton
2025-06-06 16:48:55.926310,2900.0,cotton
2025-06-07 16:48:55.926310,2900.0,cotton
2025-06-08 16:48:55.926310,2900.0,cotton
2025-06-09 16:48:55.926310,2900.0,cotton
2025-06-10 16:48:55.926310,2900.0,cotton
2025-06-11 16:48:55.926310,2900.0,cotton
2025-06-12 16:48:55.926310,2900.0,cotton
2025-06-13 16:48:55.926310,2900.0,cotton
2025-06-14 16:48:55.926310,2900.0,cotton
2025-06-15 16:48:55.926310,2900.0,cotton
2025-06-16 16:48:55.926310,2900.0,cotton
2025-06-17 16:48:55.926310,2900.0,cotton
2025-06-18 16:48:55.926310,2900.0,cotton
2025-06-19 16:48:55.926310,2900.0,cotton
2025-06-20 16:48:55.926310,2900.0,cotton
2025-06-21 16:48:55.926310,2900.0,cotton
2025-06-22 16:48:55.926310,2900.0,cotton
2025-06-23 16:48:55.926310,2900.0,cotton
2025-06-24 16:48:55.926310,2900.0,cotton
2025-06-25 16:48:55.926310,2900.0,cotton
2025-06-26 16:48:55.926310,2900.0,cotton
2025-06-27 16:48:55.926310,2900.0,cotton
2025-06-28 16:48:55.926310,2900.0,cotton
2025-06-29 16:48:55.926310,2900.0,cotton
2025-06-30 16:48:55.926310,2900.0,cotton
2025-07-01 16:48:55.926310,2900.0,cotton
2025-07-02 16:48:55.926310,2900.0,cotton
2025-07-03 16:48:55.926310,2900.0,cotton
2025-07-04 16:48:55.926310,2900.0,cotton
2025-07-05 16:48:55.926310,2900.0,cotton
2025-07-06 16:48:55.926310,2900.0,cotton
2025-07-07 16:48:55.926310,2900.0,cotton
2025-07-08 16:48:55.926310,2900.0,cotton
2025-07-09 16:48:55.926310,2900.0,cotton
2025-07-10 16:48:55.926310,2900.0,cotton
2025-07-11 16:48:55.926310,2900.0,cotton
2025-07-12 16:48:55.926310,2900.0,cotton
2025-07-13 16:48:55.926310,2900.0,cotton
2025-07-14 16:48:55.926310,2900.0,cotton
2025-07-15 16:48:55.926310,2900.0,cotton
2025-07-16 16:48:55.926310,2900.0,cotton
2025-07-17 16:48:55.926310,2900.0,cotton
2025-07-18 16:48:55.926310,2900.0,cotton
2025-07-19 16:48:55.926310,2900.0,cotton
2025-07-20 16:48:55.926310,2900.0,cotton
2025-07-21 16:48:55.926310,2900.0,cotton
2025-07-22 16:48:55.926310,2900.0,cotton
2025-07-23 16:48:55.926310,2900.0,cotton
2025-07-24 16:48:55.926310,2900.0,cotton
2025-07-25 16:48:55.926310,2900.0,cotton
2025-07-26 16:48:55.926310,2900.0,cotton
2025-07-27 16:48:55.926310,2900.0,cotton
2025-07-28 16:48:55.926310,2900.0,cotton
2025-07-29 16:48:55.926310,2900.0,cotton
2025-07-30 16:48:55.926310,2900.0,cotton
2025-07-31 16:48:55.926310,2900.0,cotton
2025-08-01 16:48:55.926310,2900.0,cotton
2025-08-02 16:48:55.926310,2900.0,cotton
2025-08-03 16:48:55.926310,2900.0,cotton
2025-08-04 16:48:55.926310,2900.0,cotton
2025-08-05 16:48:55.926310,2900.0,cotton
2025-08-06 16:48:55.926310,2900.0,cotton
2025-08-07 16:48:55.926310,2900.0,cotton
2025-08-08 16:48:55.926310,2900.0,cotton
2025-08-09 16:48:55.926310,2900.0,cotton
2025-08-10 16:48:55.926310,2900.0,cotton
2025-08-11 16:48:55.926310,2900.0,cotton
2025-08-12 16:48:55.926310,2900.0,cotton
2025-08-13 16:48:55.926310,2900.0,cotton
2025-08-14 16:48:55.926310,2900.0,cotton
2025-08-15 16:48:55.926310,2900.0,cotton
2025-08-16 16:48:55.926310,2900.0,cotton
2025-08-17 16:48:55.926310,2900.0,cotton
2025-08-18 16:48:55.926310,2900.0,cotton
2025-08-19 16:48:55.926310,2900.0,cotton
2025-08-20 16:48:55.926310,2900.0,cotton
2025-08-21 16:48:55.926310,2900.0,cotton
2025-08-22 16:48:55.926310,2900.0,cotton
2025-08-23 16:48:55.926310,2900.0,cotton
2025-08-24 16:48:55.926310,2900.0,cotton
2025-08-25 16:48:55.926310,2900.0,cotton
2025-08-26 16:48:55.926310,2900.0,cotton
2025-08-27 16:48:55.926310,2900.0,cotton
2025-08-28 16:48:55.926310,2900.0,cotton
2025-08-29 16:48:55.926310,2900.0,cotton
2025-08-30 16:48:55.926310,2900.0,cotton
2025-08-31 16:48:55.926310,2964.92,cotton
2025-09-01 16:48:55.926310,3115.77,cotton
2025-09-02 16:48:55.926310,3331.38,cotton
2025-09-03 16:48:55.926310,3538.27,cotton
2025-09-04 16:48:55.926310,3676.69,cotton
2025-09-05 16:48:55.926310,3731.33,cotton
2025-09-06 16:48:55.926310,3768.23,cotton
2025-09-07 16:48:55.926310,3839.86,cotton
2025-09-08 16:48:55.926310,4024.72,cotton
2025-09-09 16:48:55.926310,4242.34,cotton
2025-09-10 16:48:55.926310,4360.38,cotton
2025-09-11 16:48:55.926310,4403.71,cotton
2025-09-12 16:48:55.926310,4415.51,cotton
2025-09-13 16:48:55.926310,4464.15,cotton
2025-09-14 16:48:55.926310,4582.28,cotton
2025-09-15 16:48:55.926310,4717.03,cotton
2025-09-16 16:48:55.926310,4871.38,cotton
2025-09-17 16:48:55.926310,4911.5,cotton
2025-09-18 16:48:55.926310,4954.22,cotton
2025-09-19 16:48:55.926310,5003.3,cotton
2025-09-20 16:48:55.926310,5041.65,cotton
2025-09-21 16:48:55.926310,4994.71,cotton
2025-09-22 16:48:55.926310,5014.26,cotton
2025-09-23 16:48:55.926310,5117.58,cotton
2025-09-24 16:48:55.926310,5303.31,cotton
2025-09-25 16:48:55.926310,5332.47,cotton
2025-09-26 16:48:55.926310,5391.23,cotton
2025-09-27 16:48:55.926310,5391.37,cotton
2025-09-28 16:48:55.926310,5456.02,cotton
2025-09-29 16:48:55.926310,5491.58,cotton
2025-09-30 16:48:55.926310,5676.31,cotton
2025-10-01 16:48:55.926310,6061.24,cotton
2025-10-02 16:48:55.926310,6501.95,cotton
2025-10-03 16:48:55.926310,6910.63,cotton
2025-10-04 16:48:55.926310,7295.17,cotton
2025-10-05 16:48:55.926310,7736.63,cotton
2025-10-06 16:48:55.926310,8219.15,cotton
2025-10-07 16:48:55.926310,8661.56,cotton
2025-10-08 16:48:55.926310,9036.08,cotton
2025-10-09 16:48:55.926310,9284.91,cotton
2025-10-10 16:48:55.926310,9544.31,cotton
2025-10-11 16:48:55.926310,9827.71,cotton
2025-10-12 16:48:55.926310,10203.07,cotton
2025-10-13 16:48:55.926310,10606.44,cotton
2025-10-14 16:48:55.926310,11005.33,cotton
2025-10-15 16:48:55.926310,11388.85,cotton
2025-10-16 16:48:55.926310,11707.76,cotton
2025-10-17 16:48:55.926310,11936.91,cotton
2025-10-18 16:48:55.926310,12061.18,cotton
2025-10-19 16:48:55.926310,12129.33,cotton
2025-10-20 16:48:55.926310,12224.3,cotton
2025-10-21 16:48:55.926310,12407.05,cotton
2025-10-22 16:48:55.926310,12594.99,cotton
2025-10-23 16:48:55.926310,12781.54,cotton
2025-10-24 16:48:55.926310,12968.99,cotton
2025-10-25 16:48:55.926310,13223.15,cotton
2025-10-26 16:48:55.926310,13473.72,cotton
2025-10-27 16:48:55.926310,13715.34,cotton
2025-10-28 16:48:55.926310,13853.51,cotton
2025-10-29 16:48:55.926310,14030.52,cotton
2025-10-30 16:48:55.926310,14156.02,cotton
2025-10-31 16:48:55.926310,14442.29,cotton
2025-11-01 16:48:55.926310,14809.17,cotton
2025-11-02 16:48:55.926310,15321.95,cotton
2025-11-03 16:48:55.926310,15750.31,cotton
2025-11-04 16:48:55.926310,16156.27,cotton
2025-11-05 16:48:55.926310,16505.5,cotton
2025-11-06 16:48:55.926310,16907.28,cotton
2025-11-07 16:48:55.926310,17281.47,cotton
2025-11-08 16:48:55.926310,17676.31,cotton
2025-11-09 16:48:55.926310,18051.02,cotton
2025-11-10 16:48:55.926310,18361.81,cotton
2025-11-11 16:48:55.926310,18635.25,cotton
2025-11-12 16:48:55.926310,18952.58,cotton
2025-11-13 16:48:55.926310,19299.19,cotton
2025-11-14 16:48:55.926310,19667.09,cotton
2025-11-15 16:48:55.926310,20020.62,cotton
2025-11-16 16:48:55.926310,20451.18,cotton
2025-11-17 16:48:55.926310,20857.1,cotton
2025-11-18 16:48:55.926310,21189.69,cotton
2025-11-19 16:48:55.926310,21499.66,cotton
2025-11-20 16:48:55.926310,21790.07,cotton
2025-11-21 16:48:55.926310,22066.73,cotton
2025-11-22 16:48:55.926310,22340.73,cotton
2025-11-23 16:48:55.926310,22636.89,cotton
2025-11-24 16:48:55.926310,22972.84,cotton
2025-11-25 16:48:55.926310,23199.73,cotton
2025-11-26 16:48:55.926310,23315.53,cotton
2025-11-27 16:48:55.926310,23370.66,cotton
2025-11-28 16:48:55.926310,23486.66,cotton
2025-11-29 16:48:55.926310,23714.01,cotton
2025-11-30 16:48:55.926310,23972.45,cotton
2025-12-01 16:48:55.926310,24263.92,cotton
2025-12-02 16:48:55.926310,24484.68,cotton
2025-12-03 16:48:55.926310,24704.8,cotton
2025-12-04 16:48:55.926310,24935.04,cotton
2025-12-05 16:48:55.926310,25202.21,cotton
2025-12-06 16:48:55.926310,25499.15,cotton
2025-12-07 16:48:55.926310,25764.32,cotton
2025-12-08 16:48:55.926310,26050.55,cotton
2025-12-09 16:48:55.926310,26270.5,cotton
2025-12-10 16:48:55.926310,26517.64,cotton
2025-12-11 16:48:55.926310,26733.68,cotton
2025-12-12 16:48:55.926310,26977.76,cotton
2025-12-13 16:48:55.926310,27233.67,cotton
2025-12-14 16:48:55.926310,27534.15,cotton
2025-12-15 16:48:55.926310,27840.16,cotton
2025-12-16 16:48:55.926310,28035.01,cotton
2025-12-17 16:48:55.926310,28224.17,cotton
2025-12-18 16:48:55.926310,28341.27,cotton
2025-12-19 16:48:55.926310,28566.1,cotton
2025-12-20 16:48:55.926310,28791.42,cotton
2025-12-21 16:48:55.926310,29043.53,cotton
2025-12-22 16:48:55.926310,29224.27,cotton
2025-12-23 16:48:55.926310,29331.21,cotton
2025-12-24 16:48:55.926310,29427.73,cotton
2025-12-25 16:48:55.926310,29492.33,cotton
2025-12-26 16:48:55.926310,29579.91,cotton
2025-12-27 16:48:55.926310,29704.14,cotton
2025-12-28 16:48:55.926310,29865.22,cotton
2025-12-29 16:48:55.926310,29995.04,cotton
2025-12-30 16:48:55.926310,30139.05,cotton
2025-12-31 16:48:55.926310,30238.2,cotton
2026-01-01 16:48:55.926310,30365.95,cotton
2026-01-02 16:48:55.926310,30407.28,cotton
2026-01-03 16:48:55.926310,30451.62,cotton
2026-01-04 16:48:55.926310,30414.3,cotton
2026-01-05 16:48:55.926310,30351.46,cotton
2026-01-06 16:48:55.926310,30239.38,cotton
2026-01-07 16:48:55.926310,30161.35,cotton
2026-01-08 16:48:55.926310,30128.49,cotton
2026-01-09 16:48:55.926310,30127.54,cotton
2026-01-10 16:48:55.926310,30096.87,cotton
2026-01-11 16:48:55.926310,30136.95,cotton
2026-01-12 16:48:55.926310,30075.84,cotton
2026-01-13 16:48:55.926310,30082.33,cotton
2026-01-14 16:48:55.926310,29996.42,cotton
2026-01-15 16:48:55.926310,29995.96,cotton
2026-01-16 16:48:55.926310,30013.15,cotton
2026-01-17 16:48:55.926310,30064.3,cotton
2026-01-18 16:48:55.926310,30122.82,cotton
2026-01-19 16:48:55.926310,30215.69,cotton
2026-01-20 16:48:55.926310,30327.85,cotton
2026-01-21 16:48:55.926310,30470.56,cotton
2026-01-22 16:48:55.926310,30543.13,cotton
2026-01-23 16:48:55.926310,30576.73,cotton
2026-01-24 16:48:55.926310,30595.39,cotton
2026-01-25 16:48:55.926310,30605.85,cotton
2026-01-26 16:48:55.926310,30680.32,cotton
2026-01-27 16:48:55.926310,30718.41,cotton
2026-01-28 16:48:55.926310,30776.75,cotton
2026-01-29 16:48:55.926310,30771.89,cotton
2026-01-30 16:48:55.926310,30766.73,cotton
2026-01-31 16:48:55.926310,30622.45,cotton
2026-02-01 16:48:55.926310,30374.75,cotton
2026-02-02 16:48:55.926310,29989.65,cotton
2026-02-03 16:48:55.926310,29579.11,cotton
2026-02-04 16:48:55.926310,29121.88,cotton
2026-02-05 16:48:55.926310,28708.4,cotton
2026-02-06 16:48:55.926310,28347.87,cotton
2026-02-07 16:48:55.926310,28079.66,cotton
2026-02-08 16:48:55.926310,27903.74,cotton
2026-02-09 16:48:55.926310,27745.05,cotton
2026-02-10 16:48:55.926310,27627.0,cotton
2026-02-11 16:48:55.926310,27485.9,cotton
2026-02-12 16:48:55.926310,27291.14,cotton
2026-02-13 16:48:55.926310,27060.28,cotton
2026-02-14 16:48:55.926310,26775.86,cotton
2026-02-15 16:48:55.926310,26573.64,cotton
2026-02-16 16:48:55.926310,26326.73,cotton
2026-02-17 16:48:55.926310,26153.02,cotton
2026-02-18 16:48:55.926310,26028.26,cotton
2026-02-19 16:48:55.926310,25870.8,cotton
2026-02-20 16:48:55.926310,25697.37,cotton
2026-02-21 16:48:55.926310,25513.26,cotton
2026-02-22 16:48:55.926310,25401.13,cotton
2026-02-23 16:48:55.926310,25283.59,cotton
2026-02-24 16:48:55.926310,25147.08,cotton
2026-02-25 16:48:55.926310,25041.85,cotton
2026-02-26 16:48:55.926310,24911.6,cotton
2026-02-27 16:48:55.926310,24744.13,cotton
2026-02-28 16:48:55.926310,24458.51,cotton
2026-03-01 16:48:55.926310,24101.3,cotton
2026-03-02 16:48:55.926310,23655.77,cotton
2026-03-03 16:48:55.926310,23137.24,cotton
2026-03-04 16:48:55.926310,22539.18,cotton
2026-03-05 16:48:55.926310,21900.24,cotton
2026-03-06 16:48:55.926310,21311.9,cotton
2026-03-07 16:48:55.926310,20844.85,cotton
2026-03-08 16:48:55.926310,20400.97,cotton
2026-03-09 16:48:55.926310,20020.17,cotton
2026-03-10 16:48:55.926310,19628.79,cotton
2026-03-11 16:48:55.926310,19244.76,cotton
2026-03-12 16:48:55.926310,18831.55,cotton
2026-03-13 16:48:55.926310,18428.93,cotton
2026-03-14 16:48:55.926310,18102.57,cotton
2026-03-15 16:48:55.926310,17826.29,cotton
2026-03-16 16:48:55.926310,17496.16,cotton
2026-03-17 16:48:55.926310,17156.45,cotton
2026-03-18 16:48:55.926310,16779.76,cotton
2026-03-19 16:48:55.926310,16490.46,cotton
2026-03-20 16:48:55.926310,16299.74,cotton
2026-03-21 16:48:55.926310,16125.87,cotton
2026-03-22 16:48:55.926310,15905.51,cotton
2026-03-23 16:48:55.926310,15581.2,cotton
2026-03-24 16:48:55.926310,15315.86,cotton
2026-03-25 16:48:55.926310,14998.97,cotton
2026-03-26 16:48:55.926310,14682.35,cotton
2026-03-27 16:48:55.926310,14391.97,cotton
2026-03-28 16:48:55.926310,14235.91,cotton
2026-03-29 16:48:55.926310,14090.27,cotton
2026-03-30 16:48:55.926310,13911.44,cotton
2026-03-31 16:48:55.926310,13616.16,cotton
2026-04-01 16:48:55.926310,13204.08,cotton
2026-04-02 16:48:55.926310,12685.95,cotton
2026-04-03 16:48:55.926310,12074.5,cotton
2026-04-04 16:48:55.926310,11559.0,cotton
2026-04-05 16:48:55.926310,11040.85,cotton
2026-04-06 16:48:55.926310,10578.79,cotton
2026-04-07 16:48:55.926310,10155.94,cotton
2026-04-08 16:48:55.926310,9711.85,cotton
2026-04-09 16:48:55.926310,9355.34,cotton
2026-04-10 16:48:55.926310,8961.03,cotton
2026-04-11 16:48:55.926310,5871.92,cotton
2023-04-12 16:48:55.936725,2004.73,soybean
2023-04-13 16:48:55.936725,2687.58,soybean
2023-04-14 16:48:55.936725,2228.76,soybean
2023-04-15 16:48:55.936725,2016.19,soybean
2023-04-16 16:48:55.936725,2000.0,soybean
2023-04-17 16:48:55.936725,2000.0,soybean
2023-04-18 16:48:55.936725,2000.0,soybean
2023-04-19 16:48:55.936725,2000.0,soybean
2023-04-20 16:48:55.936725,2000.0,soybean
2023-04-21 16:48:55.936725,2000.0,soybean
2023-04-22 16:48:55.936725,2000.0,soybean
2023-04-23 16:48:55.936725,2000.0,soybean
2023-04-24 16:48:55.936725,2000.0,soybean
2023-04-25 16:48:55.936725,2000.0,soybean
2023-04-26 16:48:55.936725,2000.0,soybean
2023-04-27 16:48:55.936725,2000.0,soybean
2023-04-28 16:48:55.936725,2000.0,soybean
2023-04-29 16:48:55.936725,2000.0,soybean
2023-04-30 16:48:55.936725,2000.0,soybean
2023-05-01 16:48:55.936725,2000.0,soybean
2023-05-02 16:48:55.936725,2000.0,soybean
2023-05-03 16:48:55.936725,2000.0,soybean
2023-05-04 16:48:55.936725,2000.0,soybean
2023-05-05 16:48:55.936725,2000.0,soybean
2023-05-06 16:48:55.936725,2000.0,soybean
2023-05-07 16:48:55.936725,2000.0,soybean
2023-05-08 16:48:55.936725,2000.0,soybean
2023-05-09 16:48:55.936725,2000.0,soybean
2023-05-10 16:48:55.936725,2000.0,soybean
2023-05-11 16:48:55.936725,2000.0,soybean
2023-05-12 16:48:55.936725,2000.0,soybean
2023-05-13 16:48:55.936725,2000.0,soybean
2023-05-14 16:48:55.936725,2000.0,soybean
2023-05-15 16:48:55.936725,2000.0,soybean
2023-05-16 16:48:55.936725,2000.0,soybean
2023-05-17 16:48:55.936725,2000.0,soybean
2023-05-18 16:48:55.936725,2000.0,soybean
2023-05-19 16:48:55.936725,2000.0,soybean
2023-05-20 16:48:55.936725,2000.0,soybean
2023-05-21 16:48:55.936725,2000.0,soybean
2023-05-22 16:48:55.936725,2000.0,soybean
2023-05-23 16:48:55.936725,2000.0,soybean
2023-05-24 16:48:55.936725,2000.0,soybean
2023-05-25 16:48:55.936725,2000.0,soybean
2023-05-26 16:48:55.936725,2000.0,soybean
2023-05-27 16:48:55.936725,2000.0,soybean
2023-05-28 16:48:55.936725,2000.0,soybean
2023-05-29 16:48:55.936725,2000.0,soybean
2023-05-30 16:48:55.936725,2000.0,soybean
2023-05-31 16:48:55.936725,2000.0,soybean
2023-06-01 16:48:55.936725,2000.0,soybean
2023-06-02 16:48:55.936725,2000.0,soybean
2023-06-03 16:48:55.936725,2000.0,soybean
2023-06-04 16:48:55.936725,2000.0,soybean
2023-06-05 16:48:55.936725,2000.0,soybean
2023-06-06 16:48:55.936725,2000.0,soybean
2023-06-07 16:48:55.936725,2000.0,soybean
2023-06-08 16:48:55.936725,2000.0,soybean
2023-06-09 16:48:55.936725,2000.0,soybean
2023-06-10 16:48:55.936725,2000.0,soybean
2023-06-11 16:48:55.936725,2000.0,soybean
2023-06-12 16:48:55.936725,2000.0,soybean
2023-06-13 16:48:55.936725,2000.0,soybean
2023-06-14 16:48:55.936725,2000.0,soybean
2023-06-15 16:48:55.936725,2000.0,soybean
2023-06-16 16:48:55.936725,2000.0,soybean
2023-06-17 16:48:55.936725,2000.0,soybean
2023-06-18 16:48:55.936725,2000.0,soybean
2023-06-19 16:48:55.936725,2000.0,soybean
2023-06-20 16:48:55.936725,2000.0,soybean
2023-06-21 16:48:55.936725,2000.0,soybean
2023-06-22 16:48:55.936725,2000.0,soybean
2023-06-23 16:48:55.936725,2000.0,soybean
2023-06-24 16:48:55.936725,2000.0,soybean
2023-06-25 16:48:55.936725,2000.0,soybean
2023-06-26 16:48:55.936725,2000.0,soybean
2023-06-27 16:48:55.936725,2000.0,soybean
2023-06-28 16:48:55.936725,2000.0,soybean
2023-06-29 16:48:55.936725,2000.0,soybean
2023-06-30 16:48:55.936725,2000.0,soybean
2023-07-01 16:48:55.936725,2000.0,soybean
2023-07-02 16:48:55.936725,2000.0,soybean
2023-07-03 16:48:55.936725,2000.0,soybean
2023-07-04 16:48:55.936725,2000.0,soybean
2023-07-05 16:48:55.936725,2000.0,soybean
2023-07-06 16:48:55.936725,2000.0,soybean
2023-07-07 16:48:55.936725,2000.0,soybean
2023-07-08 16:48:55.936725,2000.0,soybean
2023-07-09 16:48:55.936725,2000.0,soybean
2023-07-10 16:48:55.936725,2000.0,soybean
2023-07-11 16:48:55.936725,2000.0,soybean
2023-07-12 16:48:55.936725,2000.0,soybean
2023-07-13 16:48:55.936725,2000.0,soybean
2023-07-14 16:48:55.936725,2000.0,soybean
2023-07-15 16:48:55.936725,2000.0,soybean
2023-07-16 16:48:55.936725,2000.0,soybean
2023-07-17 16:48:55.936725,2000.0,soybean
2023-07-18 16:48:55.936725,2000.0,soybean
2023-07-19 16:48:55.936725,2000.0,soybean
2023-07-20 16:48:55.936725,2000.0,soybean
2023-07-21 16:48:55.936725,2000.0,soybean
2023-07-22 16:48:55.936725,2000.0,soybean
2023-07-23 16:48:55.936725,2000.0,soybean
2023-07-24 16:48:55.936725,2000.0,soybean
2023-07-25 16:48:55.936725,2000.0,soybean
2023-07-26 16:48:55.936725,2000.0,soybean
2023-07-27 16:48:55.936725,2000.0,soybean
2023-07-28 16:48:55.936725,2000.0,soybean
2023-07-29 16:48:55.936725,2000.0,soybean
2023-07-30 16:48:55.936725,2000.0,soybean
2023-07-31 16:48:55.936725,2025.45,soybean
2023-08-01 16:48:55.936725,2089.05,soybean
2023-08-02 16:48:55.936725,2213.92,soybean
2023-08-03 16:48:55.936725,2301.38,soybean
2023-08-04 16:48:55.936725,2367.77,soybean
2023-08-05 16:48:55.936725,2442.53,soybean
2023-08-06 16:48:55.936725,2541.77,soybean
2023-08-07 16:48:55.936725,2614.81,soybean
2023-08-08 16:48:55.936725,2644.32,soybean
2023-08-09 16:48:55.936725,2701.21,soybean
2023-08-10 16:48:55.936725,2763.78,soybean
2023-08-11 16:48:55.936725,2785.28,soybean
2023-08-12 16:48:55.936725,2756.25,soybean
2023-08-13 16:48:55.936725,2746.15,soybean
2023-08-14 16:48:55.936725,2771.23,soybean
2023-08-15 16:48:55.936725,2778.51,soybean
2023-08-16 16:48:55.936725,2788.64,soybean
2023-08-17 16:48:55.936725,2789.69,soybean
2023-08-18 16:48:55.936725,2810.0,soybean
2023-08-19 16:48:55.936725,2836.66,soybean
2023-08-20 16:48:55.936725,2839.48,soybean
2023-08-21 16:48:55.936725,2841.41,soybean
2023-08-22 16:48:55.936725,2834.56,soybean
2023-08-23 16:48:55.936725,2873.62,soybean
2023-08-24 16:48:55.936725,2924.42,soybean
2023-08-25 16:48:55.936725,2990.97,soybean
2023-08-26 16:48:55.936725,2969.92,soybean
2023-08-27 16:48:55.936725,2934.59,soybean
2023-08-28 16:48:55.936725,2844.87,soybean
2023-08-29 16:48:55.936725,2833.04,soybean
2023-08-30 16:48:55.936725,2879.92,soybean
2023-08-31 16:48:55.936725,3095.08,soybean
2023-09-01 16:48:55.936725,3370.64,soybean
2023-09-02 16:48:55.936725,3744.9,soybean
2023-09-03 16:48:55.936725,4079.96,soybean
2023-09-04 16:48:55.936725,4480.38,soybean
2023-09-05 16:48:55.936725,4852.28,soybean
2023-09-06 16:48:55.936725,5231.94,soybean
2023-09-07 16:48:55.936725,5584.82,soybean
2023-09-08 16:48:55.936725,5900.4,soybean
2023-09-09 16:48:55.936725,6244.37,soybean
2023-09-10 16:48:55.936725,6575.34,soybean
2023-09-11 16:48:55.936725,6880.17,soybean
2023-09-12 16:48:55.936725,7089.23,soybean
2023-09-13 16:48:55.936725,7246.7,soybean
2023-09-14 16:48:55.936725,7462.95,soybean
2023-09-15 16:48:55.936725,7714.01,soybean
2023-09-16 16:48:55.936725,7997.93,soybean
2023-09-17 16:48:55.936725,8245.67,soybean
2023-09-18 16:48:55.936725,8479.25,soybean
2023-09-19 16:48:55.936725,8669.96,soybean
2023-09-20 16:48:55.936725,8865.3,soybean
2023-09-21 16:48:55.936725,9052.63,soybean
2023-09-22 16:48:55.936725,9288.46,soybean
2023-09-23 16:48:55.936725,9556.35,soybean
2023-09-24 16:48:55.936725,9831.45,soybean
2023-09-25 16:48:55.936725,10061.45,soybean
2023-09-26 16:48:55.936725,10242.62,soybean
2023-09-27 16:48:55.936725,10451.16,soybean
2023-09-28 16:48:55.936725,10693.14,soybean
2023-09-29 16:48:55.936725,10911.16,soybean
2023-09-30 16:48:55.936725,11246.15,soybean
2023-10-01 16:48:55.936725,11570.12,soybean
2023-10-02 16:48:55.936725,11975.53,soybean
2023-10-03 16:48:55.936725,12290.09,soybean
2023-10-04 16:48:55.936725,12633.76,soybean
2023-10-05 16:48:55.936725,13004.7,soybean
2023-10-06 16:48:55.936725,13355.99,soybean
2023-10-07 16:48:55.936725,13740.71,soybean
2023-10-08 16:48:55.936725,14067.05,soybean
2023-10-09 16:48:55.936725,14381.98,soybean
2023-10-10 16:48:55.936725,14635.46,soybean
2023-10-11 16:48:55.936725,14909.47,soybean
2023-10-12 16:48:55.936725,15237.66,soybean
2023-10-13 16:48:55.936725,15605.2,soybean
2023-10-14 16:48:55.936725,15948.73,soybean
2023-10-15 16:48:55.936725,16200.18,soybean
2023-10-16 16:48:55.936725,16468.77,soybean
2023-10-17 16:48:55.936725,16691.22,soybean
2023-10-18 16:48:55.936725,16908.51,soybean
2023-10-19 16:48:55.936725,17034.2,soybean
2023-10-20 16:48:55.936725,17138.86,soybean
2023-10-21 16:48:55.936725,17264.49,soybean
2023-10-22 16:48:55.936725,17447.91,soybean
2023-10-23 16:48:55.936725,17677.79,soybean
2023-10-24 16:48:55.936725,17955.24,soybean
2023-10-25 16:48:55.936725,18184.92,soybean
2023-10-26 16:48:55.936725,18418.11,soybean
2023-10-27 16:48:55.936725,18607.83,soybean
2023-10-28 16:48:55.936725,18803.06,soybean
2023-10-29 16:48:55.936725,18982.38,soybean
2023-10-30 16:48:55.936725,19113.14,soybean
2023-10-31 16:48:55.936725,19287.71,soybean
2023-11-01 16:48:55.936725,19486.75,soybean
2023-11-02 16:48:55.936725,19754.17,soybean
2023-11-03 16:48:55.936725,19952.86,soybean
2023-11-04 16:48:55.936725,20137.52,soybean
2023-11-05 16:48:55.936725,20385.22,soybean
2023-11-06 16:48:55.936725,20649.28,soybean
2023-11-07 16:48:55.936725,20874.69,soybean
2023-11-08 16:48:55.936725,20991.07,soybean
2023-11-09 16:48:55.936725,21112.67,soybean
2023-11-10 16:48:55.936725,21248.73,soybean
2023-11-11 16:48:55.936725,21389.55,soybean
2023-11-12 16:48:55.936725,21508.09,soybean
2023-11-13 16:48:55.936725,21606.77,soybean
2023-11-14 16:48:55.936725,21737.57,soybean
2023-11-15 16:48:55.936725,21919.97,soybean
2023-11-16 16:48:55.936725,22114.1,soybean
2023-11-17 16:48:55.936725,22265.28,soybean
2023-11-18 16:48:55.936725,22417.33,soybean
2023-11-19 16:48:55.936725,22583.32,soybean
2023-11-20 16:48:55.936725,22784.1,soybean
2023-11-21 16:48:55.936725,22962.98,soybean
2023-11-22 16:48:55.936725,23168.34,soybean
2023-11-23 16:48:55.936725,23349.74,soybean
2023-11-24 16:48:55.936725,23457.81,soybean
2023-11-25 16:48:55.936725,23522.4,soybean
2023-11-26 16:48:55.936725,23597.49,soybean
2023-11-27 16:48:55.936725,23749.07,soybean
2023-11-28 16:48:55.936725,23934.56,soybean
2023-11-29 16:48:55.936725,24124.12,soybean
2023-11-30 16:48:55.936725,24228.33,soybean
2023-12-01 16:48:55.936725,24240.08,soybean
2023-12-02 16:48:55.936725,24180.44,soybean
2023-12-03 16:48:55.936725,24115.85,soybean
2023-12-04 16:48:55.936725,24099.39,soybean
2023-12-05 16:48:55.936725,24123.31,soybean
2023-12-06 16:48:55.936725,24188.0,soybean
2023-12-07 16:48:55.936725,24256.67,soybean
2023-12-08 16:48:55.936725,24286.39,soybean
2023-12-09 16:48:55.936725,24352.78,soybean
2023-12-10 16:48:55.936725,24394.86,soybean
2023-12-11 16:48:55.936725,24415.79,soybean
2023-12-12 16:48:55.936725,24398.08,soybean
2023-12-13 16:48:55.936725,24371.42,soybean
2023-12-14 16:48:55.936725,24341.13,soybean
2023-12-15 16:48:55.936725,24255.46,soybean
2023-12-16 16:48:55.936725,24216.12,soybean
2023-12-17 16:48:55.936725,24218.77,soybean
2023-12-18 16:48:55.936725,24250.27,soybean
2023-12-19 16:48:55.936725,24265.16,soybean
2023-12-20 16:48:55.936725,24270.64,soybean
2023-12-21 16:48:55.936725,24253.56,soybean
2023-12-22 16:48:55.936725,24210.93,soybean
2023-12-23 16:48:55.936725,24138.25,soybean
2023-12-24 16:48:55.936725,24102.16,soybean
2023-12-25 16:48:55.936725,24101.47,soybean
2023-12-26 16:48:55.936725,24148.78,soybean
2023-12-27 16:48:55.936725,24190.21,soybean
2023-12-28 16:48:55.936725,24225.59,soybean
2023-12-29 16:48:55.936725,24254.89,soybean
2023-12-30 16:48:55.936725,24248.75,soybean
2023-12-31 16:48:55.936725,24141.57,soybean
2024-01-01 16:48:55.936725,23999.09,soybean
2024-01-02 16:48:55.936725,23805.08,soybean
2024-01-03 16:48:55.936725,23619.68,soybean
2024-01-04 16:48:55.936725,23374.25,soybean
2024-01-05 16:48:55.936725,23140.41,soybean
2024-01-06 16:48:55.936725,22899.76,soybean
2024-01-07 16:48:55.936725,22702.94,soybean
2024-01-08 16:48:55.936725,22524.12,soybean
2024-01-09 16:48:55.936725,22387.91,soybean
2024-01-10 16:48:55.936725,22230.92,soybean
2024-01-11 16:48:55.936725,22057.54,soybean
2024-01-12 16:48:55.936725,21904.46,soybean
2024-01-13 16:48:55.936725,21814.07,soybean
2024-01-14 16:48:55.936725,21736.07,soybean
2024-01-15 16:48:55.936725,21579.25,soybean
2024-01-16 16:48:55.936725,21330.21,soybean
2024-01-17 16:48:55.936725,21063.87,soybean
2024-01-18 16:48:55.936725,20890.02,soybean
2024-01-19 16:48:55.936725,20770.97,soybean
2024-01-20 16:48:55.936725,20696.33,soybean
2024-01-21 16:48:55.936725,20602.92,soybean
2024-01-22 16:48:55.936725,20514.03,soybean
2024-01-23 16:48:55.936725,20418.69,soybean
2024-01-24 16:48:55.936725,20300.1,soybean
2024-01-25 16:48:55.936725,20186.85,soybean
2024-01-26 16:48:55.936725,20081.53,soybean
2024-01-27 16:48:55.936725,19951.02,soybean
2024-01-28 16:48:55.936725,19746.32,soybean
2024-01-29 16:48:55.936725,19502.41,soybean
2024-01-30 16:48:55.936725,19275.07,soybean
2024-01-31 16:48:55.936725,19024.95,soybean
2024-02-01 16:48:55.936725,18654.6,soybean
2024-02-02 16:48:55.936725,18182.83,soybean
2024-02-03 16:48:55.936725,17656.64,soybean
2024-02-04 16:48:55.936725,17184.64,soybean
2024-02-05 16:48:55.936725,16728.86,soybean
2024-02-06 16:48:55.936725,16337.51,soybean
2024-02-07 16:48:55.936725,15990.65,soybean
2024-02-08 16:48:55.936725,15651.79,soybean
2024-02-09 16:48:55.936725,15325.57,soybean
2024-02-10 16:48:55.936725,14982.27,soybean
2024-02-11 16:48:55.936725,14641.52,soybean
2024-02-12 16:48:55.936725,14246.64,soybean
2024-02-13 16:48:55.936725,13888.3,soybean
2024-02-14 16:48:55.936725,13549.95,soybean
2024-02-15 16:48:55.936725,13189.26,soybean
2024-02-16 16:48:55.936725,12832.34,soybean
2024-02-17 16:48:55.936725,12480.08,soybean
2024-02-18 16:48:55.936725,12232.8,soybean
2024-02-19 16:48:55.936725,11932.91,soybean
2024-02-20 16:48:55.936725,11677.1,soybean
2024-02-21 16:48:55.936725,11371.05,soybean
2024-02-22 16:48:55.936725,11131.93,soybean
2024-02-23 16:48:55.936725,10932.33,soybean
2024-02-24 16:48:55.936725,10774.62,soybean
2024-02-25 16:48:55.936725,10613.85,soybean
2024-02-26 16:48:55.936725,10362.33,soybean
2024-02-27 16:48:55.936725,10108.97,soybean
2024-02-28 16:48:55.936725,9858.65,soybean
2024-02-29 16:48:55.936725,9533.66,soybean
2024-03-01 16:48:55.936725,9102.81,soybean
2024-03-02 16:48:55.936725,8526.95,soybean
2024-03-03 16:48:55.936725,7954.05,soybean
2024-03-04 16:48:55.936725,7399.4,soybean
2024-03-05 16:48:55.936725,6940.67,soybean
2024-03-06 16:48:55.936725,6505.77,soybean
2024-03-07 16:48:55.936725,6091.4,soybean
2024-03-08 16:48:55.936725,5714.99,soybean
2024-03-09 16:48:55.936725,5357.41,soybean
2024-03-10 16:48:55.936725,5012.36,soybean
2024-03-11 16:48:55.936725,4634.27,soybean
2024-03-12 16:48:55.936725,4251.91,soybean
2024-03-13 16:48:55.936725,3884.25,soybean
2024-03-14 16:48:55.936725,3487.97,soybean
2024-03-15 16:48:55.936725,3098.27,soybean
2024-03-16 16:48:55.936725,2698.21,soybean
2024-03-17 16:48:55.936725,2332.13,soybean
2024-03-18 16:48:55.936725,2101.34,soybean
2024-03-19 16:48:55.936725,2000.0,soybean
2024-03-20 16:48:55.936725,2000.0,soybean
2024-03-21 16:48:55.936725,2000.0,soybean
2024-03-22 16:48:55.936725,2000.0,soybean
2024-03-23 16:48:55.936725,2000.0,soybean
2024-03-24 16:48:55.936725,2000.0,soybean
2024-03-25 16:48:55.936725,2000.0,soybean
2024-03-26 16:48:55.936725,2000.0,soybean
2024-03-27 16:48:55.936725,2000.0,soybean
2024-03-28 16:48:55.936725,2000.0,soybean
2024-03-29 16:48:55.936725,2000.0,soybean
2024-03-30 16:48:55.936725,2000.0,soybean
2024-03-31 16:48:55.936725,2000.0,soybean
2024-04-01 16:48:55.936725,2000.0,soybean
2024-04-02 16:48:55.936725,2000.0,soybean
2024-04-03 16:48:55.936725,2000.0,soybean
2024-04-04 16:48:55.936725,2000.0,soybean
2024-04-05 16:48:55.936725,2000.0,soybean
2024-04-06 16:48:55.936725,2000.0,soybean
2024-04-07 16:48:55.936725,2000.0,soybean
2024-04-08 16:48:55.936725,2000.0,soybean
2024-04-09 16:48:55.936725,2000.0,soybean
2024-04-10 16:48:55.936725,2000.0,soybean
2024-04-11 16:48:55.936725,2000.0,soybean
2024-04-12 16:48:55.936725,2000.0,soybean
2024-04-13 16:48:55.936725,2000.0,soybean
2024-04-14 16:48:55.936725,2000.0,soybean
2024-04-15 16:48:55.936725,2000.0,soybean
2024-04-16 16:48:55.936725,2000.0,soybean
2024-04-17 16:48:55.936725,2000.0,soybean
2024-04-18 16:48:55.936725,2000.0,soybean
2024-04-19 16:48:55.936725,2000.0,soybean
2024-04-20 16:48:55.936725,2000.0,soybean
2024-04-21 16:48:55.936725,2000.0,soybean
2024-04-22 16:48:55.936725,2000.0,soybean
2024-04-23 16:48:55.936725,2000.0,soybean
2024-04-24 16:48:55.936725,2000.0,soybean
2024-04-25 16:48:55.936725,2000.0,soybean
2024-04-26 16:48:55.936725,2000.0,soybean
2024-04-27 16:48:55.936725,2000.0,soybean
2024-04-28 16:48:55.936725,2000.0,soybean
2024-04-29 16:48:55.936725,2000.0,soybean
2024-04-30 16:48:55.936725,2000.0,soybean
2024-05-01 16:48:55.936725,2000.0,soybean
2024-05-02 16:48:55.936725,2000.0,soybean
2024-05-03 16:48:55.936725,2000.0,soybean
2024-05-04 16:48:55.936725,2000.0,soybean
2024-05-05 16:48:55.936725,2000.0,soybean
2024-05-06 16:48:55.936725,2000.0,soybean
2024-05-07 16:48:55.936725,2000.0,soybean
2024-05-08 16:48:55.936725,2000.0,soybean
2024-05-09 16:48:55.936725,2000.0,soybean
2024-05-10 16:48:55.936725,2000.0,soybean
2024-05-11 16:48:55.936725,2000.0,soybean
2024-05-12 16:48:55.936725,2000.0,soybean
2024-05-13 16:48:55.936725,2000.0,soybean
2024-05-14 16:48:55.936725,2000.0,soybean
2024-05-15 16:48:55.936725,2000.0,soybean
2024-05-16 16:48:55.936725,2000.0,soybean
2024-05-17 16:48:55.936725,2000.0,soybean
2024-05-18 16:48:55.936725,2000.0,soybean
2024-05-19 16:48:55.936725,2000.0,soybean
2024-05-20 16:48:55.936725,2000.0,soybean
2024-05-21 16:48:55.936725,2000.0,soybean
2024-05-22 16:48:55.936725,2000.0,soybean
2024-05-23 16:48:55.936725,2000.0,soybean
2024-05-24 16:48:55.936725,2000.0,soybean
2024-05-25 16:48:55.936725,2000.0,soybean
2024-05-26 16:48:55.936725,2000.0,soybean
2024-05-27 16:48:55.936725,2000.0,soybean
2024-05-28 16:48:55.936725,2000.0,soybean
2024-05-29 16:48:55.936725,2000.0,soybean
2024-05-30 16:48:55.936725,2000.0,soybean
2024-05-31 16:48:55.936725,2000.0,soybean
2024-06-01 16:48:55.936725,2000.0,soybean
2024-06-02 16:48:55.936725,2000.0,soybean
2024-06-03 16:48:55.936725,2000.0,soybean
2024-06-04 16:48:55.936725,2000.0,soybean
2024-06-05 16:48:55.936725,2000.0,soybean
2024-06-06 16:48:55.936725,2000.0,soybean
2024-06-07 16:48:55.936725,2000.0,soybean
2024-06-08 16:48:55.936725,2000.0,soybean
2024-06-09 16:48:55.936725,2000.0,soybean
2024-06-10 16:48:55.936725,2000.0,soybean
2024-06-11 16:48:55.936725,2000.0,soybean
2024-06-12 16:48:55.936725,2000.0,soybean
2024-06-13 16:48:55.936725,2000.0,soybean
2024-06-14 16:48:55.936725,2000.0,soybean
2024-06-15 16:48:55.936725,2000.0,soybean
2024-06-16 16:48:55.936725,2000.0,soybean
2024-06-17 16:48:55.936725,2000.0,soybean
2024-06-18 16:48:55.936725,2000.0,soybean
2024-06-19 16:48:55.936725,2000.0,soybean
2024-06-20 16:48:55.936725,2000.0,soybean
2024-06-21 16:48:55.936725,2000.0,soybean
2024-06-22 16:48:55.936725,2000.0,soybean
2024-06-23 16:48:55.936725,2000.0,soybean
2024-06-24 16:48:55.936725,2000.0,soybean
2024-06-25 16:48:55.936725,2000.0,soybean
2024-06-26 16:48:55.936725,2000.0,soybean
2024-06-27 16:48:55.936725,2000.0,soybean
2024-06-28 16:48:55.936725,2000.0,soybean
2024-06-29 16:48:55.936725,2000.0,soybean
2024-06-30 16:48:55.936725,2000.0,soybean
2024-07-01 16:48:55.936725,2000.0,soybean
2024-07-02 16:48:55.936725,2000.0,soybean
2024-07-03 16:48:55.936725,2000.0,soybean
2024-07-04 16:48:55.936725,2000.0,soybean
2024-07-05 16:48:55.936725,2000.0,soybean
2024-07-06 16:48:55.936725,2000.0,soybean
2024-07-07 16:48:55.936725,2000.0,soybean
2024-07-08 16:48:55.936725,2000.0,soybean
2024-07-09 16:48:55.936725,2000.0,soybean
2024-07-10 16:48:55.936725,2000.0,soybean
2024-07-11 16:48:55.936725,2000.0,soybean
2024-07-12 16:48:55.936725,2000.0,soybean
2024-07-13 16:48:55.936725,2000.0,soybean
2024-07-14 16:48:55.936725,2000.0,soybean
2024-07-15 16:48:55.936725,2000.0,soybean
2024-07-16 16:48:55.936725,2000.0,soybean
2024-07-17 16:48:55.936725,2000.0,soybean
2024-07-18 16:48:55.936725,2000.0,soybean
2024-07-19 16:48:55.936725,2000.0,soybean
2024-07-20 16:48:55.936725,2000.0,soybean
2024-07-21 16:48:55.936725,2000.0,soybean
2024-07-22 16:48:55.936725,2000.0,soybean
2024-07-23 16:48:55.936725,2000.0,soybean
2024-07-24 16:48:55.936725,2000.0,soybean
2024-07-25 16:48:55.936725,2000.0,soybean
2024-07-26 16:48:55.936725,2000.0,soybean
2024-07-27 16:48:55.936725,2000.0,soybean
2024-07-28 16:48:55.936725,2000.0,soybean
2024-07-29 16:48:55.936725,2000.0,soybean
2024-07-30 16:48:55.936725,2000.0,soybean
2024-07-31 16:48:55.936725,2014.77,soybean
2024-08-01 16:48:55.936725,2045.46,soybean
2024-08-02 16:48:55.936725,2080.46,soybean
2024-08-03 16:48:55.936725,2148.66,soybean
2024-08-04 16:48:55.936725,2252.33,soybean
2024-08-05 16:48:55.936725,2361.2,soybean
2024-08-06 16:48:55.936725,2438.9,soybean
2024-08-07 16:48:55.936725,2487.06,soybean
2024-08-08 16:48:55.936725,2542.74,soybean
2024-08-09 16:48:55.936725,2563.25,soybean
2024-08-10 16:48:55.936725,2586.67,soybean
2024-08-11 16:48:55.936725,2582.56,soybean
2024-08-12 16:48:55.936725,2596.31,soybean
2024-08-13 16:48:55.936725,2592.67,soybean
2024-08-14 16:48:55.936725,2626.27,soybean
2024-08-15 16:48:55.936725,2637.02,soybean
2024-08-16 16:48:55.936725,2652.08,soybean
2024-08-17 16:48:55.936725,2678.57,soybean
2024-08-18 16:48:55.936725,2771.75,soybean
2024-08-19 16:48:55.936725,2888.83,soybean
2024-08-20 16:48:55.936725,2933.12,soybean
2024-08-21 16:48:55.936725,2934.27,soybean
2024-08-22 16:48:55.936725,2914.26,soybean
2024-08-23 16:48:55.936725,2929.19,soybean
2024-08-24 16:48:55.936725,2947.91,soybean
2024-08-25 16:48:55.936725,2980.13,soybean
2024-08-26 16:48:55.936725,3063.6,soybean
2024-08-27 16:48:55.936725,3128.79,soybean
2024-08-28 16:48:55.936725,3182.91,soybean
2024-08-29 16:48:55.936725,3164.92,soybean
2024-08-30 16:48:55.936725,3140.58,soybean
2024-08-31 16:48:55.936725,3203.03,soybean
2024-09-01 16:48:55.936725,3370.93,soybean
2024-09-02 16:48:55.936725,3708.06,soybean
2024-09-03 16:48:55.936725,4068.75,soybean
2024-09-04 16:48:55.936725,4457.63,soybean
2024-09-05 16:48:55.936725,4800.21,soybean
2024-09-06 16:48:55.936725,5093.28,soybean
2024-09-07 16:48:55.936725,5386.92,soybean
2024-09-08 16:48:55.936725,5678.8,soybean
2024-09-09 16:48:55.936725,5981.41,soybean
2024-09-10 16:48:55.936725,6264.06,soybean
2024-09-11 16:48:55.936725,6548.78,soybean
2024-09-12 16:48:55.936725,6888.18,soybean
2024-09-13 16:48:55.936725,7200.72,soybean
2024-09-14 16:48:55.936725,7485.41,soybean
2024-09-15 16:48:55.936725,7718.02,soybean
2024-09-16 16:48:55.936725,7906.79,soybean
2024-09-17 16:48:55.936725,8097.08,soybean
2024-09-18 16:48:55.936725,8220.25,soybean
2024-09-19 16:48:55.936725,8426.73,soybean
2024-09-20 16:48:55.936725,8619.57,soybean
2024-09-21 16:48:55.936725,8913.95,soybean
2024-09-22 16:48:55.936725,9206.75,soybean
2024-09-23 16:48:55.936725,9528.71,soybean
2024-09-24 16:48:55.936725,9792.82,soybean
2024-09-25 16:48:55.936725,10005.28,soybean
2024-09-26 16:48:55.936725,10227.34,soybean
2024-09-27 16:48:55.936725,10487.41,soybean
2024-09-28 16:48:55.936725,10749.78,soybean
2024-09-29 16:48:55.936725,11016.39,soybean
2024-09-30 16:48:55.936725,11287.61,soybean
2024-10-01 16:48:55.936725,11646.85,soybean
2024-10-02 16:48:55.936725,12043.55,soybean
2024-10-03 16:48:55.936725,12509.35,soybean
2024-10-04 16:48:55.936725,12933.59,soybean
2024-10-05 16:48:55.936725,13323.67,soybean
2024-10-06 16:48:55.936725,13601.99,soybean
2024-10-07 16:48:55.936725,13893.01,soybean
2024-10-08 16:48:55.936725,14179.24,soybean
2024-10-09 16:48:55.936725,14471.2,soybean
2024-10-10 16:48:55.936725,14771.93,soybean
2024-10-11 16:48:55.936725,15105.63,soybean
2024-10-12 16:48:55.936725,15374.84,soybean
2024-10-13 16:48:55.936725,15630.09,soybean
2024-10-14 16:48:55.936725,15848.13,soybean
2024-10-15 16:48:55.936725,16093.94,soybean
2024-10-16 16:48:55.936725,16345.24,soybean
2024-10-17 16:48:55.936725,16596.27,soybean
2024-10-18 16:48:55.936725,16879.17,soybean
2024-10-19 16:48:55.936725,17144.08,soybean
2024-10-20 16:48:55.936725,17337.32,soybean
2024-10-21 16:48:55.936725,17515.0,soybean
2024-10-22 16:48:55.936725,17661.9,soybean
2024-10-23 16:48:55.936725,17831.13,soybean
2024-10-24 16:48:55.936725,17988.64,soybean
2024-10-25 16:48:55.936725,18147.94,soybean
2024-10-26 16:48:55.936725,18319.23,soybean
2024-10-27 16:48:55.936725,18498.06,soybean
2024-10-28 16:48:55.936725,18706.17,soybean
2024-10-29 16:48:55.936725,18914.04,soybean
2024-10-30 16:48:55.936725,19194.52,soybean
2024-10-31 16:48:55.936725,19428.14,soybean
2024-11-01 16:48:55.936725,19671.89,soybean
2024-11-02 16:48:55.936725,19890.57,soybean
2024-11-03 16:48:55.936725,20155.65,soybean
2024-11-04 16:48:55.936725,20389.96,soybean
2024-11-05 16:48:55.936725,20594.16,soybean
2024-11-06 16:48:55.936725,20782.09,soybean
2024-11-07 16:48:55.936725,20983.49,soybean
2024-11-08 16:48:55.936725,21195.07,soybean
2024-11-09 16:48:55.936725,21379.71,soybean
2024-11-10 16:48:55.936725,21561.7,soybean
2024-11-11 16:48:55.936725,21708.89,soybean
2024-11-12 16:48:55.936725,21859.93,soybean
2024-11-13 16:48:55.936725,21968.99,soybean
2024-11-14 16:48:55.936725,22112.95,soybean
2024-11-15 16:48:55.936725,22257.72,soybean
2024-11-16 16:48:55.936725,22519.05,soybean
2024-11-17 16:48:55.936725,22720.81,soybean
2024-11-18 16:48:55.936725,22880.74,soybean
2024-11-19 16:48:55.936725,23018.48,soybean
2024-11-20 16:48:55.936725,23209.96,soybean
2024-11-21 16:48:55.936725,23466.77,soybean
2024-11-22 16:48:55.936725,23667.25,soybean
2024-11-23 16:48:55.936725,23840.21,soybean
2024-11-24 16:48:55.936725,23935.65,soybean
2024-11-25 16:48:55.936725,24005.96,soybean
2024-11-26 16:48:55.936725,24071.47,soybean
2024-11-27 16:48:55.936725,24114.45,soybean
2024-11-28 16:48:55.936725,24208.82,soybean
2024-11-29 16:48:55.936725,24343.38,soybean
2024-11-30 16:48:55.936725,24491.28,soybean
2024-12-01 16:48:55.936725,24608.65,soybean
2024-12-02 16:48:55.936725,24641.91,soybean
2024-12-03 16:48:55.936725,24737.95,soybean
2024-12-04 16:48:55.936725,24797.8,soybean
2024-12-05 16:48:55.936725,24855.97,soybean
2024-12-06 16:48:55.936725,24857.91,soybean
2024-12-07 16:48:55.936725,24832.25,soybean
2024-12-08 16:48:55.936725,24847.42,soybean
2024-12-09 16:48:55.936725,24873.46,soybean
2024-12-10 16:48:55.936725,24934.08,soybean
2024-12-11 16:48:55.936725,24960.25,soybean
2024-12-12 16:48:55.936725,24996.25,soybean
2024-12-13 16:48:55.936725,25055.67,soybean
2024-12-14 16:48:55.936725,25061.3,soybean
2024-12-15 16:48:55.936725,25062.73,soybean
2024-12-16 16:48:55.936725,25013.29,soybean
2024-12-17 16:48:55.936725,25012.89,soybean
2024-12-18 16:48:55.936725,25028.83,soybean
2024-12-19 16:48:55.936725,25069.64,soybean
2024-12-20 16:48:55.936725,25122.24,soybean
2024-12-21 16:48:55.936725,25151.74,soybean
2024-12-22 16:48:55.936725,25207.64,soybean
2024-12-23 16:48:55.936725,25253.93,soybean
2024-12-24 16:48:55.936725,25260.7,soybean
2024-12-25 16:48:55.936725,25201.23,soybean
2024-12-26 16:48:55.936725,25138.89,soybean
2024-12-27 16:48:55.936725,25119.48,soybean
2024-12-28 16:48:55.936725,25147.49,soybean
2024-12-29 16:48:55.936725,25170.92,soybean
2024-12-30 16:48:55.936725,25170.64,soybean
2024-12-31 16:48:55.936725,25070.03,soybean
2025-01-01 16:48:55.936725,24864.3,soybean
2025-01-02 16:48:55.936725,24633.02,soybean
2025-01-03 16:48:55.936725,24392.6,soybean
2025-01-04 16:48:55.936725,24184.56,soybean
2025-01-05 16:48:55.936725,24002.2,soybean
2025-01-06 16:48:55.936725,23859.17,soybean
2025-01-07 16:48:55.936725,23750.59,soybean
2025-01-08 16:48:55.936725,23578.32,soybean
2025-01-09 16:48:55.936725,23429.16,soybean
2025-01-10 16:48:55.936725,23259.89,soybean
2025-01-11 16:48:55.936725,23105.06,soybean
2025-01-12 16:48:55.936725,22882.41,soybean
2025-01-13 16:48:55.936725,22701.86,soybean
2025-01-14 16:48:55.936725,22506.74,soybean
2025-01-15 16:48:55.936725,22358.65,soybean
2025-01-16 16:48:55.936725,22160.86,soybean
2025-01-17 16:48:55.936725,21981.51,soybean
2025-01-18 16:48:55.936725,21802.45,soybean
2025-01-19 16:48:55.936725,21633.19,soybean
2025-01-20 16:48:55.936725,21465.32,soybean
2025-01-21 16:48:55.936725,21249.65,soybean
2025-01-22 16:48:55.936725,21050.06,soybean
2025-01-23 16:48:55.936725,20874.55,soybean
2025-01-24 16:48:55.936725,20772.09,soybean
2025-01-25 16:48:55.936725,20684.6,soybean
2025-01-26 16:48:55.936725,20534.85,soybean
2025-01-27 16:48:55.936725,20395.27,soybean
2025-01-28 16:48:55.936725,20257.95,soybean
2025-01-29 16:48:55.936725,20148.8,soybean
2025-01-30 16:48:55.936725,20019.49,soybean
2025-01-31 16:48:55.936725,19723.84,soybean
2025-02-01 16:48:55.936725,19301.14,soybean
2025-02-02 16:48:55.936725,18749.53,soybean
2025-02-03 16:48:55.936725,18284.76,soybean
2025-02-04 16:48:55.936725,17896.94,soybean
2025-02-05 16:48:55.936725,17500.43,soybean
2025-02-06 16:48:55.936725,17118.58,soybean
2025-02-07 16:48:55.936725,16739.2,soybean
2025-02-08 16:48:55.936725,16428.15,soybean
2025-02-09 16:48:55.936725,16103.72,soybean
2025-02-10 16:48:55.936725,15779.35,soybean
2025-02-11 16:48:55.936725,15465.13,soybean
2025-02-12 16:48:55.936725,15175.58,soybean
2025-02-13 16:48:55.936725,14897.38,soybean
2025-02-14 16:48:55.936725,14568.79,soybean
2025-02-15 16:48:55.936725,14189.2,soybean
2025-02-16 16:48:55.936725,13838.13,soybean
2025-02-17 16:48:55.936725,13519.5,soybean
2025-02-18 16:48:55.936725,13285.06,soybean
2025-02-19 16:48:55.936725,13007.93,soybean
2025-02-20 16:48:55.936725,12783.96,soybean
2025-02-21 16:48:55.936725,12542.75,soybean
2025-02-22 16:48:55.936725,12368.12,soybean
2025-02-23 16:48:55.936725,12137.87,soybean
2025-02-24 16:48:55.936725,11897.11,soybean
2025-02-25 16:48:55.936725,11645.15,soybean
2025-02-26 16:48:55.936725,11439.69,soybean
2025-02-27 16:48:55.936725,11208.94,soybean
2025-02-28 16:48:55.936725,10920.78,soybean
2025-03-01 16:48:55.936725,10527.73,soybean
2025-03-02 16:48:55.936725,10090.44,soybean
2025-03-03 16:48:55.936725,9623.36,soybean
2025-03-04 16:48:55.936725,9128.02,soybean
2025-03-05 16:48:55.936725,8642.57,soybean
2025-03-06 16:48:55.936725,8090.82,soybean
2025-03-07 16:48:55.936725,7598.26,soybean
2025-03-08 16:48:55.936725,7104.46,soybean
2025-03-09 16:48:55.936725,6694.68,soybean
2025-03-10 16:48:55.936725,6263.14,soybean
2025-03-11 16:48:55.936725,5829.62,soybean
2025-03-12 16:48:55.936725,5359.67,soybean
2025-03-13 16:48:55.936725,4989.93,soybean
2025-03-14 16:48:55.936725,4655.82,soybean
2025-03-15 16:48:55.936725,4348.05,soybean
2025-03-16 16:48:55.936725,4017.13,soybean
2025-03-17 16:48:55.936725,3654.44,soybean
2025-03-18 16:48:55.936725,3267.31,soybean
2025-03-19 16:48:55.936725,2829.91,soybean
2025-03-20 16:48:55.936725,2463.63,soybean
2025-03-21 16:48:55.936725,2196.19,soybean
2025-03-22 16:48:55.936725,2063.12,soybean
2025-03-23 16:48:55.936725,2000.0,soybean
2025-03-24 16:48:55.936725,2000.0,soybean
2025-03-25 16:48:55.936725,2000.0,soybean
2025-03-26 16:48:55.936725,2000.0,soybean
2025-03-27 16:48:55.936725,2000.0,soybean
2025-03-28 16:48:55.936725,2000.0,soybean
2025-03-29 16:48:55.936725,2000.0,soybean
2025-03-30 16:48:55.936725,2000.0,soybean
2025-03-31 16:48:55.936725,2000.0,soybean
2025-04-01 16:48:55.936725,2000.0,soybean
2025-04-02 16:48:55.936725,2000.0,soybean
2025-04-03 16:48:55.936725,2000.0,soybean
2025-04-04 16:48:55.936725,2000.0,soybean
2025-04-05 16:48:55.936725,2000.0,soybean
2025-04-06 16:48:55.936725,2000.0,soybean
2025-04-07 16:48:55.936725,2000.0,soybean
2025-04-08 16:48:55.936725,2000.0,soybean
2025-04-09 16:48:55.936725,2000.0,soybean
2025-04-10 16:48:55.936725,2000.0,soybean
2025-04-11 16:48:55.936725,2000.0,soybean
2025-04-12 16:48:55.936725,2000.0,soybean
2025-04-13 16:48:55.936725,2000.0,soybean
2025-04-14 16:48:55.936725,2000.0,soybean
2025-04-15 16:48:55.936725,2000.0,soybean
2025-04-16 16:48:55.936725,2000.0,soybean
2025-04-17 16:48:55.936725,2000.0,soybean
2025-04-18 16:48:55.936725,2000.0,soybean
2025-04-19 16:48:55.936725,2000.0,soybean
2025-04-20 16:48:55.936725,2000.0,soybean
2025-04-21 16:48:55.936725,2000.0,soybean
2025-04-22 16:48:55.936725,2000.0,soybean
2025-04-23 16:48:55.936725,2000.0,soybean
2025-04-24 16:48:55.936725,2000.0,soybean
2025-04-25 16:48:55.936725,2000.0,soybean
2025-04-26 16:48:55.936725,2000.0,soybean
2025-04-27 16:48:55.936725,2000.0,soybean
2025-04-28 16:48:55.936725,2000.0,soybean
2025-04-29 16:48:55.936725,2000.0,soybean
2025-04-30 16:48:55.936725,2000.0,soybean
2025-05-01 16:48:55.936725,2000.0,soybean
2025-05-02 16:48:55.936725,2000.0,soybean
2025-05-03 16:48:55.936725,2000.0,soybean
2025-05-04 16:48:55.936725,2000.0,soybean
2025-05-05 16:48:55.936725,2000.0,soybean
2025-05-06 16:48:55.936725,2000.0,soybean
2025-05-07 16:48:55.936725,2000.0,soybean
2025-05-08 16:48:55.936725,2000.0,soybean
2025-05-09 16:48:55.936725,2000.0,soybean
2025-05-10 16:48:55.936725,2000.0,soybean
2025-05-11 16:48:55.936725,2000.0,soybean
2025-05-12 16:48:55.936725,2000.0,soybean
2025-05-13 16:48:55.936725,2000.0,soybean
2025-05-14 16:48:55.936725,2000.0,soybean
2025-05-15 16:48:55.936725,2000.0,soybean
2025-05-16 16:48:55.936725,2000.0,soybean
2025-05-17 16:48:55.936725,2000.0,soybean
2025-05-18 16:48:55.936725,2000.0,soybean
2025-05-19 16:48:55.936725,2000.0,soybean
2025-05-20 16:48:55.936725,2000.0,soybean
2025-05-21 16:48:55.936725,2000.0,soybean
2025-05-22 16:48:55.936725,2000.0,soybean
2025-05-23 16:48:55.936725,2000.0,soybean
2025-05-24 16:48:55.936725,2000.0,soybean
2025-05-25 16:48:55.936725,2000.0,soybean
2025-05-26 16:48:55.936725,2000.0,soybean
2025-05-27 16:48:55.936725,2000.0,soybean
2025-05-28 16:48:55.936725,2000.0,soybean
2025-05-29 16:48:55.936725,2000.0,soybean
2025-05-30 16:48:55.936725,2000.0,soybean
2025-05-31 16:48:55.936725,2000.0,soybean
2025-06-01 16:48:55.936725,2000.0,soybean
2025-06-02 16:48:55.936725,2000.0,soybean
2025-06-03 16:48:55.936725,2000.0,soybean
2025-06-04 16:48:55.936725,2000.0,soybean
2025-06-05 16:48:55.936725,2000.0,soybean
2025-06-06 16:48:55.936725,2000.0,soybean
2025-06-07 16:48:55.936725,2000.0,soybean
2025-06-08 16:48:55.936725,2000.0,soybean
2025-06-09 16:48:55.936725,2000.0,soybean
2025-06-10 16:48:55.936725,2000.0,soybean
2025-06-11 16:48:55.936725,2000.0,soybean
2025-06-12 16:48:55.936725,2000.0,soybean
2025-06-13 16:48:55.936725,2000.0,soybean
2025-06-14 16:48:55.936725,2000.0,soybean
2025-06-15 16:48:55.936725,2000.0,soybean
2025-06-16 16:48:55.936725,2000.0,soybean
2025-06-17 16:48:55.936725,2000.0,soybean
2025-06-18 16:48:55.936725,2000.0,soybean
2025-06-19 16:48:55.936725,2000.0,soybean
2025-06-20 16:48:55.936725,2000.0,soybean
2025-06-21 16:48:55.936725,2000.0,soybean
2025-06-22 16:48:55.936725,2000.0,soybean
2025-06-23 16:48:55.936725,2000.0,soybean
2025-06-24 16:48:55.936725,2000.0,soybean
2025-06-25 16:48:55.936725,2000.0,soybean
2025-06-26 16:48:55.936725,2000.0,soybean
2025-06-27 16:48:55.936725,2000.0,soybean
2025-06-28 16:48:55.936725,2000.0,soybean
2025-06-29 16:48:55.936725,2000.0,soybean
2025-06-30 16:48:55.936725,2000.0,soybean
2025-07-01 16:48:55.936725,2000.0,soybean
2025-07-02 16:48:55.936725,2000.0,soybean
2025-07-03 16:48:55.936725,2000.0,soybean
2025-07-04 16:48:55.936725,2000.0,soybean
2025-07-05 16:48:55.936725,2000.0,soybean
2025-07-06 16:48:55.936725,2000.0,soybean
2025-07-07 16:48:55.936725,2000.0,soybean
2025-07-08 16:48:55.936725,2000.0,soybean
2025-07-09 16:48:55.936725,2000.0,soybean
2025-07-10 16:48:55.936725,2000.0,soybean
2025-07-11 16:48:55.936725,2000.0,soybean
2025-07-12 16:48:55.936725,2000.0,soybean
2025-07-13 16:48:55.936725,2000.0,soybean
2025-07-14 16:48:55.936725,2000.0,soybean
2025-07-15 16:48:55.936725,2000.0,soybean
2025-07-16 16:48:55.936725,2000.0,soybean
2025-07-17 16:48:55.936725,2000.0,soybean
2025-07-18 16:48:55.936725,2000.0,soybean
2025-07-19 16:48:55.936725,2000.0,soybean
2025-07-20 16:48:55.936725,2000.0,soybean
2025-07-21 16:48:55.936725,2000.0,soybean
2025-07-22 16:48:55.936725,2000.0,soybean
2025-07-23 16:48:55.936725,2000.0,soybean
2025-07-24 16:48:55.936725,2000.0,soybean
2025-07-25 16:48:55.936725,2000.0,soybean
2025-07-26 16:48:55.936725,2000.0,soybean
2025-07-27 16:48:55.936725,2000.0,soybean
2025-07-28 16:48:55.936725,2000.0,soybean
2025-07-29 16:48:55.936725,2000.0,soybean
2025-07-30 16:48:55.936725,2000.0,soybean
2025-07-31 16:48:55.936725,2046.61,soybean
2025-08-01 16:48:55.936725,2121.51,soybean
2025-08-02 16:48:55.936725,2192.67,soybean
2025-08-03 16:48:55.936725,2243.7,soybean
2025-08-04 16:48:55.936725,2237.37,soybean
2025-08-05 16:48:55.936725,2280.43,soybean
2025-08-06 16:48:55.936725,2275.77,soybean
2025-08-07 16:48:55.936725,2314.23,soybean
2025-08-08 16:48:55.936725,2323.48,soybean
2025-08-09 16:48:55.936725,2419.97,soybean
2025-08-10 16:48:55.936725,2491.5,soybean
2025-08-11 16:48:55.936725,2556.28,soybean
2025-08-12 16:48:55.936725,2592.97,soybean
2025-08-13 16:48:55.936725,2688.13,soybean
2025-08-14 16:48:55.936725,2762.15,soybean
2025-08-15 16:48:55.936725,2855.98,soybean
2025-08-16 16:48:55.936725,2886.46,soybean
2025-08-17 16:48:55.936725,2913.66,soybean
2025-08-18 16:48:55.936725,2880.82,soybean
2025-08-19 16:48:55.936725,2867.46,soybean
2025-08-20 16:48:55.936725,2851.99,soybean
2025-08-21 16:48:55.936725,2852.89,soybean
2025-08-22 16:48:55.936725,2909.71,soybean
2025-08-23 16:48:55.936725,2999.53,soybean
2025-08-24 16:48:55.936725,3069.24,soybean
2025-08-25 16:48:55.936725,3060.25,soybean
2025-08-26 16:48:55.936725,3054.89,soybean
2025-08-27 16:48:55.936725,3091.39,soybean
2025-08-28 16:48:55.936725,3179.63,soybean
2025-08-29 16:48:55.936725,3334.72,soybean
2025-08-30 16:48:55.936725,3439.61,soybean
2025-08-31 16:48:55.936725,3640.96,soybean
2025-09-01 16:48:55.936725,3910.98,soybean
2025-09-02 16:48:55.936725,4316.14,soybean
2025-09-03 16:48:55.936725,4697.31,soybean
2025-09-04 16:48:55.936725,5067.33,soybean
2025-09-05 16:48:55.936725,5416.83,soybean
2025-09-06 16:48:55.936725,5750.44,soybean
2025-09-07 16:48:55.936725,6067.84,soybean
2025-09-08 16:48:55.936725,6375.66,soybean
2025-09-09 16:48:55.936725,6662.86,soybean
2025-09-10 16:48:55.936725,6907.56,soybean
2025-09-11 16:48:55.936725,7174.68,soybean
2025-09-12 16:48:55.936725,7441.96,soybean
2025-09-13 16:48:55.936725,7720.65,soybean
2025-09-14 16:48:55.936725,7956.89,soybean
2025-09-15 16:48:55.936725,8230.52,soybean
2025-09-16 16:48:55.936725,8489.81,soybean
2025-09-17 16:48:55.936725,8789.91,soybean
2025-09-18 16:48:55.936725,9071.3,soybean
2025-09-19 16:48:55.936725,9407.26,soybean
2025-09-20 16:48:55.936725,9717.53,soybean
2025-09-21 16:48:55.936725,9988.82,soybean
2025-09-22 16:48:55.936725,10192.3,soybean
2025-09-23 16:48:55.936725,10363.37,soybean
2025-09-24 16:48:55.936725,10485.79,soybean
2025-09-25 16:48:55.936725,10576.43,soybean
2025-09-26 16:48:55.936725,10610.55,soybean
2025-09-27 16:48:55.936725,10671.41,soybean
2025-09-28 16:48:55.936725,10716.04,soybean
2025-09-29 16:48:55.936725,10848.53,soybean
2025-09-30 16:48:55.936725,11153.46,soybean
2025-10-01 16:48:55.936725,11588.73,soybean
2025-10-02 16:48:55.936725,12055.03,soybean
2025-10-03 16:48:55.936725,12457.14,soybean
2025-10-04 16:48:55.936725,12832.02,soybean
2025-10-05 16:48:55.936725,13234.32,soybean
2025-10-06 16:48:55.936725,13648.57,soybean
2025-10-07 16:48:55.936725,14077.91,soybean
2025-10-08 16:48:55.936725,14484.2,soybean
2025-10-09 16:48:55.936725,14888.19,soybean
2025-10-10 16:48:55.936725,15231.72,soybean
2025-10-11 16:48:55.936725,15546.96,soybean
2025-10-12 16:48:55.936725,15820.33,soybean
2025-10-13 16:48:55.936725,16137.34,soybean
2025-10-14 16:48:55.936725,16424.73,soybean
2025-10-15 16:48:55.936725,16652.43,soybean
2025-10-16 16:48:55.936725,16844.59,soybean
2025-10-17 16:48:55.936725,17034.29,soybean
2025-10-18 16:48:55.936725,17213.48,soybean
2025-10-19 16:48:55.936725,17396.09,soybean
2025-10-20 16:48:55.936725,17649.66,soybean
2025-10-21 16:48:55.936725,17968.93,soybean
2025-10-22 16:48:55.936725,18299.67,soybean
2025-10-23 16:48:55.936725,18556.18,soybean
2025-10-24 16:48:55.936725,18807.55,soybean
2025-10-25 16:48:55.936725,19045.16,soybean
2025-10-26 16:48:55.936725,19224.81,soybean
2025-10-27 16:48:55.936725,19366.31,soybean
2025-10-28 16:48:55.936725,19523.55,soybean
2025-10-29 16:48:55.936725,19776.46,soybean
2025-10-30 16:48:55.936725,20038.91,soybean
2025-10-31 16:48:55.936725,20317.96,soybean
2025-11-01 16:48:55.936725,20562.43,soybean
2025-11-02 16:48:55.936725,20782.9,soybean
2025-11-03 16:48:55.936725,20916.18,soybean
2025-11-04 16:48:55.936725,21032.2,soybean
2025-11-05 16:48:55.936725,21170.89,soybean
2025-11-06 16:48:55.936725,21347.32,soybean
2025-11-07 16:48:55.936725,21528.36,soybean
2025-11-08 16:48:55.936725,21678.56,soybean
2025-11-09 16:48:55.936725,21840.05,soybean
2025-11-10 16:48:55.936725,22017.72,soybean
2025-11-11 16:48:55.936725,22236.13,soybean
2025-11-12 16:48:55.936725,22434.8,soybean
2025-11-13 16:48:55.936725,22642.54,soybean
2025-11-14 16:48:55.936725,22814.67,soybean
2025-11-15 16:48:55.936725,22935.97,soybean
2025-11-16 16:48:55.936725,23029.53,soybean
2025-11-17 16:48:55.936725,23118.24,soybean
2025-11-18 16:48:55.936725,23240.86,soybean
2025-11-19 16:48:55.936725,23398.04,soybean
2025-11-20 16:48:55.936725,23577.06,soybean
2025-11-21 16:48:55.936725,23723.75,soybean
2025-11-22 16:48:55.936725,23795.75,soybean
2025-11-23 16:48:55.936725,23874.93,soybean
2025-11-24 16:48:55.936725,24010.17,soybean
2025-11-25 16:48:55.936725,24157.64,soybean
2025-11-26 16:48:55.936725,24290.42,soybean
2025-11-27 16:48:55.936725,24377.48,soybean
2025-11-28 16:48:55.936725,24441.18,soybean
2025-11-29 16:48:55.936725,24478.85,soybean
2025-11-30 16:48:55.936725,24518.37,soybean
2025-12-01 16:48:55.936725,24599.41,soybean
2025-12-02 16:48:55.936725,24720.72,soybean
2025-12-03 16:48:55.936725,24821.76,soybean
2025-12-04 16:48:55.936725,24846.8,soybean
2025-12-05 16:48:55.936725,24791.05,soybean
2025-12-06 16:48:55.936725,24731.23,soybean
2025-12-07 16:48:55.936725,24745.11,soybean
2025-12-08 16:48:55.936725,24832.03,soybean
2025-12-09 16:48:55.936725,24968.86,soybean
2025-12-10 16:48:55.936725,25100.61,soybean
2025-12-11 16:48:55.936725,25154.11,soybean
2025-12-12 16:48:55.936725,25113.79,soybean
2025-12-13 16:48:55.936725,25024.6,soybean
2025-12-14 16:48:55.936725,24937.2,soybean
2025-12-15 16:48:55.936725,24897.96,soybean
2025-12-16 16:48:55.936725,24876.83,soybean
2025-12-17 16:48:55.936725,24917.68,soybean
2025-12-18 16:48:55.936725,24960.86,soybean
2025-12-19 16:48:55.936725,24997.74,soybean
2025-12-20 16:48:55.936725,25018.11,soybean
2025-12-21 16:48:55.936725,25028.59,soybean
2025-12-22 16:48:55.936725,25041.88,soybean
2025-12-23 16:48:55.936725,25044.75,soybean
2025-12-24 16:48:55.936725,25013.73,soybean
2025-12-25 16:48:55.936725,25011.95,soybean
2025-12-26 16:48:55.936725,25008.7,soybean
2025-12-27 16:48:55.936725,25019.17,soybean
2025-12-28 16:48:55.936725,24970.97,soybean
2025-12-29 16:48:55.936725,24883.23,soybean
2025-12-30 16:48:55.936725,24818.37,soybean
2025-12-31 16:48:55.936725,24738.77,soybean
2026-01-01 16:48:55.936725,24592.77,soybean
2026-01-02 16:48:55.936725,24349.6,soybean
2026-01-03 16:48:55.936725,24088.4,soybean
2026-01-04 16:48:55.936725,23890.97,soybean
2026-01-05 16:48:55.936725,23699.19,soybean
2026-01-06 16:48:55.936725,23466.61,soybean
2026-01-07 16:48:55.936725,23184.58,soybean
2026-01-08 16:48:55.936725,22970.88,soybean
2026-01-09 16:48:55.936725,22773.73,soybean
2026-01-10 16:48:55.936725,22614.1,soybean
2026-01-11 16:48:55.936725,22405.45,soybean
2026-01-12 16:48:55.936725,22235.45,soybean
2026-01-13 16:48:55.936725,22074.4,soybean
2026-01-14 16:48:55.936725,21909.12,soybean
2026-01-15 16:48:55.936725,21737.29,soybean
2026-01-16 16:48:55.936725,21524.81,soybean
2026-01-17 16:48:55.936725,21342.84,soybean
2026-01-18 16:48:55.936725,21148.59,soybean
2026-01-19 16:48:55.936725,20989.73,soybean
2026-01-20 16:48:55.936725,20810.46,soybean
2026-01-21 16:48:55.936725,20704.04,soybean
2026-01-22 16:48:55.936725,20620.0,soybean
2026-01-23 16:48:55.936725,20529.54,soybean
2026-01-24 16:48:55.936725,20387.04,soybean
2026-01-25 16:48:55.936725,20210.09,soybean
2026-01-26 16:48:55.936725,20056.64,soybean
2026-01-27 16:48:55.936725,19872.45,soybean
2026-01-28 16:48:55.936725,19720.52,soybean
2026-01-29 16:48:55.936725,19630.39,soybean
2026-01-30 16:48:55.936725,19649.84,soybean
2026-01-31 16:48:55.936725,19547.77,soybean
2026-02-01 16:48:55.936725,19262.77,soybean
2026-02-02 16:48:55.936725,18834.5,soybean
2026-02-03 16:48:55.936725,18441.56,soybean
2026-02-04 16:48:55.936725,18077.31,soybean
2026-02-05 16:48:55.936725,17698.49,soybean
2026-02-06 16:48:55.936725,17264.35,soybean
2026-02-07 16:48:55.936725,16865.17,soybean
2026-02-08 16:48:55.936725,16453.0,soybean
2026-02-09 16:48:55.936725,16112.21,soybean
2026-02-10 16:48:55.936725,15766.38,soybean
2026-02-11 16:48:55.936725,15428.46,soybean
2026-02-12 16:48:55.936725,15044.54,soybean
2026-02-13 16:48:55.936725,14704.78,soybean
2026-02-14 16:48:55.936725,14403.84,soybean
2026-02-15 16:48:55.936725,14128.9,soybean
2026-02-16 16:48:55.936725,13762.62,soybean
2026-02-17 16:48:55.936725,13443.36,soybean
2026-02-18 16:48:55.936725,13152.1,soybean
2026-02-19 16:48:55.936725,12960.74,soybean
2026-02-20 16:48:55.936725,12741.0,soybean
2026-02-21 16:48:55.936725,12483.04,soybean
2026-02-22 16:48:55.936725,12213.06,soybean
2026-02-23 16:48:55.936725,11918.89,soybean
2026-02-24 16:48:55.936725,11698.64,soybean
2026-02-25 16:48:55.936725,11484.56,soybean
2026-02-26 16:48:55.936725,11282.83,soybean
2026-02-27 16:48:55.936725,11145.34,soybean
2026-02-28 16:48:55.936725,10927.06,soybean
2026-03-01 16:48:55.936725,10614.86,soybean
2026-03-02 16:48:55.936725,10091.85,soybean
2026-03-03 16:48:55.936725,9599.61,soybean
2026-03-04 16:48:55.936725,9156.65,soybean
2026-03-05 16:48:55.936725,8731.29,soybean
2026-03-06 16:48:55.936725,8253.97,soybean
2026-03-07 16:48:55.936725,7793.02,soybean
2026-03-08 16:48:55.936725,7343.42,soybean
2026-03-09 16:48:55.936725,6889.78,soybean
2026-03-10 16:48:55.936725,6408.55,soybean
2026-03-11 16:48:55.936725,6033.15,soybean
2026-03-12 16:48:55.936725,5732.67,soybean
2026-03-13 16:48:55.936725,5466.46,soybean
2026-03-14 16:48:55.936725,5101.13,soybean
2026-03-15 16:48:55.936725,4733.22,soybean
2026-03-16 16:48:55.936725,4410.41,soybean
2026-03-17 16:48:55.936725,4168.08,soybean
2026-03-18 16:48:55.936725,3924.23,soybean
2026-03-19 16:48:55.936725,3639.43,soybean
2026-03-20 16:48:55.936725,3318.99,soybean
2026-03-21 16:48:55.936725,3014.95,soybean
2026-03-22 16:48:55.936725,2683.07,soybean
2026-03-23 16:48:55.936725,2359.14,soybean
2026-03-24 16:48:55.936725,2113.65,soybean
2026-03-25 16:48:55.936725,2004.61,soybean
2026-03-26 16:48:55.936725,2000.0,soybean
2026-03-27 16:48:55.936725,2000.0,soybean
2026-03-28 16:48:55.936725,2000.0,soybean
2026-03-29 16:48:55.936725,2000.0,soybean
2026-03-30 16:48:55.936725,2000.0,soybean
2026-03-31 16:48:55.936725,2000.0,soybean
2026-04-01 16:48:55.936725,2000.0,soybean
2026-04-02 16:48:55.936725,2000.0,soybean
2026-04-03 16:48:55.936725,2000.0,soybean
2026-04-04 16:48:55.936725,2000.0,soybean
2026-04-05 16:48:55.936725,2000.0,soybean
2026-04-06 16:48:55.936725,2000.0,soybean
2026-04-07 16:48:55.936725,2000.0,soybean
2026-04-08 16:48:55.936725,2000.0,soybean
2026-04-09 16:48:55.936725,2000.0,soybean
2026-04-10 16:48:55.936725,2000.0,soybean
2026-04-11 16:48:55.936725,1333.33,soybean
2023-04-12 16:48:55.946460,240.75,sugarcane
2023-04-13 16:48:55.946460,364.59,sugarcane
2023-04-14 16:48:55.946460,371.62,sugarcane
2023-04-15 16:48:55.946460,379.45,sugarcane
2023-04-16 16:48:55.946460,387.3,sugarcane
2023-04-17 16:48:55.946460,393.44,sugarcane
2023-04-18 16:48:55.946460,399.01,sugarcane
2023-04-19 16:48:55.946460,405.13,sugarcane
2023-04-20 16:48:55.946460,411.81,sugarcane
2023-04-21 16:48:55.946460,418.36,sugarcane
2023-04-22 16:48:55.946460,424.63,sugarcane
2023-04-23 16:48:55.946460,430.41,sugarcane
2023-04-24 16:48:55.946460,437.71,sugarcane
2023-04-25 16:48:55.946460,445.05,sugarcane
2023-04-26 16:48:55.946460,452.52,sugarcane
2023-04-27 16:48:55.946460,457.01,sugarcane
2023-04-28 16:48:55.946460,458.61,sugarcane
2023-04-29 16:48:55.946460,460.36,sugarcane
2023-04-30 16:48:55.946460,461.57,sugarcane
2023-05-01 16:48:55.946460,461.52,sugarcane
2023-05-02 16:48:55.946460,459.13,sugarcane
2023-05-03 16:48:55.946460,455.76,sugarcane
2023-05-04 16:48:55.946460,453.02,sugarcane
2023-05-05 16:48:55.946460,449.88,sugarcane
2023-05-06 16:48:55.946460,445.44,sugarcane
2023-05-07 16:48:55.946460,440.42,sugarcane
2023-05-08 16:48:55.946460,435.65,sugarcane
2023-05-09 16:48:55.946460,432.78,sugarcane
2023-05-10 16:48:55.946460,430.98,sugarcane
2023-05-11 16:48:55.946460,427.6,sugarcane
2023-05-12 16:48:55.946460,423.59,sugarcane
2023-05-13 16:48:55.946460,420.5,sugarcane
2023-05-14 16:48:55.946460,421.26,sugarcane
2023-05-15 16:48:55.946460,422.81,sugarcane
2023-05-16 16:48:55.946460,421.99,sugarcane
2023-05-17 16:48:55.946460,418.73,sugarcane
2023-05-18 16:48:55.946460,415.78,sugarcane
2023-05-19 16:48:55.946460,414.41,sugarcane
2023-05-20 16:48:55.946460,414.51,sugarcane
2023-05-21 16:48:55.946460,414.23,sugarcane
2023-05-22 16:48:55.946460,413.18,sugarcane
2023-05-23 16:48:55.946460,412.21,sugarcane
2023-05-24 16:48:55.946460,409.31,sugarcane
2023-05-25 16:48:55.946460,406.37,sugarcane
2023-05-26 16:48:55.946460,402.9,sugarcane
2023-05-27 16:48:55.946460,400.76,sugarcane
2023-05-28 16:48:55.946460,399.58,sugarcane
2023-05-29 16:48:55.946460,399.52,sugarcane
2023-05-30 16:48:55.946460,399.59,sugarcane
2023-05-31 16:48:55.946460,396.11,sugarcane
2023-06-01 16:48:55.946460,388.94,sugarcane
2023-06-02 16:48:55.946460,380.18,sugarcane
2023-06-03 16:48:55.946460,371.96,sugarcane
2023-06-04 16:48:55.946460,364.52,sugarcane
2023-06-05 16:48:55.946460,356.67,sugarcane
2023-06-06 16:48:55.946460,349.37,sugarcane
2023-06-07 16:48:55.946460,342.46,sugarcane
2023-06-08 16:48:55.946460,336.14,sugarcane
2023-06-09 16:48:55.946460,328.31,sugarcane
2023-06-10 16:48:55.946460,320.0,sugarcane
2023-06-11 16:48:55.946460,310.26,sugarcane
2023-06-12 16:48:55.946460,302.55,sugarcane
2023-06-13 16:48:55.946460,293.82,sugarcane
2023-06-14 16:48:55.946460,285.96,sugarcane
2023-06-15 16:48:55.946460,276.85,sugarcane
2023-06-16 16:48:55.946460,267.71,sugarcane
2023-06-17 16:48:55.946460,259.84,sugarcane
2023-06-18 16:48:55.946460,253.06,sugarcane
2023-06-19 16:48:55.946460,247.05,sugarcane
2023-06-20 16:48:55.946460,239.77,sugarcane
2023-06-21 16:48:55.946460,231.64,sugarcane
2023-06-22 16:48:55.946460,223.21,sugarcane
2023-06-23 16:48:55.946460,215.53,sugarcane
2023-06-24 16:48:55.946460,209.5,sugarcane
2023-06-25 16:48:55.946460,205.04,sugarcane
2023-06-26 16:48:55.946460,201.1,sugarcane
2023-06-27 16:48:55.946460,197.89,sugarcane
2023-06-28 16:48:55.946460,194.26,sugarcane
2023-06-29 16:48:55.946460,190.18,sugarcane
2023-06-30 16:48:55.946460,183.36,sugarcane
2023-07-01 16:48:55.946460,178.09,sugarcane
2023-07-02 16:48:55.946460,175.0,sugarcane
2023-07-03 16:48:55.946460,175.0,sugarcane
2023-07-04 16:48:55.946460,175.0,sugarcane
2023-07-05 16:48:55.946460,175.0,sugarcane
2023-07-06 16:48:55.946460,175.0,sugarcane
2023-07-07 16:48:55.946460,175.0,sugarcane
2023-07-08 16:48:55.946460,175.0,sugarcane
2023-07-09 16:48:55.946460,175.0,sugarcane
2023-07-10 16:48:55.946460,175.0,sugarcane
2023-07-11 16:48:55.946460,175.0,sugarcane
2023-07-12 16:48:55.946460,175.0,sugarcane
2023-07-13 16:48:55.946460,175.0,sugarcane
2023-07-14 16:48:55.946460,175.0,sugarcane
2023-07-15 16:48:55.946460,175.0,sugarcane
2023-07-16 16:48:55.946460,175.0,sugarcane
2023-07-17 16:48:55.946460,175.0,sugarcane
2023-07-18 16:48:55.946460,175.0,sugarcane
2023-07-19 16:48:55.946460,175.0,sugarcane
2023-07-20 16:48:55.946460,175.0,sugarcane
2023-07-21 16:48:55.946460,175.0,sugarcane
2023-07-22 16:48:55.946460,175.0,sugarcane
2023-07-23 16:48:55.946460,175.0,sugarcane
2023-07-24 16:48:55.946460,175.0,sugarcane
2023-07-25 16:48:55.946460,175.0,sugarcane
2023-07-26 16:48:55.946460,175.0,sugarcane
2023-07-27 16:48:55.946460,175.0,sugarcane
2023-07-28 16:48:55.946460,175.0,sugarcane
2023-07-29 16:48:55.946460,175.0,sugarcane
2023-07-30 16:48:55.946460,175.0,sugarcane
2023-07-31 16:48:55.946460,175.0,sugarcane
2023-08-01 16:48:55.946460,175.0,sugarcane
2023-08-02 16:48:55.946460,175.0,sugarcane
2023-08-03 16:48:55.946460,175.0,sugarcane
2023-08-04 16:48:55.946460,175.0,sugarcane
2023-08-05 16:48:55.946460,175.0,sugarcane
2023-08-06 16:48:55.946460,175.0,sugarcane
2023-08-07 16:48:55.946460,175.0,sugarcane
2023-08-08 16:48:55.946460,175.0,sugarcane
2023-08-09 16:48:55.946460,175.0,sugarcane
2023-08-10 16:48:55.946460,175.0,sugarcane
2023-08-11 16:48:55.946460,175.0,sugarcane
2023-08-12 16:48:55.946460,175.0,sugarcane
2023-08-13 16:48:55.946460,175.0,sugarcane
2023-08-14 16:48:55.946460,175.0,sugarcane
2023-08-15 16:48:55.946460,175.0,sugarcane
2023-08-16 16:48:55.946460,175.0,sugarcane
2023-08-17 16:48:55.946460,175.0,sugarcane
2023-08-18 16:48:55.946460,175.0,sugarcane
2023-08-19 16:48:55.946460,175.0,sugarcane
2023-08-20 16:48:55.946460,175.0,sugarcane
2023-08-21 16:48:55.946460,175.0,sugarcane
2023-08-22 16:48:55.946460,175.0,sugarcane
2023-08-23 16:48:55.946460,175.0,sugarcane
2023-08-24 16:48:55.946460,175.0,sugarcane
2023-08-25 16:48:55.946460,175.0,sugarcane
2023-08-26 16:48:55.946460,175.0,sugarcane
2023-08-27 16:48:55.946460,175.0,sugarcane
2023-08-28 16:48:55.946460,175.0,sugarcane
2023-08-29 16:48:55.946460,175.0,sugarcane
2023-08-30 16:48:55.946460,175.0,sugarcane
2023-08-31 16:48:55.946460,175.0,sugarcane
2023-09-01 16:48:55.946460,175.0,sugarcane
2023-09-02 16:48:55.946460,175.0,sugarcane
2023-09-03 16:48:55.946460,175.0,sugarcane
2023-09-04 16:48:55.946460,175.0,sugarcane
2023-09-05 16:48:55.946460,175.0,sugarcane
2023-09-06 16:48:55.946460,175.0,sugarcane
2023-09-07 16:48:55.946460,175.0,sugarcane
2023-09-08 16:48:55.946460,175.0,sugarcane
2023-09-09 16:48:55.946460,175.0,sugarcane
2023-09-10 16:48:55.946460,175.0,sugarcane
2023-09-11 16:48:55.946460,175.0,sugarcane
2023-09-12 16:48:55.946460,175.0,sugarcane
2023-09-13 16:48:55.946460,175.0,sugarcane
2023-09-14 16:48:55.946460,175.0,sugarcane
2023-09-15 16:48:55.946460,175.0,sugarcane
2023-09-16 16:48:55.946460,175.0,sugarcane
2023-09-17 16:48:55.946460,175.0,sugarcane
2023-09-18 16:48:55.946460,175.0,sugarcane
2023-09-19 16:48:55.946460,175.0,sugarcane
2023-09-20 16:48:55.946460,175.0,sugarcane
2023-09-21 16:48:55.946460,175.0,sugarcane
2023-09-22 16:48:55.946460,175.0,sugarcane
2023-09-23 16:48:55.946460,175.0,sugarcane
2023-09-24 16:48:55.946460,175.0,sugarcane
2023-09-25 16:48:55.946460,175.0,sugarcane
2023-09-26 16:48:55.946460,175.0,sugarcane
2023-09-27 16:48:55.946460,175.0,sugarcane
2023-09-28 16:48:55.946460,175.0,sugarcane
2023-09-29 16:48:55.946460,175.0,sugarcane
2023-09-30 16:48:55.946460,175.0,sugarcane
2023-10-01 16:48:55.946460,175.0,sugarcane
2023-10-02 16:48:55.946460,175.0,sugarcane
2023-10-03 16:48:55.946460,175.0,sugarcane
2023-10-04 16:48:55.946460,175.0,sugarcane
2023-10-05 16:48:55.946460,175.0,sugarcane
2023-10-06 16:48:55.946460,175.0,sugarcane
2023-10-07 16:48:55.946460,175.0,sugarcane
2023-10-08 16:48:55.946460,175.0,sugarcane
2023-10-09 16:48:55.946460,175.0,sugarcane
2023-10-10 16:48:55.946460,175.0,sugarcane
2023-10-11 16:48:55.946460,175.7,sugarcane
2023-10-12 16:48:55.946460,176.75,sugarcane
2023-10-13 16:48:55.946460,177.29,sugarcane
2023-10-14 16:48:55.946460,176.58,sugarcane
2023-10-15 16:48:55.946460,175.54,sugarcane
2023-10-16 16:48:55.946460,175.0,sugarcane
2023-10-17 16:48:55.946460,175.0,sugarcane
2023-10-18 16:48:55.946460,175.0,sugarcane
2023-10-19 16:48:55.946460,175.0,sugarcane
2023-10-20 16:48:55.946460,175.0,sugarcane
2023-10-21 16:48:55.946460,175.0,sugarcane
2023-10-22 16:48:55.946460,175.0,sugarcane
2023-10-23 16:48:55.946460,175.0,sugarcane
2023-10-24 16:48:55.946460,175.0,sugarcane
2023-10-25 16:48:55.946460,175.0,sugarcane
2023-10-26 16:48:55.946460,175.0,sugarcane
2023-10-27 16:48:55.946460,175.0,sugarcane
2023-10-28 16:48:55.946460,175.0,sugarcane
2023-10-29 16:48:55.946460,175.0,sugarcane
2023-10-30 16:48:55.946460,175.0,sugarcane
2023-10-31 16:48:55.946460,177.24,sugarcane
2023-11-01 16:48:55.946460,182.18,sugarcane
2023-11-02 16:48:55.946460,190.17,sugarcane
2023-11-03 16:48:55.946460,197.33,sugarcane
2023-11-04 16:48:55.946460,202.66,sugarcane
2023-11-05 16:48:55.946460,206.68,sugarcane
2023-11-06 16:48:55.946460,212.83,sugarcane
2023-11-07 16:48:55.946460,218.36,sugarcane
2023-11-08 16:48:55.946460,222.56,sugarcane
2023-11-09 16:48:55.946460,223.36,sugarcane
2023-11-10 16:48:55.946460,225.17,sugarcane
2023-11-11 16:48:55.946460,228.26,sugarcane
2023-11-12 16:48:55.946460,232.84,sugarcane
2023-11-13 16:48:55.946460,237.6,sugarcane
2023-11-14 16:48:55.946460,242.8,sugarcane
2023-11-15 16:48:55.946460,248.81,sugarcane
2023-11-16 16:48:55.946460,255.15,sugarcane
2023-11-17 16:48:55.946460,259.43,sugarcane
2023-11-18 16:48:55.946460,262.58,sugarcane
2023-11-19 16:48:55.946460,263.84,sugarcane
2023-11-20 16:48:55.946460,268.5,sugarcane
2023-11-21 16:48:55.946460,271.54,sugarcane
2023-11-22 16:48:55.946460,276.17,sugarcane
2023-11-23 16:48:55.946460,277.71,sugarcane
2023-11-24 16:48:55.946460,279.44,sugarcane
2023-11-25 16:48:55.946460,281.34,sugarcane
2023-11-26 16:48:55.946460,284.08,sugarcane
2023-11-27 16:48:55.946460,287.26,sugarcane
2023-11-28 16:48:55.946460,288.9,sugarcane
2023-11-29 16:48:55.946460,289.36,sugarcane
2023-11-30 16:48:55.946460,293.52,sugarcane
2023-12-01 16:48:55.946460,299.93,sugarcane
2023-12-02 16:48:55.946460,310.1,sugarcane
2023-12-03 16:48:55.946460,321.59,sugarcane
2023-12-04 16:48:55.946460,334.46,sugarcane
2023-12-05 16:48:55.946460,345.22,sugarcane
2023-12-06 16:48:55.946460,351.92,sugarcane
2023-12-07 16:48:55.946460,357.59,sugarcane
2023-12-08 16:48:55.946460,363.64,sugarcane
2023-12-09 16:48:55.946460,371.37,sugarcane
2023-12-10 16:48:55.946460,378.58,sugarcane
2023-12-11 16:48:55.946460,384.37,sugarcane
2023-12-12 16:48:55.946460,390.07,sugarcane
2023-12-13 16:48:55.946460,396.48,sugarcane
2023-12-14 16:48:55.946460,405.57,sugarcane
2023-12-15 16:48:55.946460,413.34,sugarcane
2023-12-16 16:48:55.946460,421.03,sugarcane
2023-12-17 16:48:55.946460,429.86,sugarcane
2023-12-18 16:48:55.946460,439.59,sugarcane
2023-12-19 16:48:55.946460,449.8,sugarcane
2023-12-20 16:48:55.946460,456.52,sugarcane
2023-12-21 16:48:55.946460,461.94,sugarcane
2023-12-22 16:48:55.946460,466.17,sugarcane
2023-12-23 16:48:55.946460,470.68,sugarcane
2023-12-24 16:48:55.946460,474.3,sugarcane
2023-12-25 16:48:55.946460,476.5,sugarcane
2023-12-26 16:48:55.946460,479.45,sugarcane
2023-12-27 16:48:55.946460,484.8,sugarcane
2023-12-28 16:48:55.946460,491.65,sugarcane
2023-12-29 16:48:55.946460,498.07,sugarcane
2023-12-30 16:48:55.946460,502.87,sugarcane
2023-12-31 16:48:55.946460,509.44,sugarcane
2024-01-01 16:48:55.946460,518.15,sugarcane
2024-01-02 16:48:55.946460,528.89,sugarcane
2024-01-03 16:48:55.946460,537.85,sugarcane
2024-01-04 16:48:55.946460,545.7,sugarcane
2024-01-05 16:48:55.946460,552.32,sugarcane
2024-01-06 16:48:55.946460,559.39,sugarcane
2024-01-07 16:48:55.946460,567.7,sugarcane
2024-01-08 16:48:55.946460,578.04,sugarcane
2024-01-09 16:48:55.946460,587.39,sugarcane
2024-01-10 16:48:55.946460,594.89,sugarcane
2024-01-11 16:48:55.946460,602.25,sugarcane
2024-01-12 16:48:55.946460,611.96,sugarcane
2024-01-13 16:48:55.946460,622.71,sugarcane
2024-01-14 16:48:55.946460,630.0,sugarcane
2024-01-15 16:48:55.946460,634.9,sugarcane
2024-01-16 16:48:55.946460,638.82,sugarcane
2024-01-17 16:48:55.946460,643.81,sugarcane
2024-01-18 16:48:55.946460,649.39,sugarcane
2024-01-19 16:48:55.946460,655.57,sugarcane
2024-01-20 16:48:55.946460,662.92,sugarcane
2024-01-21 16:48:55.946460,669.9,sugarcane
2024-01-22 16:48:55.946460,673.97,sugarcane
2024-01-23 16:48:55.946460,676.84,sugarcane
2024-01-24 16:48:55.946460,679.36,sugarcane
2024-01-25 16:48:55.946460,684.19,sugarcane
2024-01-26 16:48:55.946460,688.84,sugarcane
2024-01-27 16:48:55.946460,694.6,sugarcane
2024-01-28 16:48:55.946460,701.33,sugarcane
2024-01-29 16:48:55.946460,707.68,sugarcane
2024-01-30 16:48:55.946460,711.93,sugarcane
2024-01-31 16:48:55.946460,715.57,sugarcane
2024-02-01 16:48:55.946460,721.43,sugarcane
2024-02-02 16:48:55.946460,729.11,sugarcane
2024-02-03 16:48:55.946460,736.7,sugarcane
2024-02-04 16:48:55.946460,743.15,sugarcane
2024-02-05 16:48:55.946460,747.9,sugarcane
2024-02-06 16:48:55.946460,751.78,sugarcane
2024-02-07 16:48:55.946460,756.49,sugarcane
2024-02-08 16:48:55.946460,761.19,sugarcane
2024-02-09 16:48:55.946460,766.04,sugarcane
2024-02-10 16:48:55.946460,770.3,sugarcane
2024-02-11 16:48:55.946460,775.84,sugarcane
2024-02-12 16:48:55.946460,781.62,sugarcane
2024-02-13 16:48:55.946460,787.96,sugarcane
2024-02-14 16:48:55.946460,794.89,sugarcane
2024-02-15 16:48:55.946460,799.98,sugarcane
2024-02-16 16:48:55.946460,801.95,sugarcane
2024-02-17 16:48:55.946460,803.37,sugarcane
2024-02-18 16:48:55.946460,805.93,sugarcane
2024-02-19 16:48:55.946460,809.59,sugarcane
2024-02-20 16:48:55.946460,812.82,sugarcane
2024-02-21 16:48:55.946460,817.14,sugarcane
2024-02-22 16:48:55.946460,820.97,sugarcane
2024-02-23 16:48:55.946460,823.07,sugarcane
2024-02-24 16:48:55.946460,824.68,sugarcane
2024-02-25 16:48:55.946460,826.27,sugarcane
2024-02-26 16:48:55.946460,829.46,sugarcane
2024-02-27 16:48:55.946460,831.36,sugarcane
2024-02-28 16:48:55.946460,834.22,sugarcane
2024-02-29 16:48:55.946460,836.65,sugarcane
2024-03-01 16:48:55.946460,838.56,sugarcane
2024-03-02 16:48:55.946460,839.2,sugarcane
2024-03-03 16:48:55.946460,838.52,sugarcane
2024-03-04 16:48:55.946460,839.02,sugarcane
2024-03-05 16:48:55.946460,839.74,sugarcane
2024-03-06 16:48:55.946460,842.2,sugarcane
2024-03-07 16:48:55.946460,844.76,sugarcane
2024-03-08 16:48:55.946460,846.93,sugarcane
2024-03-09 16:48:55.946460,848.51,sugarcane
2024-03-10 16:48:55.946460,850.13,sugarcane
2024-03-11 16:48:55.946460,850.87,sugarcane
2024-03-12 16:48:55.946460,850.64,sugarcane
2024-03-13 16:48:55.946460,849.51,sugarcane
2024-03-14 16:48:55.946460,850.86,sugarcane
2024-03-15 16:48:55.946460,851.11,sugarcane
2024-03-16 16:48:55.946460,851.36,sugarcane
2024-03-17 16:48:55.946460,851.42,sugarcane
2024-03-18 16:48:55.946460,852.93,sugarcane
2024-03-19 16:48:55.946460,855.65,sugarcane
2024-03-20 16:48:55.946460,856.32,sugarcane
2024-03-21 16:48:55.946460,856.98,sugarcane
2024-03-22 16:48:55.946460,855.41,sugarcane
2024-03-23 16:48:55.946460,855.11,sugarcane
2024-03-24 16:48:55.946460,855.14,sugarcane
2024-03-25 16:48:55.946460,854.97,sugarcane
2024-03-26 16:48:55.946460,854.58,sugarcane
2024-03-27 16:48:55.946460,853.12,sugarcane
2024-03-28 16:48:55.946460,851.97,sugarcane
2024-03-29 16:48:55.946460,851.25,sugarcane
2024-03-30 16:48:55.946460,851.64,sugarcane
2024-03-31 16:48:55.946460,850.91,sugarcane
2024-04-01 16:48:55.946460,847.89,sugarcane
2024-04-02 16:48:55.946460,841.05,sugarcane
2024-04-03 16:48:55.946460,832.79,sugarcane
2024-04-04 16:48:55.946460,824.29,sugarcane
2024-04-05 16:48:55.946460,815.97,sugarcane
2024-04-06 16:48:55.946460,809.92,sugarcane
2024-04-07 16:48:55.946460,803.54,sugarcane
2024-04-08 16:48:55.946460,798.12,sugarcane
2024-04-09 16:48:55.946460,792.23,sugarcane
2024-04-10 16:48:55.946460,787.47,sugarcane
2024-04-11 16:48:55.946460,783.55,sugarcane
2024-04-12 16:48:55.946460,778.56,sugarcane
2024-04-13 16:48:55.946460,772.77,sugarcane
2024-04-14 16:48:55.946460,767.8,sugarcane
2024-04-15 16:48:55.946460,765.21,sugarcane
2024-04-16 16:48:55.946460,764.75,sugarcane
2024-04-17 16:48:55.946460,765.16,sugarcane
2024-04-18 16:48:55.946460,762.92,sugarcane
2024-04-19 16:48:55.946460,759.78,sugarcane
2024-04-20 16:48:55.946460,755.54,sugarcane
2024-04-21 16:48:55.946460,753.2,sugarcane
2024-04-22 16:48:55.946460,750.07,sugarcane
2024-04-23 16:48:55.946460,746.04,sugarcane
2024-04-24 16:48:55.946460,741.86,sugarcane
2024-04-25 16:48:55.946460,736.76,sugarcane
2024-04-26 16:48:55.946460,731.5,sugarcane
2024-04-27 16:48:55.946460,727.12,sugarcane
2024-04-28 16:48:55.946460,724.21,sugarcane
2024-04-29 16:48:55.946460,723.27,sugarcane
2024-04-30 16:48:55.946460,718.39,sugarcane
2024-05-01 16:48:55.946460,710.83,sugarcane
2024-05-02 16:48:55.946460,700.7,sugarcane
2024-05-03 16:48:55.946460,691.28,sugarcane
2024-05-04 16:48:55.946460,683.12,sugarcane
2024-05-05 16:48:55.946460,675.67,sugarcane
2024-05-06 16:48:55.946460,667.33,sugarcane
2024-05-07 16:48:55.946460,659.02,sugarcane
2024-05-08 16:48:55.946460,649.73,sugarcane
2024-05-09 16:48:55.946460,642.28,sugarcane
2024-05-10 16:48:55.946460,633.59,sugarcane
2024-05-11 16:48:55.946460,625.31,sugarcane
2024-05-12 16:48:55.946460,614.98,sugarcane
2024-05-13 16:48:55.946460,605.18,sugarcane
2024-05-14 16:48:55.946460,594.35,sugarcane
2024-05-15 16:48:55.946460,585.57,sugarcane
2024-05-16 16:48:55.946460,578.74,sugarcane
2024-05-17 16:48:55.946460,573.26,sugarcane
2024-05-18 16:48:55.946460,566.54,sugarcane
2024-05-19 16:48:55.946460,559.79,sugarcane
2024-05-20 16:48:55.946460,552.14,sugarcane
2024-05-21 16:48:55.946460,547.84,sugarcane
2024-05-22 16:48:55.946460,542.79,sugarcane
2024-05-23 16:48:55.946460,538.52,sugarcane
2024-05-24 16:48:55.946460,532.49,sugarcane
2024-05-25 16:48:55.946460,527.24,sugarcane
2024-05-26 16:48:55.946460,522.86,sugarcane
2024-05-27 16:48:55.946460,517.41,sugarcane
2024-05-28 16:48:55.946460,510.03,sugarcane
2024-05-29 16:48:55.946460,502.97,sugarcane
2024-05-30 16:48:55.946460,499.03,sugarcane
2024-05-31 16:48:55.946460,495.26,sugarcane
2024-06-01 16:48:55.946460,489.27,sugarcane
2024-06-02 16:48:55.946460,481.15,sugarcane
2024-06-03 16:48:55.946460,471.5,sugarcane
2024-06-04 16:48:55.946460,460.71,sugarcane
2024-06-05 16:48:55.946460,448.64,sugarcane
2024-06-06 16:48:55.946460,437.24,sugarcane
2024-06-07 16:48:55.946460,427.26,sugarcane
2024-06-08 16:48:55.946460,417.21,sugarcane
2024-06-09 16:48:55.946460,407.0,sugarcane
2024-06-10 16:48:55.946460,397.8,sugarcane
2024-06-11 16:48:55.946460,388.83,sugarcane
2024-06-12 16:48:55.946460,380.71,sugarcane
2024-06-13 16:48:55.946460,371.78,sugarcane
2024-06-14 16:48:55.946460,364.58,sugarcane
2024-06-15 16:48:55.946460,356.6,sugarcane
2024-06-16 16:48:55.946460,348.78,sugarcane
2024-06-17 16:48:55.946460,339.74,sugarcane
2024-06-18 16:48:55.946460,331.67,sugarcane
2024-06-19 16:48:55.946460,324.18,sugarcane
2024-06-20 16:48:55.946460,316.37,sugarcane
2024-06-21 16:48:55.946460,309.56,sugarcane
2024-06-22 16:48:55.946460,301.71,sugarcane
2024-06-23 16:48:55.946460,294.71,sugarcane
2024-06-24 16:48:55.946460,287.72,sugarcane
2024-06-25 16:48:55.946460,280.92,sugarcane
2024-06-26 16:48:55.946460,275.03,sugarcane
2024-06-27 16:48:55.946460,268.99,sugarcane
2024-06-28 16:48:55.946460,263.0,sugarcane
2024-06-29 16:48:55.946460,255.28,sugarcane
2024-06-30 16:48:55.946460,245.74,sugarcane
2024-07-01 16:48:55.946460,235.93,sugarcane
2024-07-02 16:48:55.946460,226.45,sugarcane
2024-07-03 16:48:55.946460,215.15,sugarcane
2024-07-04 16:48:55.946460,203.68,sugarcane
2024-07-05 16:48:55.946460,191.8,sugarcane
2024-07-06 16:48:55.946460,183.13,sugarcane
2024-07-07 16:48:55.946460,177.52,sugarcane
2024-07-08 16:48:55.946460,175.0,sugarcane
2024-07-09 16:48:55.946460,175.0,sugarcane
2024-07-10 16:48:55.946460,175.0,sugarcane
2024-07-11 16:48:55.946460,175.0,sugarcane
2024-07-12 16:48:55.946460,175.0,sugarcane
2024-07-13 16:48:55.946460,175.0,sugarcane
2024-07-14 16:48:55.946460,175.0,sugarcane
2024-07-15 16:48:55.946460,175.0,sugarcane
2024-07-16 16:48:55.946460,175.0,sugarcane
2024-07-17 16:48:55.946460,175.0,sugarcane
2024-07-18 16:48:55.946460,175.0,sugarcane
2024-07-19 16:48:55.946460,175.0,sugarcane
2024-07-20 16:48:55.946460,175.0,sugarcane
2024-07-21 16:48:55.946460,175.0,sugarcane
2024-07-22 16:48:55.946460,175.0,sugarcane
2024-07-23 16:48:55.946460,175.0,sugarcane
2024-07-24 16:48:55.946460,175.0,sugarcane
2024-07-25 16:48:55.946460,175.0,sugarcane
2024-07-26 16:48:55.946460,175.0,sugarcane
2024-07-27 16:48:55.946460,175.0,sugarcane
2024-07-28 16:48:55.946460,175.0,sugarcane
2024-07-29 16:48:55.946460,175.0,sugarcane
2024-07-30 16:48:55.946460,175.0,sugarcane
2024-07-31 16:48:55.946460,175.0,sugarcane
2024-08-01 16:48:55.946460,175.0,sugarcane
2024-08-02 16:48:55.946460,175.0,sugarcane
2024-08-03 16:48:55.946460,175.0,sugarcane
2024-08-04 16:48:55.946460,175.0,sugarcane
2024-08-05 16:48:55.946460,175.0,sugarcane
2024-08-06 16:48:55.946460,175.0,sugarcane
2024-08-07 16:48:55.946460,175.0,sugarcane
2024-08-08 16:48:55.946460,175.0,sugarcane
2024-08-09 16:48:55.946460,175.0,sugarcane
2024-08-10 16:48:55.946460,175.0,sugarcane
2024-08-11 16:48:55.946460,175.0,sugarcane
2024-08-12 16:48:55.946460,175.0,sugarcane
2024-08-13 16:48:55.946460,175.0,sugarcane
2024-08-14 16:48:55.946460,175.0,sugarcane
2024-08-15 16:48:55.946460,175.0,sugarcane
2024-08-16 16:48:55.946460,175.0,sugarcane
2024-08-17 16:48:55.946460,175.0,sugarcane
2024-08-18 16:48:55.946460,175.0,sugarcane
2024-08-19 16:48:55.946460,175.0,sugarcane
2024-08-20 16:48:55.946460,175.0,sugarcane
2024-08-21 16:48:55.946460,175.0,sugarcane
2024-08-22 16:48:55.946460,175.0,sugarcane
2024-08-23 16:48:55.946460,175.0,sugarcane
2024-08-24 16:48:55.946460,175.0,sugarcane
2024-08-25 16:48:55.946460,175.0,sugarcane
2024-08-26 16:48:55.946460,175.0,sugarcane
2024-08-27 16:48:55.946460,175.0,sugarcane
2024-08-28 16:48:55.946460,175.0,sugarcane
2024-08-29 16:48:55.946460,175.0,sugarcane
2024-08-30 16:48:55.946460,175.0,sugarcane
2024-08-31 16:48:55.946460,175.0,sugarcane
2024-09-01 16:48:55.946460,175.0,sugarcane
2024-09-02 16:48:55.946460,175.0,sugarcane
2024-09-03 16:48:55.946460,175.0,sugarcane
2024-09-04 16:48:55.946460,175.0,sugarcane
2024-09-05 16:48:55.946460,175.0,sugarcane
2024-09-06 16:48:55.946460,175.0,sugarcane
2024-09-07 16:48:55.946460,175.0,sugarcane
2024-09-08 16:48:55.946460,175.0,sugarcane
2024-09-09 16:48:55.946460,175.0,sugarcane
2024-09-10 16:48:55.946460,175.0,sugarcane
2024-09-11 16:48:55.946460,175.0,sugarcane
2024-09-12 16:48:55.946460,175.0,sugarcane
2024-09-13 16:48:55.946460,175.0,sugarcane
2024-09-14 16:48:55.946460,175.0,sugarcane
2024-09-15 16:48:55.946460,175.0,sugarcane
2024-09-16 16:48:55.946460,175.0,sugarcane
2024-09-17 16:48:55.946460,175.0,sugarcane
2024-09-18 16:48:55.946460,175.0,sugarcane
2024-09-19 16:48:55.946460,175.0,sugarcane
2024-09-20 16:48:55.946460,175.0,sugarcane
2024-09-21 16:48:55.946460,175.0,sugarcane
2024-09-22 16:48:55.946460,175.0,sugarcane
2024-09-23 16:48:55.946460,175.0,sugarcane
2024-09-24 16:48:55.946460,175.0,sugarcane
2024-09-25 16:48:55.946460,175.0,sugarcane
2024-09-26 16:48:55.946460,175.0,sugarcane
2024-09-27 16:48:55.946460,175.0,sugarcane
2024-09-28 16:48:55.946460,175.0,sugarcane
2024-09-29 16:48:55.946460,175.0,sugarcane
2024-09-30 16:48:55.946460,175.0,sugarcane
2024-10-01 16:48:55.946460,175.46,sugarcane
2024-10-02 16:48:55.946460,175.46,sugarcane
2024-10-03 16:48:55.946460,175.46,sugarcane
2024-10-04 16:48:55.946460,175.0,sugarcane
2024-10-05 16:48:55.946460,175.0,sugarcane
2024-10-06 16:48:55.946460,175.0,sugarcane
2024-10-07 16:48:55.946460,175.0,sugarcane
2024-10-08 16:48:55.946460,175.51,sugarcane
2024-10-09 16:48:55.946460,175.51,sugarcane
2024-10-10 16:48:55.946460,175.51,sugarcane
2024-10-11 16:48:55.946460,175.0,sugarcane
2024-10-12 16:48:55.946460,175.0,sugarcane
2024-10-13 16:48:55.946460,175.0,sugarcane
2024-10-14 16:48:55.946460,175.0,sugarcane
2024-10-15 16:48:55.946460,175.0,sugarcane
2024-10-16 16:48:55.946460,175.0,sugarcane
2024-10-17 16:48:55.946460,175.0,sugarcane
2024-10-18 16:48:55.946460,175.0,sugarcane
2024-10-19 16:48:55.946460,175.53,sugarcane
2024-10-20 16:48:55.946460,175.66,sugarcane
2024-10-21 16:48:55.946460,175.66,sugarcane
2024-10-22 16:48:55.946460,175.44,sugarcane
2024-10-23 16:48:55.946460,175.31,sugarcane
2024-10-24 16:48:55.946460,175.31,sugarcane
2024-10-25 16:48:55.946460,175.0,sugarcane
2024-10-26 16:48:55.946460,175.0,sugarcane
2024-10-27 16:48:55.946460,175.0,sugarcane
2024-10-28 16:48:55.946460,175.0,sugarcane
2024-10-29 16:48:55.946460,175.08,sugarcane
2024-10-30 16:48:55.946460,175.08,sugarcane
2024-10-31 16:48:55.946460,178.74,sugarcane
2024-11-01 16:48:55.946460,186.06,sugarcane
2024-11-02 16:48:55.946460,196.24,sugarcane
2024-11-03 16:48:55.946460,203.48,sugarcane
2024-11-04 16:48:55.946460,208.28,sugarcane
2024-11-05 16:48:55.946460,211.79,sugarcane
2024-11-06 16:48:55.946460,214.52,sugarcane
2024-11-07 16:48:55.946460,216.21,sugarcane
2024-11-08 16:48:55.946460,216.78,sugarcane
2024-11-09 16:48:55.946460,218.28,sugarcane
2024-11-10 16:48:55.946460,221.07,sugarcane
2024-11-11 16:48:55.946460,225.87,sugarcane
2024-11-12 16:48:55.946460,231.68,sugarcane
2024-11-13 16:48:55.946460,237.11,sugarcane
2024-11-14 16:48:55.946460,242.45,sugarcane
2024-11-15 16:48:55.946460,246.21,sugarcane
2024-11-16 16:48:55.946460,250.66,sugarcane
2024-11-17 16:48:55.946460,252.99,sugarcane
2024-11-18 16:48:55.946460,256.56,sugarcane
2024-11-19 16:48:55.946460,260.16,sugarcane
2024-11-20 16:48:55.946460,266.16,sugarcane
2024-11-21 16:48:55.946460,270.09,sugarcane
2024-11-22 16:48:55.946460,272.75,sugarcane
2024-11-23 16:48:55.946460,273.78,sugarcane
2024-11-24 16:48:55.946460,274.23,sugarcane
2024-11-25 16:48:55.946460,275.1,sugarcane
2024-11-26 16:48:55.946460,275.22,sugarcane
2024-11-27 16:48:55.946460,277.43,sugarcane
2024-11-28 16:48:55.946460,279.78,sugarcane
2024-11-29 16:48:55.946460,282.72,sugarcane
2024-11-30 16:48:55.946460,287.85,sugarcane
2024-12-01 16:48:55.946460,295.61,sugarcane
2024-12-02 16:48:55.946460,305.78,sugarcane
2024-12-03 16:48:55.946460,316.26,sugarcane
2024-12-04 16:48:55.946460,325.86,sugarcane
2024-12-05 16:48:55.946460,335.52,sugarcane
2024-12-06 16:48:55.946460,346.14,sugarcane
2024-12-07 16:48:55.946460,357.0,sugarcane
2024-12-08 16:48:55.946460,368.02,sugarcane
2024-12-09 16:48:55.946460,377.16,sugarcane
2024-12-10 16:48:55.946460,386.02,sugarcane
2024-12-11 16:48:55.946460,394.15,sugarcane
2024-12-12 16:48:55.946460,401.76,sugarcane
2024-12-13 16:48:55.946460,409.12,sugarcane
2024-12-14 16:48:55.946460,416.31,sugarcane
2024-12-15 16:48:55.946460,422.31,sugarcane
2024-12-16 16:48:55.946460,428.63,sugarcane
2024-12-17 16:48:55.946460,435.5,sugarcane
2024-12-18 16:48:55.946460,443.54,sugarcane
2024-12-19 16:48:55.946460,451.72,sugarcane
2024-12-20 16:48:55.946460,456.42,sugarcane
2024-12-21 16:48:55.946460,461.57,sugarcane
2024-12-22 16:48:55.946460,465.31,sugarcane
2024-12-23 16:48:55.946460,471.6,sugarcane
2024-12-24 16:48:55.946460,478.02,sugarcane
2024-12-25 16:48:55.946460,483.45,sugarcane
2024-12-26 16:48:55.946460,488.91,sugarcane
2024-12-27 16:48:55.946460,492.82,sugarcane
2024-12-28 16:48:55.946460,498.52,sugarcane
2024-12-29 16:48:55.946460,504.54,sugarcane
2024-12-30 16:48:55.946460,509.41,sugarcane
2024-12-31 16:48:55.946460,516.55,sugarcane
2025-01-01 16:48:55.946460,523.74,sugarcane
2025-01-02 16:48:55.946460,534.13,sugarcane
2025-01-03 16:48:55.946460,543.08,sugarcane
2025-01-04 16:48:55.946460,552.72,sugarcane
2025-01-05 16:48:55.946460,563.5,sugarcane
2025-01-06 16:48:55.946460,573.2,sugarcane
2025-01-07 16:48:55.946460,583.88,sugarcane
2025-01-08 16:48:55.946460,592.11,sugarcane
2025-01-09 16:48:55.946460,599.71,sugarcane
2025-01-10 16:48:55.946460,606.42,sugarcane
2025-01-11 16:48:55.946460,615.18,sugarcane
2025-01-12 16:48:55.946460,624.87,sugarcane
2025-01-13 16:48:55.946460,631.53,sugarcane
2025-01-14 16:48:55.946460,635.38,sugarcane
2025-01-15 16:48:55.946460,638.28,sugarcane
2025-01-16 16:48:55.946460,643.41,sugarcane
2025-01-17 16:48:55.946460,648.5,sugarcane
2025-01-18 16:48:55.946460,654.98,sugarcane
2025-01-19 16:48:55.946460,660.38,sugarcane
2025-01-20 16:48:55.946460,666.6,sugarcane
2025-01-21 16:48:55.946460,671.22,sugarcane
2025-01-22 16:48:55.946460,675.89,sugarcane
2025-01-23 16:48:55.946460,681.13,sugarcane
2025-01-24 16:48:55.946460,688.53,sugarcane
2025-01-25 16:48:55.946460,696.96,sugarcane
2025-01-26 16:48:55.946460,704.81,sugarcane
2025-01-27 16:48:55.946460,710.23,sugarcane
2025-01-28 16:48:55.946460,715.79,sugarcane
2025-01-29 16:48:55.946460,721.52,sugarcane
2025-01-30 16:48:55.946460,727.18,sugarcane
2025-01-31 16:48:55.946460,732.63,sugarcane
2025-02-01 16:48:55.946460,737.66,sugarcane
2025-02-02 16:48:55.946460,743.85,sugarcane
2025-02-03 16:48:55.946460,750.38,sugarcane
2025-02-04 16:48:55.946460,756.95,sugarcane
2025-02-05 16:48:55.946460,763.77,sugarcane
2025-02-06 16:48:55.946460,768.0,sugarcane
2025-02-07 16:48:55.946460,773.11,sugarcane
2025-02-08 16:48:55.946460,776.76,sugarcane
2025-02-09 16:48:55.946460,782.69,sugarcane
2025-02-10 16:48:55.946460,788.85,sugarcane
2025-02-11 16:48:55.946460,795.9,sugarcane
2025-02-12 16:48:55.946460,800.95,sugarcane
2025-02-13 16:48:55.946460,803.39,sugarcane
2025-02-14 16:48:55.946460,805.35,sugarcane
2025-02-15 16:48:55.946460,807.95,sugarcane
2025-02-16 16:48:55.946460,811.23,sugarcane
2025-02-17 16:48:55.946460,813.51,sugarcane
2025-02-18 16:48:55.946460,816.23,sugarcane
2025-02-19 16:48:55.946460,821.78,sugarcane
2025-02-20 16:48:55.946460,828.81,sugarcane
2025-02-21 16:48:55.946460,835.47,sugarcane
2025-02-22 16:48:55.946460,840.35,sugarcane
2025-02-23 16:48:55.946460,844.6,sugarcane
2025-02-24 16:48:55.946460,846.88,sugarcane
2025-02-25 16:48:55.946460,848.65,sugarcane
2025-02-26 16:48:55.946460,851.55,sugarcane
2025-02-27 16:48:55.946460,855.05,sugarcane
2025-02-28 16:48:55.946460,855.55,sugarcane
2025-03-01 16:48:55.946460,853.54,sugarcane
2025-03-02 16:48:55.946460,850.23,sugarcane
2025-03-03 16:48:55.946460,849.69,sugarcane
2025-03-04 16:48:55.946460,849.83,sugarcane
2025-03-05 16:48:55.946460,849.64,sugarcane
2025-03-06 16:48:55.946460,850.22,sugarcane
2025-03-07 16:48:55.946460,850.34,sugarcane
2025-03-08 16:48:55.946460,852.73,sugarcane
2025-03-09 16:48:55.946460,853.07,sugarcane
2025-03-10 16:48:55.946460,853.4,sugarcane
2025-03-11 16:48:55.946460,852.45,sugarcane
2025-03-12 16:48:55.946460,852.47,sugarcane
2025-03-13 16:48:55.946460,853.56,sugarcane
2025-03-14 16:48:55.946460,855.59,sugarcane
2025-03-15 16:48:55.946460,856.45,sugarcane
2025-03-16 16:48:55.946460,856.14,sugarcane
2025-03-17 16:48:55.946460,856.64,sugarcane
2025-03-18 16:48:55.946460,859.1,sugarcane
2025-03-19 16:48:55.946460,860.38,sugarcane
2025-03-20 16:48:55.946460,861.32,sugarcane
2025-03-21 16:48:55.946460,861.11,sugarcane
2025-03-22 16:48:55.946460,861.41,sugarcane
2025-03-23 16:48:55.946460,860.07,sugarcane
2025-03-24 16:48:55.946460,857.82,sugarcane
2025-03-25 16:48:55.946460,855.31,sugarcane
2025-03-26 16:48:55.946460,854.36,sugarcane
2025-03-27 16:48:55.946460,854.72,sugarcane
2025-03-28 16:48:55.946460,855.65,sugarcane
2025-03-29 16:48:55.946460,856.96,sugarcane
2025-03-30 16:48:55.946460,858.7,sugarcane
2025-03-31 16:48:55.946460,860.32,sugarcane
2025-04-01 16:48:55.946460,859.97,sugarcane
2025-04-02 16:48:55.946460,856.15,sugarcane
2025-04-03 16:48:55.946460,850.29,sugarcane
2025-04-04 16:48:55.946460,844.67,sugarcane
2025-04-05 16:48:55.946460,840.19,sugarcane
2025-04-06 16:48:55.946460,835.83,sugarcane
2025-04-07 16:48:55.946460,830.27,sugarcane
2025-04-08 16:48:55.946460,825.81,sugarcane
2025-04-09 16:48:55.946460,821.94,sugarcane
2025-04-10 16:48:55.946460,818.14,sugarcane
2025-04-11 16:48:55.946460,812.37,sugarcane
2025-04-12 16:48:55.946460,806.77,sugarcane
2025-04-13 16:48:55.946460,801.51,sugarcane
2025-04-14 16:48:55.946460,798.18,sugarcane
2025-04-15 16:48:55.946460,794.66,sugarcane
2025-04-16 16:48:55.946460,790.54,sugarcane
2025-04-17 16:48:55.946460,783.73,sugarcane
2025-04-18 16:48:55.946460,777.5,sugarcane
2025-04-19 16:48:55.946460,772.52,sugarcane
2025-04-20 16:48:55.946460,768.3,sugarcane
2025-04-21 16:48:55.946460,764.74,sugarcane
2025-04-22 16:48:55.946460,760.7,sugarcane
2025-04-23 16:48:55.946460,756.69,sugarcane
2025-04-24 16:48:55.946460,752.17,sugarcane
2025-04-25 16:48:55.946460,747.4,sugarcane
2025-04-26 16:48:55.946460,741.72,sugarcane
2025-04-27 16:48:55.946460,736.62,sugarcane
2025-04-28 16:48:55.946460,733.25,sugarcane
2025-04-29 16:48:55.946460,730.41,sugarcane
2025-04-30 16:48:55.946460,723.51,sugarcane
2025-05-01 16:48:55.946460,714.08,sugarcane
2025-05-02 16:48:55.946460,702.81,sugarcane
2025-05-03 16:48:55.946460,692.73,sugarcane
2025-05-04 16:48:55.946460,681.84,sugarcane
2025-05-05 16:48:55.946460,672.15,sugarcane
2025-05-06 16:48:55.946460,663.1,sugarcane
2025-05-07 16:48:55.946460,654.5,sugarcane
2025-05-08 16:48:55.946460,646.36,sugarcane
2025-05-09 16:48:55.946460,638.92,sugarcane
2025-05-10 16:48:55.946460,631.67,sugarcane
2025-05-11 16:48:55.946460,622.94,sugarcane
2025-05-12 16:48:55.946460,614.21,sugarcane
2025-05-13 16:48:55.946460,606.54,sugarcane
2025-05-14 16:48:55.946460,599.8,sugarcane
2025-05-15 16:48:55.946460,594.51,sugarcane
2025-05-16 16:48:55.946460,589.21,sugarcane
2025-05-17 16:48:55.946460,585.67,sugarcane
2025-05-18 16:48:55.946460,580.09,sugarcane
2025-05-19 16:48:55.946460,574.42,sugarcane
2025-05-20 16:48:55.946460,568.5,sugarcane
2025-05-21 16:48:55.946460,563.05,sugarcane
2025-05-22 16:48:55.946460,558.09,sugarcane
2025-05-23 16:48:55.946460,553.63,sugarcane
2025-05-24 16:48:55.946460,550.07,sugarcane
2025-05-25 16:48:55.946460,545.76,sugarcane
2025-05-26 16:48:55.946460,541.74,sugarcane
2025-05-27 16:48:55.946460,538.38,sugarcane
2025-05-28 16:48:55.946460,533.86,sugarcane
2025-05-29 16:48:55.946460,526.57,sugarcane
2025-05-30 16:48:55.946460,520.51,sugarcane
2025-05-31 16:48:55.946460,513.28,sugarcane
2025-06-01 16:48:55.946460,506.52,sugarcane
2025-06-02 16:48:55.946460,495.18,sugarcane
2025-06-03 16:48:55.946460,484.52,sugarcane
2025-06-04 16:48:55.946460,472.33,sugarcane
2025-06-05 16:48:55.946460,458.56,sugarcane
2025-06-06 16:48:55.946460,447.21,sugarcane
2025-06-07 16:48:55.946460,436.62,sugarcane
2025-06-08 16:48:55.946460,427.91,sugarcane
2025-06-09 16:48:55.946460,416.16,sugarcane
2025-06-10 16:48:55.946460,405.31,sugarcane
2025-06-11 16:48:55.946460,394.63,sugarcane
2025-06-12 16:48:55.946460,385.56,sugarcane
2025-06-13 16:48:55.946460,377.48,sugarcane
2025-06-14 16:48:55.946460,368.44,sugarcane
2025-06-15 16:48:55.946460,360.47,sugarcane
2025-06-16 16:48:55.946460,351.87,sugarcane
2025-06-17 16:48:55.946460,343.3,sugarcane
2025-06-18 16:48:55.946460,332.7,sugarcane
2025-06-19 16:48:55.946460,321.23,sugarcane
2025-06-20 16:48:55.946460,311.65,sugarcane
2025-06-21 16:48:55.946460,303.89,sugarcane
2025-06-22 16:48:55.946460,298.24,sugarcane
2025-06-23 16:48:55.946460,294.23,sugarcane
2025-06-24 16:48:55.946460,290.32,sugarcane
2025-06-25 16:48:55.946460,286.66,sugarcane
2025-06-26 16:48:55.946460,281.98,sugarcane
2025-06-27 16:48:55.946460,277.43,sugarcane
2025-06-28 16:48:55.946460,271.42,sugarcane
2025-06-29 16:48:55.946460,264.2,sugarcane
2025-06-30 16:48:55.946460,254.79,sugarcane
2025-07-01 16:48:55.946460,243.71,sugarcane
2025-07-02 16:48:55.946460,232.84,sugarcane
2025-07-03 16:48:55.946460,220.37,sugarcane
2025-07-04 16:48:55.946460,207.57,sugarcane
2025-07-05 16:48:55.946460,193.91,sugarcane
2025-07-06 16:48:55.946460,183.35,sugarcane
2025-07-07 16:48:55.946460,177.3,sugarcane
2025-07-08 16:48:55.946460,175.0,sugarcane
2025-07-09 16:48:55.946460,175.0,sugarcane
2025-07-10 16:48:55.946460,175.0,sugarcane
2025-07-11 16:48:55.946460,175.0,sugarcane
2025-07-12 16:48:55.946460,175.0,sugarcane
2025-07-13 16:48:55.946460,175.0,sugarcane
2025-07-14 16:48:55.946460,175.0,sugarcane
2025-07-15 16:48:55.946460,175.0,sugarcane
2025-07-16 16:48:55.946460,175.0,sugarcane
2025-07-17 16:48:55.946460,175.0,sugarcane
2025-07-18 16:48:55.946460,175.0,sugarcane
2025-07-19 16:48:55.946460,175.0,sugarcane
2025-07-20 16:48:55.946460,175.0,sugarcane
2025-07-21 16:48:55.946460,175.0,sugarcane
2025-07-22 16:48:55.946460,175.0,sugarcane
2025-07-23 16:48:55.946460,175.0,sugarcane
2025-07-24 16:48:55.946460,175.0,sugarcane
2025-07-25 16:48:55.946460,175.0,sugarcane
2025-07-26 16:48:55.946460,175.0,sugarcane
2025-07-27 16:48:55.946460,175.0,sugarcane
2025-07-28 16:48:55.946460,175.0,sugarcane
2025-07-29 16:48:55.946460,175.0,sugarcane
2025-07-30 16:48:55.946460,175.0,sugarcane
2025-07-31 16:48:55.946460,175.0,sugarcane
2025-08-01 16:48:55.946460,175.0,sugarcane
2025-08-02 16:48:55.946460,175.0,sugarcane
2025-08-03 16:48:55.946460,175.0,sugarcane
2025-08-04 16:48:55.946460,175.0,sugarcane
2025-08-05 16:48:55.946460,175.0,sugarcane
2025-08-06 16:48:55.946460,175.0,sugarcane
2025-08-07 16:48:55.946460,175.0,sugarcane
2025-08-08 16:48:55.946460,175.0,sugarcane
2025-08-09 16:48:55.946460,175.0,sugarcane
2025-08-10 16:48:55.946460,175.0,sugarcane
2025-08-11 16:48:55.946460,175.0,sugarcane
2025-08-12 16:48:55.946460,175.0,sugarcane
2025-08-13 16:48:55.946460,175.0,sugarcane
2025-08-14 16:48:55.946460,175.0,sugarcane
2025-08-15 16:48:55.946460,175.0,sugarcane
2025-08-16 16:48:55.946460,175.0,sugarcane
2025-08-17 16:48:55.946460,175.0,sugarcane
2025-08-18 16:48:55.946460,175.0,sugarcane
2025-08-19 16:48:55.946460,175.0,sugarcane
2025-08-20 16:48:55.946460,175.0,sugarcane
2025-08-21 16:48:55.946460,175.0,sugarcane
2025-08-22 16:48:55.946460,175.0,sugarcane
2025-08-23 16:48:55.946460,175.0,sugarcane
2025-08-24 16:48:55.946460,175.0,sugarcane
2025-08-25 16:48:55.946460,175.0,sugarcane
2025-08-26 16:48:55.946460,175.0,sugarcane
2025-08-27 16:48:55.946460,175.0,sugarcane
2025-08-28 16:48:55.946460,175.0,sugarcane
2025-08-29 16:48:55.946460,175.0,sugarcane
2025-08-30 16:48:55.946460,175.0,sugarcane
2025-08-31 16:48:55.946460,175.0,sugarcane
2025-09-01 16:48:55.946460,175.0,sugarcane
2025-09-02 16:48:55.946460,175.0,sugarcane
2025-09-03 16:48:55.946460,175.0,sugarcane
2025-09-04 16:48:55.946460,175.0,sugarcane
2025-09-05 16:48:55.946460,175.0,sugarcane
2025-09-06 16:48:55.946460,175.0,sugarcane
2025-09-07 16:48:55.946460,175.0,sugarcane
2025-09-08 16:48:55.946460,175.0,sugarcane
2025-09-09 16:48:55.946460,175.0,sugarcane
2025-09-10 16:48:55.946460,175.0,sugarcane
2025-09-11 16:48:55.946460,175.0,sugarcane
2025-09-12 16:48:55.946460,175.0,sugarcane
2025-09-13 16:48:55.946460,175.0,sugarcane
2025-09-14 16:48:55.946460,175.0,sugarcane
2025-09-15 16:48:55.946460,175.0,sugarcane
2025-09-16 16:48:55.946460,175.0,sugarcane
2025-09-17 16:48:55.946460,175.0,sugarcane
2025-09-18 16:48:55.946460,175.0,sugarcane
2025-09-19 16:48:55.946460,175.0,sugarcane
2025-09-20 16:48:55.946460,175.0,sugarcane
2025-09-21 16:48:55.946460,175.0,sugarcane
2025-09-22 16:48:55.946460,175.0,sugarcane
2025-09-23 16:48:55.946460,175.0,sugarcane
2025-09-24 16:48:55.946460,175.0,sugarcane
2025-09-25 16:48:55.946460,175.0,sugarcane
2025-09-26 16:48:55.946460,175.0,sugarcane
2025-09-27 16:48:55.946460,175.0,sugarcane
2025-09-28 16:48:55.946460,175.0,sugarcane
2025-09-29 16:48:55.946460,175.0,sugarcane
2025-09-30 16:48:55.946460,175.0,sugarcane
2025-10-01 16:48:55.946460,175.0,sugarcane
2025-10-02 16:48:55.946460,175.0,sugarcane
2025-10-03 16:48:55.946460,175.0,sugarcane
2025-10-04 16:48:55.946460,175.0,sugarcane
2025-10-05 16:48:55.946460,175.0,sugarcane
2025-10-06 16:48:55.946460,175.0,sugarcane
2025-10-07 16:48:55.946460,175.0,sugarcane
2025-10-08 16:48:55.946460,175.0,sugarcane
2025-10-09 16:48:55.946460,175.0,sugarcane
2025-10-10 16:48:55.946460,175.39,sugarcane
2025-10-11 16:48:55.946460,175.89,sugarcane
2025-10-12 16:48:55.946460,176.38,sugarcane
2025-10-13 16:48:55.946460,176.07,sugarcane
2025-10-14 16:48:55.946460,175.57,sugarcane
2025-10-15 16:48:55.946460,175.08,sugarcane
2025-10-16 16:48:55.946460,175.0,sugarcane
2025-10-17 16:48:55.946460,175.0,sugarcane
2025-10-18 16:48:55.946460,175.0,sugarcane
2025-10-19 16:48:55.946460,175.0,sugarcane
2025-10-20 16:48:55.946460,175.0,sugarcane
2025-10-21 16:48:55.946460,175.4,sugarcane
2025-10-22 16:48:55.946460,175.4,sugarcane
2025-10-23 16:48:55.946460,175.4,sugarcane
2025-10-24 16:48:55.946460,175.0,sugarcane
2025-10-25 16:48:55.946460,175.0,sugarcane
2025-10-26 16:48:55.946460,175.0,sugarcane
2025-10-27 16:48:55.946460,175.0,sugarcane
2025-10-28 16:48:55.946460,175.0,sugarcane
2025-10-29 16:48:55.946460,175.0,sugarcane
2025-10-30 16:48:55.946460,175.0,sugarcane
2025-10-31 16:48:55.946460,176.87,sugarcane
2025-11-01 16:48:55.946460,180.82,sugarcane
2025-11-02 16:48:55.946460,186.34,sugarcane
2025-11-03 16:48:55.946460,191.99,sugarcane
2025-11-04 16:48:55.946460,197.09,sugarcane
2025-11-05 16:48:55.946460,202.1,sugarcane
2025-11-06 16:48:55.946460,206.3,sugarcane
2025-11-07 16:48:55.946460,210.71,sugarcane
2025-11-08 16:48:55.946460,214.72,sugarcane
2025-11-09 16:48:55.946460,218.73,sugarcane
2025-11-10 16:48:55.946460,221.61,sugarcane
2025-11-11 16:48:55.946460,225.66,sugarcane
2025-11-12 16:48:55.946460,229.71,sugarcane
2025-11-13 16:48:55.946460,235.29,sugarcane
2025-11-14 16:48:55.946460,238.69,sugarcane
2025-11-15 16:48:55.946460,243.09,sugarcane
2025-11-16 16:48:55.946460,246.71,sugarcane
2025-11-17 16:48:55.946460,251.29,sugarcane
2025-11-18 16:48:55.946460,255.57,sugarcane
2025-11-19 16:48:55.946460,261.74,sugarcane
2025-11-20 16:48:55.946460,268.29,sugarcane
2025-11-21 16:48:55.946460,273.58,sugarcane
2025-11-22 16:48:55.946460,277.11,sugarcane
2025-11-23 16:48:55.946460,281.22,sugarcane
2025-11-24 16:48:55.946460,287.17,sugarcane
2025-11-25 16:48:55.946460,293.42,sugarcane
2025-11-26 16:48:55.946460,298.75,sugarcane
2025-11-27 16:48:55.946460,302.85,sugarcane
2025-11-28 16:48:55.946460,305.48,sugarcane
2025-11-29 16:48:55.946460,308.18,sugarcane
2025-11-30 16:48:55.946460,314.31,sugarcane
2025-12-01 16:48:55.946460,323.41,sugarcane
2025-12-02 16:48:55.946460,335.44,sugarcane
2025-12-03 16:48:55.946460,346.1,sugarcane
2025-12-04 16:48:55.946460,356.36,sugarcane
2025-12-05 16:48:55.946460,365.66,sugarcane
2025-12-06 16:48:55.946460,375.8,sugarcane
2025-12-07 16:48:55.946460,386.93,sugarcane
2025-12-08 16:48:55.946460,397.85,sugarcane
2025-12-09 16:48:55.946460,408.04,sugarcane
2025-12-10 16:48:55.946460,417.01,sugarcane
2025-12-11 16:48:55.946460,426.33,sugarcane
2025-12-12 16:48:55.946460,435.4,sugarcane
2025-12-13 16:48:55.946460,443.16,sugarcane
2025-12-14 16:48:55.946460,450.34,sugarcane
2025-12-15 16:48:55.946460,455.88,sugarcane
2025-12-16 16:48:55.946460,462.41,sugarcane
2025-12-17 16:48:55.946460,469.05,sugarcane
2025-12-18 16:48:55.946460,476.18,sugarcane
2025-12-19 16:48:55.946460,483.36,sugarcane
2025-12-20 16:48:55.946460,489.86,sugarcane
2025-12-21 16:48:55.946460,497.56,sugarcane
2025-12-22 16:48:55.946460,503.48,sugarcane
2025-12-23 16:48:55.946460,510.34,sugarcane
2025-12-24 16:48:55.946460,515.11,sugarcane
2025-12-25 16:48:55.946460,520.46,sugarcane
2025-12-26 16:48:55.946460,523.15,sugarcane
2025-12-27 16:48:55.946460,527.58,sugarcane
2025-12-28 16:48:55.946460,532.86,sugarcane
2025-12-29 16:48:55.946460,537.89,sugarcane
2025-12-30 16:48:55.946460,540.58,sugarcane
2025-12-31 16:48:55.946460,544.12,sugarcane
2026-01-01 16:48:55.946460,551.21,sugarcane
2026-01-02 16:48:55.946460,559.92,sugarcane
2026-01-03 16:48:55.946460,569.58,sugarcane
2026-01-04 16:48:55.946460,579.31,sugarcane
2026-01-05 16:48:55.946460,589.73,sugarcane
2026-01-06 16:48:55.946460,599.27,sugarcane
2026-01-07 16:48:55.946460,607.6,sugarcane
2026-01-08 16:48:55.946460,616.12,sugarcane
2026-01-09 16:48:55.946460,624.71,sugarcane
2026-01-10 16:48:55.946460,633.79,sugarcane
2026-01-11 16:48:55.946460,640.72,sugarcane
2026-01-12 16:48:55.946460,646.38,sugarcane
2026-01-13 16:48:55.946460,651.55,sugarcane
2026-01-14 16:48:55.946460,657.68,sugarcane
2026-01-15 16:48:55.946460,663.66,sugarcane
2026-01-16 16:48:55.946460,669.92,sugarcane
2026-01-17 16:48:55.946460,676.55,sugarcane
2026-01-18 16:48:55.946460,684.49,sugarcane
2026-01-19 16:48:55.946460,691.48,sugarcane
2026-01-20 16:48:55.946460,698.91,sugarcane
2026-01-21 16:48:55.946460,705.58,sugarcane
2026-01-22 16:48:55.946460,710.36,sugarcane
2026-01-23 16:48:55.946460,713.49,sugarcane
2026-01-24 16:48:55.946460,717.1,sugarcane
2026-01-25 16:48:55.946460,723.14,sugarcane
2026-01-26 16:48:55.946460,730.4,sugarcane
2026-01-27 16:48:55.946460,737.23,sugarcane
2026-01-28 16:48:55.946460,742.96,sugarcane
2026-01-29 16:48:55.946460,748.25,sugarcane
2026-01-30 16:48:55.946460,753.22,sugarcane
2026-01-31 16:48:55.946460,760.72,sugarcane
2026-02-01 16:48:55.946460,768.76,sugarcane
2026-02-02 16:48:55.946460,776.53,sugarcane
2026-02-03 16:48:55.946460,782.69,sugarcane
2026-02-04 16:48:55.946460,787.97,sugarcane
2026-02-05 16:48:55.946460,793.41,sugarcane
2026-02-06 16:48:55.946460,799.27,sugarcane
2026-02-07 16:48:55.946460,805.49,sugarcane
2026-02-08 16:48:55.946460,813.22,sugarcane
2026-02-09 16:48:55.946460,819.17,sugarcane
2026-02-10 16:48:55.946460,823.21,sugarcane
2026-02-11 16:48:55.946460,825.72,sugarcane
2026-02-12 16:48:55.946460,828.02,sugarcane
2026-02-13 16:48:55.946460,832.81,sugarcane
2026-02-14 16:48:55.946460,837.06,sugarcane
2026-02-15 16:48:55.946460,841.27,sugarcane
2026-02-16 16:48:55.946460,843.71,sugarcane
2026-02-17 16:48:55.946460,847.09,sugarcane
2026-02-18 16:48:55.946460,852.42,sugarcane
2026-02-19 16:48:55.946460,858.52,sugarcane
2026-02-20 16:48:55.946460,864.03,sugarcane
2026-02-21 16:48:55.946460,867.65,sugarcane
2026-02-22 16:48:55.946460,869.47,sugarcane
2026-02-23 16:48:55.946460,870.62,sugarcane
2026-02-24 16:48:55.946460,872.75,sugarcane
2026-02-25 16:48:55.946460,876.06,sugarcane
2026-02-26 16:48:55.946460,879.11,sugarcane
2026-02-27 16:48:55.946460,881.42,sugarcane
2026-02-28 16:48:55.946460,882.7,sugarcane
2026-03-01 16:48:55.946460,883.98,sugarcane
2026-03-02 16:48:55.946460,883.96,sugarcane
2026-03-03 16:48:55.946460,885.07,sugarcane
2026-03-04 16:48:55.946460,885.15,sugarcane
2026-03-05 16:48:55.946460,887.05,sugarcane
2026-03-06 16:48:55.946460,888.08,sugarcane
2026-03-07 16:48:55.946460,890.06,sugarcane
2026-03-08 16:48:55.946460,890.43,sugarcane
2026-03-09 16:48:55.946460,890.54,sugarcane
2026-03-10 16:48:55.946460,890.36,sugarcane
2026-03-11 16:48:55.946460,889.52,sugarcane
2026-03-12 16:48:55.946460,890.12,sugarcane
2026-03-13 16:48:55.946460,891.27,sugarcane
2026-03-14 16:48:55.946460,894.55,sugarcane
2026-03-15 16:48:55.946460,894.62,sugarcane
2026-03-16 16:48:55.946460,893.71,sugarcane
2026-03-17 16:48:55.946460,892.91,sugarcane
2026-03-18 16:48:55.946460,893.71,sugarcane
2026-03-19 16:48:55.946460,895.77,sugarcane
2026-03-20 16:48:55.946460,896.42,sugarcane
2026-03-21 16:48:55.946460,897.91,sugarcane
2026-03-22 16:48:55.946460,897.07,sugarcane
2026-03-23 16:48:55.946460,897.12,sugarcane
2026-03-24 16:48:55.946460,897.58,sugarcane
2026-03-25 16:48:55.946460,899.18,sugarcane
2026-03-26 16:48:55.946460,900.21,sugarcane
2026-03-27 16:48:55.946460,899.9,sugarcane
2026-03-28 16:48:55.946460,898.41,sugarcane
2026-03-29 16:48:55.946460,894.8,sugarcane
2026-03-30 16:48:55.946460,890.82,sugarcane
2026-03-31 16:48:55.946460,886.95,sugarcane
2026-04-01 16:48:55.946460,883.97,sugarcane
2026-04-02 16:48:55.946460,880.47,sugarcane
2026-04-03 16:48:55.946460,876.31,sugarcane
2026-04-04 16:48:55.946460,871.59,sugarcane
2026-04-05 16:48:55.946460,865.81,sugarcane
2026-04-06 16:48:55.946460,860.6,sugarcane
2026-04-07 16:48:55.946460,856.71,sugarcane
2026-04-08 16:48:55.946460,853.52,sugarcane
2026-04-09 16:48:55.946460,851.29,sugarcane
2026-04-10 16:48:55.946460,845.59,sugarcane
2026-04-11 16:48:55.946460,562.35,sugarcane
2023-04-12 16:48:55.955612,685.24,onion
2023-04-13 16:48:55.955612,935.24,onion
2023-04-14 16:48:55.955612,785.24,onion
2023-04-15 16:48:55.955612,750.0,onion
2023-04-16 16:48:55.955612,750.0,onion
2023-04-17 16:48:55.955612,750.0,onion
2023-04-18 16:48:55.955612,750.0,onion
2023-04-19 16:48:55.955612,750.0,onion
2023-04-20 16:48:55.955612,750.0,onion
2023-04-21 16:48:55.955612,750.0,onion
2023-04-22 16:48:55.955612,750.0,onion
2023-04-23 16:48:55.955612,750.0,onion
2023-04-24 16:48:55.955612,750.0,onion
2023-04-25 16:48:55.955612,750.0,onion
2023-04-26 16:48:55.955612,750.0,onion
2023-04-27 16:48:55.955612,750.0,onion
2023-04-28 16:48:55.955612,750.0,onion
2023-04-29 16:48:55.955612,750.0,onion
2023-04-30 16:48:55.955612,754.86,onion
2023-05-01 16:48:55.955612,792.32,onion
2023-05-02 16:48:55.955612,854.76,onion
2023-05-03 16:48:55.955612,897.11,onion
2023-05-04 16:48:55.955612,947.94,onion
2023-05-05 16:48:55.955612,957.13,onion
2023-05-06 16:48:55.955612,974.59,onion
2023-05-07 16:48:55.955612,972.88,onion
2023-05-08 16:48:55.955612,1041.0,onion
2023-05-09 16:48:55.955612,1090.72,onion
2023-05-10 16:48:55.955612,1124.19,onion
2023-05-11 16:48:55.955612,1071.3,onion
2023-05-12 16:48:55.955612,1046.58,onion
2023-05-13 16:48:55.955612,1012.75,onion
2023-05-14 16:48:55.955612,1022.28,onion
2023-05-15 16:48:55.955612,1034.69,onion
2023-05-16 16:48:55.955612,1020.68,onion
2023-05-17 16:48:55.955612,987.89,onion
2023-05-18 16:48:55.955612,970.81,onion
2023-05-19 16:48:55.955612,1020.31,onion
2023-05-20 16:48:55.955612,1062.29,onion
2023-05-21 16:48:55.955612,1083.93,onion
2023-05-22 16:48:55.955612,1031.7,onion
2023-05-23 16:48:55.955612,995.15,onion
2023-05-24 16:48:55.955612,984.12,onion
2023-05-25 16:48:55.955612,1008.16,onion
2023-05-26 16:48:55.955612,1039.18,onion
2023-05-27 16:48:55.955612,1041.51,onion
2023-05-28 16:48:55.955612,1081.34,onion
2023-05-29 16:48:55.955612,1128.68,onion
2023-05-30 16:48:55.955612,1169.19,onion
2023-05-31 16:48:55.955612,1283.56,onion
2023-06-01 16:48:55.955612,1494.73,onion
2023-06-02 16:48:55.955612,1797.7,onion
2023-06-03 16:48:55.955612,2110.09,onion
2023-06-04 16:48:55.955612,2371.18,onion
2023-06-05 16:48:55.955612,2642.49,onion
2023-06-06 16:48:55.955612,2889.89,onion
2023-06-07 16:48:55.955612,3156.34,onion
2023-06-08 16:48:55.955612,3459.04,onion
2023-06-09 16:48:55.955612,3781.78,onion
2023-06-10 16:48:55.955612,4074.41,onion
2023-06-11 16:48:55.955612,4292.34,onion
2023-06-12 16:48:55.955612,4450.75,onion
2023-06-13 16:48:55.955612,4624.91,onion
2023-06-14 16:48:55.955612,4826.64,onion
2023-06-15 16:48:55.955612,5056.31,onion
2023-06-16 16:48:55.955612,5278.21,onion
2023-06-17 16:48:55.955612,5461.23,onion
2023-06-18 16:48:55.955612,5622.08,onion
2023-06-19 16:48:55.955612,5769.55,onion
2023-06-20 16:48:55.955612,5934.93,onion
2023-06-21 16:48:55.955612,6078.92,onion
2023-06-22 16:48:55.955612,6219.81,onion
2023-06-23 16:48:55.955612,6356.18,onion
2023-06-24 16:48:55.955612,6475.78,onion
2023-06-25 16:48:55.955612,6643.43,onion
2023-06-26 16:48:55.955612,6808.22,onion
2023-06-27 16:48:55.955612,7037.15,onion
2023-06-28 16:48:55.955612,7215.14,onion
2023-06-29 16:48:55.955612,7399.36,onion
2023-06-30 16:48:55.955612,7571.18,onion
2023-07-01 16:48:55.955612,7770.93,onion
2023-07-02 16:48:55.955612,7997.97,onion
2023-07-03 16:48:55.955612,8240.54,onion
2023-07-04 16:48:55.955612,8545.03,onion
2023-07-05 16:48:55.955612,8868.56,onion
2023-07-06 16:48:55.955612,9170.46,onion
2023-07-07 16:48:55.955612,9483.67,onion
2023-07-08 16:48:55.955612,9787.9,onion
2023-07-09 16:48:55.955612,10097.73,onion
2023-07-10 16:48:55.955612,10336.05,onion
2023-07-11 16:48:55.955612,10544.27,onion
2023-07-12 16:48:55.955612,10764.95,onion
2023-07-13 16:48:55.955612,11032.48,onion
2023-07-14 16:48:55.955612,11339.07,onion
2023-07-15 16:48:55.955612,11646.44,onion
2023-07-16 16:48:55.955612,11925.04,onion
2023-07-17 16:48:55.955612,12191.46,onion
2023-07-18 16:48:55.955612,12422.09,onion
2023-07-19 16:48:55.955612,12589.12,onion
2023-07-20 16:48:55.955612,12741.71,onion
2023-07-21 16:48:55.955612,12908.96,onion
2023-07-22 16:48:55.955612,13112.23,onion
2023-07-23 16:48:55.955612,13282.16,onion
2023-07-24 16:48:55.955612,13416.45,onion
2023-07-25 16:48:55.955612,13543.15,onion
2023-07-26 16:48:55.955612,13664.13,onion
2023-07-27 16:48:55.955612,13793.42,onion
2023-07-28 16:48:55.955612,13894.18,onion
2023-07-29 16:48:55.955612,14034.25,onion
2023-07-30 16:48:55.955612,14220.08,onion
2023-07-31 16:48:55.955612,14471.26,onion
2023-08-01 16:48:55.955612,14697.6,onion
2023-08-02 16:48:55.955612,14901.03,onion
2023-08-03 16:48:55.955612,15059.63,onion
2023-08-04 16:48:55.955612,15234.07,onion
2023-08-05 16:48:55.955612,15433.74,onion
2023-08-06 16:48:55.955612,15664.98,onion
2023-08-07 16:48:55.955612,15858.44,onion
2023-08-08 16:48:55.955612,15976.64,onion
2023-08-09 16:48:55.955612,16027.72,onion
2023-08-10 16:48:55.955612,16131.38,onion
2023-08-11 16:48:55.955612,16256.05,onion
2023-08-12 16:48:55.955612,16406.48,onion
2023-08-13 16:48:55.955612,16539.85,onion
2023-08-14 16:48:55.955612,16686.53,onion
2023-08-15 16:48:55.955612,16856.36,onion
2023-08-16 16:48:55.955612,16981.96,onion
2023-08-17 16:48:55.955612,17098.75,onion
2023-08-18 16:48:55.955612,17193.89,onion
2023-08-19 16:48:55.955612,17355.45,onion
2023-08-20 16:48:55.955612,17507.86,onion
2023-08-21 16:48:55.955612,17668.33,onion
2023-08-22 16:48:55.955612,17812.24,onion
2023-08-23 16:48:55.955612,17927.31,onion
2023-08-24 16:48:55.955612,18026.27,onion
2023-08-25 16:48:55.955612,18075.93,onion
2023-08-26 16:48:55.955612,18156.48,onion
2023-08-27 16:48:55.955612,18259.28,onion
2023-08-28 16:48:55.955612,18350.64,onion
2023-08-29 16:48:55.955612,18442.78,onion
2023-08-30 16:48:55.955612,18519.91,onion
2023-08-31 16:48:55.955612,18574.73,onion
2023-09-01 16:48:55.955612,18592.48,onion
2023-09-02 16:48:55.955612,18595.32,onion
2023-09-03 16:48:55.955612,18605.81,onion
2023-09-04 16:48:55.955612,18651.32,onion
2023-09-05 16:48:55.955612,18732.53,onion
2023-09-06 16:48:55.955612,18839.2,onion
2023-09-07 16:48:55.955612,18910.06,onion
2023-09-08 16:48:55.955612,18927.84,onion
2023-09-09 16:48:55.955612,18905.97,onion
2023-09-10 16:48:55.955612,18922.58,onion
2023-09-11 16:48:55.955612,18952.4,onion
2023-09-12 16:48:55.955612,18986.5,onion
2023-09-13 16:48:55.955612,18976.02,onion
2023-09-14 16:48:55.955612,18975.19,onion
2023-09-15 16:48:55.955612,18975.95,onion
2023-09-16 16:48:55.955612,19013.96,onion
2023-09-17 16:48:55.955612,19055.56,onion
2023-09-18 16:48:55.955612,19126.21,onion
2023-09-19 16:48:55.955612,19180.56,onion
2023-09-20 16:48:55.955612,19197.4,onion
2023-09-21 16:48:55.955612,19167.64,onion
2023-09-22 16:48:55.955612,19115.86,onion
2023-09-23 16:48:55.955612,19115.7,onion
2023-09-24 16:48:55.955612,19112.19,onion
2023-09-25 16:48:55.955612,19114.84,onion
2023-09-26 16:48:55.955612,19086.92,onion
2023-09-27 16:48:55.955612,19100.54,onion
2023-09-28 16:48:55.955612,19111.11,onion
2023-09-29 16:48:55.955612,19098.15,onion
2023-09-30 16:48:55.955612,19012.93,onion
2023-10-01 16:48:55.955612,18849.24,onion
2023-10-02 16:48:55.955612,18614.16,onion
2023-10-03 16:48:55.955612,18369.57,onion
2023-10-04 16:48:55.955612,18136.51,onion
2023-10-05 16:48:55.955612,17909.52,onion
2023-10-06 16:48:55.955612,17713.67,onion
2023-10-07 16:48:55.955612,17581.58,onion
2023-10-08 16:48:55.955612,17483.57,onion
2023-10-09 16:48:55.955612,17373.59,onion
2023-10-10 16:48:55.955612,17255.52,onion
2023-10-11 16:48:55.955612,17113.4,onion
2023-10-12 16:48:55.955612,16988.62,onion
2023-10-13 16:48:55.955612,16823.93,onion
2023-10-14 16:48:55.955612,16694.92,onion
2023-10-15 16:48:55.955612,16550.99,onion
2023-10-16 16:48:55.955612,16420.44,onion
2023-10-17 16:48:55.955612,16269.94,onion
2023-10-18 16:48:55.955612,16133.07,onion
2023-10-19 16:48:55.955612,16035.48,onion
2023-10-20 16:48:55.955612,15943.02,onion
2023-10-21 16:48:55.955612,15853.88,onion
2023-10-22 16:48:55.955612,15787.98,onion
2023-10-23 16:48:55.955612,15705.09,onion
2023-10-24 16:48:55.955612,15601.88,onion
2023-10-25 16:48:55.955612,15462.21,onion
2023-10-26 16:48:55.955612,15343.99,onion
2023-10-27 16:48:55.955612,15237.96,onion
2023-10-28 16:48:55.955612,15135.83,onion
2023-10-29 16:48:55.955612,15058.39,onion
2023-10-30 16:48:55.955612,14975.94,onion
2023-10-31 16:48:55.955612,14767.05,onion
2023-11-01 16:48:55.955612,14470.54,onion
2023-11-02 16:48:55.955612,14129.23,onion
2023-11-03 16:48:55.955612,13807.85,onion
2023-11-04 16:48:55.955612,13505.06,onion
2023-11-05 16:48:55.955612,13126.42,onion
2023-11-06 16:48:55.955612,12731.86,onion
2023-11-07 16:48:55.955612,12321.47,onion
2023-11-08 16:48:55.955612,11932.06,onion
2023-11-09 16:48:55.955612,11579.32,onion
2023-11-10 16:48:55.955612,11233.77,onion
2023-11-11 16:48:55.955612,10936.71,onion
2023-11-12 16:48:55.955612,10659.99,onion
2023-11-13 16:48:55.955612,10412.28,onion
2023-11-14 16:48:55.955612,10196.89,onion
2023-11-15 16:48:55.955612,10016.26,onion
2023-11-16 16:48:55.955612,9799.03,onion
2023-11-17 16:48:55.955612,9552.24,onion
2023-11-18 16:48:55.955612,9285.87,onion
2023-11-19 16:48:55.955612,9063.85,onion
2023-11-20 16:48:55.955612,8890.91,onion
2023-11-21 16:48:55.955612,8734.64,onion
2023-11-22 16:48:55.955612,8568.19,onion
2023-11-23 16:48:55.955612,8408.37,onion
2023-11-24 16:48:55.955612,8211.6,onion
2023-11-25 16:48:55.955612,8088.71,onion
2023-11-26 16:48:55.955612,7932.19,onion
2023-11-27 16:48:55.955612,7780.33,onion
2023-11-28 16:48:55.955612,7585.92,onion
2023-11-29 16:48:55.955612,7394.21,onion
2023-11-30 16:48:55.955612,7131.08,onion
2023-12-01 16:48:55.955612,6732.2,onion
2023-12-02 16:48:55.955612,6211.01,onion
2023-12-03 16:48:55.955612,5704.57,onion
2023-12-04 16:48:55.955612,5261.28,onion
2023-12-05 16:48:55.955612,4884.16,onion
2023-12-06 16:48:55.955612,4534.04,onion
2023-12-07 16:48:55.955612,4175.83,onion
2023-12-08 16:48:55.955612,3807.91,onion
2023-12-09 16:48:55.955612,3483.16,onion
2023-12-10 16:48:55.955612,3138.38,onion
2023-12-11 16:48:55.955612,2819.33,onion
2023-12-12 16:48:55.955612,2441.86,onion
2023-12-13 16:48:55.955612,2057.79,onion
2023-12-14 16:48:55.955612,1679.73,onion
2023-12-15 16:48:55.955612,1352.38,onion
2023-12-16 16:48:55.955612,1067.53,onion
2023-12-17 16:48:55.955612,874.68,onion
2023-12-18 16:48:55.955612,760.75,onion
2023-12-19 16:48:55.955612,750.0,onion
2023-12-20 16:48:55.955612,750.0,onion
2023-12-21 16:48:55.955612,750.0,onion
2023-12-22 16:48:55.955612,750.0,onion
2023-12-23 16:48:55.955612,750.0,onion
2023-12-24 16:48:55.955612,750.0,onion
2023-12-25 16:48:55.955612,750.0,onion
2023-12-26 16:48:55.955612,750.0,onion
2023-12-27 16:48:55.955612,750.0,onion
2023-12-28 16:48:55.955612,750.0,onion
2023-12-29 16:48:55.955612,750.0,onion
2023-12-30 16:48:55.955612,750.0,onion
2023-12-31 16:48:55.955612,750.0,onion
2024-01-01 16:48:55.955612,750.0,onion
2024-01-02 16:48:55.955612,750.0,onion
2024-01-03 16:48:55.955612,750.0,onion
2024-01-04 16:48:55.955612,750.0,onion
2024-01-05 16:48:55.955612,750.0,onion
2024-01-06 16:48:55.955612,750.0,onion
2024-01-07 16:48:55.955612,750.0,onion
2024-01-08 16:48:55.955612,750.0,onion
2024-01-09 16:48:55.955612,750.0,onion
2024-01-10 16:48:55.955612,750.0,onion
2024-01-11 16:48:55.955612,750.0,onion
2024-01-12 16:48:55.955612,750.0,onion
2024-01-13 16:48:55.955612,750.0,onion
2024-01-14 16:48:55.955612,750.0,onion
2024-01-15 16:48:55.955612,750.0,onion
2024-01-16 16:48:55.955612,750.0,onion
2024-01-17 16:48:55.955612,750.0,onion
2024-01-18 16:48:55.955612,750.0,onion
2024-01-19 16:48:55.955612,750.0,onion
2024-01-20 16:48:55.955612,750.0,onion
2024-01-21 16:48:55.955612,750.0,onion
2024-01-22 16:48:55.955612,750.0,onion
2024-01-23 16:48:55.955612,750.0,onion
2024-01-24 16:48:55.955612,750.0,onion
2024-01-25 16:48:55.955612,750.0,onion
2024-01-26 16:48:55.955612,750.0,onion
2024-01-27 16:48:55.955612,750.0,onion
2024-01-28 16:48:55.955612,750.0,onion
2024-01-29 16:48:55.955612,750.0,onion
2024-01-30 16:48:55.955612,750.0,onion
2024-01-31 16:48:55.955612,750.0,onion
2024-02-01 16:48:55.955612,750.0,onion
2024-02-02 16:48:55.955612,750.0,onion
2024-02-03 16:48:55.955612,750.0,onion
2024-02-04 16:48:55.955612,750.0,onion
2024-02-05 16:48:55.955612,750.0,onion
2024-02-06 16:48:55.955612,750.0,onion
2024-02-07 16:48:55.955612,750.0,onion
2024-02-08 16:48:55.955612,750.0,onion
2024-02-09 16:48:55.955612,750.0,onion
2024-02-10 16:48:55.955612,750.0,onion
2024-02-11 16:48:55.955612,750.0,onion
2024-02-12 16:48:55.955612,750.0,onion
2024-02-13 16:48:55.955612,750.0,onion
2024-02-14 16:48:55.955612,750.0,onion
2024-02-15 16:48:55.955612,750.0,onion
2024-02-16 16:48:55.955612,750.0,onion
2024-02-17 16:48:55.955612,750.0,onion
2024-02-18 16:48:55.955612,750.0,onion
2024-02-19 16:48:55.955612,750.0,onion
2024-02-20 16:48:55.955612,750.0,onion
2024-02-21 16:48:55.955612,750.0,onion
2024-02-22 16:48:55.955612,750.0,onion
2024-02-23 16:48:55.955612,750.0,onion
2024-02-24 16:48:55.955612,750.0,onion
2024-02-25 16:48:55.955612,750.0,onion
2024-02-26 16:48:55.955612,750.0,onion
2024-02-27 16:48:55.955612,750.0,onion
2024-02-28 16:48:55.955612,750.0,onion
2024-02-29 16:48:55.955612,750.0,onion
2024-03-01 16:48:55.955612,750.0,onion
2024-03-02 16:48:55.955612,750.0,onion
2024-03-03 16:48:55.955612,750.0,onion
2024-03-04 16:48:55.955612,750.0,onion
2024-03-05 16:48:55.955612,750.0,onion
2024-03-06 16:48:55.955612,750.0,onion
2024-03-07 16:48:55.955612,750.0,onion
2024-03-08 16:48:55.955612,750.0,onion
2024-03-09 16:48:55.955612,750.0,onion
2024-03-10 16:48:55.955612,750.0,onion
2024-03-11 16:48:55.955612,750.0,onion
2024-03-12 16:48:55.955612,750.0,onion
2024-03-13 16:48:55.955612,750.0,onion
2024-03-14 16:48:55.955612,750.0,onion
2024-03-15 16:48:55.955612,750.0,onion
2024-03-16 16:48:55.955612,750.0,onion
2024-03-17 16:48:55.955612,750.0,onion
2024-03-18 16:48:55.955612,750.0,onion
2024-03-19 16:48:55.955612,750.0,onion
2024-03-20 16:48:55.955612,750.0,onion
2024-03-21 16:48:55.955612,750.0,onion
2024-03-22 16:48:55.955612,750.0,onion
2024-03-23 16:48:55.955612,750.0,onion
2024-03-24 16:48:55.955612,750.0,onion
2024-03-25 16:48:55.955612,750.0,onion
2024-03-26 16:48:55.955612,750.0,onion
2024-03-27 16:48:55.955612,750.0,onion
2024-03-28 16:48:55.955612,750.0,onion
2024-03-29 16:48:55.955612,750.0,onion
2024-03-30 16:48:55.955612,750.0,onion
2024-03-31 16:48:55.955612,750.0,onion
2024-04-01 16:48:55.955612,750.0,onion
2024-04-02 16:48:55.955612,750.0,onion
2024-04-03 16:48:55.955612,750.0,onion
2024-04-04 16:48:55.955612,750.0,onion
2024-04-05 16:48:55.955612,750.0,onion
2024-04-06 16:48:55.955612,750.0,onion
2024-04-07 16:48:55.955612,750.0,onion
2024-04-08 16:48:55.955612,750.0,onion
2024-04-09 16:48:55.955612,750.0,onion
2024-04-10 16:48:55.955612,750.0,onion
2024-04-11 16:48:55.955612,750.0,onion
2024-04-12 16:48:55.955612,750.0,onion
2024-04-13 16:48:55.955612,750.0,onion
2024-04-14 16:48:55.955612,750.0,onion
2024-04-15 16:48:55.955612,750.0,onion
2024-04-16 16:48:55.955612,750.0,onion
2024-04-17 16:48:55.955612,750.0,onion
2024-04-18 16:48:55.955612,750.0,onion
2024-04-19 16:48:55.955612,750.0,onion
2024-04-20 16:48:55.955612,750.0,onion
2024-04-21 16:48:55.955612,750.0,onion
2024-04-22 16:48:55.955612,750.0,onion
2024-04-23 16:48:55.955612,750.0,onion
2024-04-24 16:48:55.955612,750.0,onion
2024-04-25 16:48:55.955612,750.0,onion
2024-04-26 16:48:55.955612,750.0,onion
2024-04-27 16:48:55.955612,750.0,onion
2024-04-28 16:48:55.955612,750.0,onion
2024-04-29 16:48:55.955612,750.0,onion
2024-04-30 16:48:55.955612,777.74,onion
2024-05-01 16:48:55.955612,786.17,onion
2024-05-02 16:48:55.955612,824.21,onion
2024-05-03 16:48:55.955612,800.73,onion
2024-05-04 16:48:55.955612,792.48,onion
2024-05-05 16:48:55.955612,780.9,onion
2024-05-06 16:48:55.955612,832.66,onion
2024-05-07 16:48:55.955612,897.38,onion
2024-05-08 16:48:55.955612,963.87,onion
2024-05-09 16:48:55.955612,1004.91,onion
2024-05-10 16:48:55.955612,1069.62,onion
2024-05-11 16:48:55.955612,1117.01,onion
2024-05-12 16:48:55.955612,1128.38,onion
2024-05-13 16:48:55.955612,1122.24,onion
2024-05-14 16:48:55.955612,1091.28,onion
2024-05-15 16:48:55.955612,1115.58,onion
2024-05-16 16:48:55.955612,1117.81,onion
2024-05-17 16:48:55.955612,1163.96,onion
2024-05-18 16:48:55.955612,1157.19,onion
2024-05-19 16:48:55.955612,1172.15,onion
2024-05-20 16:48:55.955612,1178.22,onion
2024-05-21 16:48:55.955612,1242.83,onion
2024-05-22 16:48:55.955612,1284.05,onion
2024-05-23 16:48:55.955612,1315.68,onion
2024-05-24 16:48:55.955612,1317.51,onion
2024-05-25 16:48:55.955612,1330.37,onion
2024-05-26 16:48:55.955612,1365.78,onion
2024-05-27 16:48:55.955612,1396.6,onion
2024-05-28 16:48:55.955612,1417.49,onion
2024-05-29 16:48:55.955612,1393.51,onion
2024-05-30 16:48:55.955612,1377.3,onion
2024-05-31 16:48:55.955612,1438.07,onion
2024-06-01 16:48:55.955612,1638.32,onion
2024-06-02 16:48:55.955612,1907.67,onion
2024-06-03 16:48:55.955612,2190.91,onion
2024-06-04 16:48:55.955612,2392.09,onion
2024-06-05 16:48:55.955612,2610.05,onion
2024-06-06 16:48:55.955612,2849.33,onion
2024-06-07 16:48:55.955612,3104.33,onion
2024-06-08 16:48:55.955612,3326.04,onion
2024-06-09 16:48:55.955612,3493.63,onion
2024-06-10 16:48:55.955612,3654.68,onion
2024-06-11 16:48:55.955612,3832.61,onion
2024-06-12 16:48:55.955612,4008.22,onion
2024-06-13 16:48:55.955612,4177.08,onion
2024-06-14 16:48:55.955612,4378.37,onion
2024-06-15 16:48:55.955612,4537.65,onion
2024-06-16 16:48:55.955612,4691.82,onion
2024-06-17 16:48:55.955612,4862.59,onion
2024-06-18 16:48:55.955612,5094.02,onion
2024-06-19 16:48:55.955612,5324.46,onion
2024-06-20 16:48:55.955612,5482.88,onion
2024-06-21 16:48:55.955612,5717.4,onion
2024-06-22 16:48:55.955612,5972.99,onion
2024-06-23 16:48:55.955612,6201.89,onion
2024-06-24 16:48:55.955612,6326.82,onion
2024-06-25 16:48:55.955612,6438.38,onion
2024-06-26 16:48:55.955612,6562.37,onion
2024-06-27 16:48:55.955612,6667.56,onion
2024-06-28 16:48:55.955612,6783.65,onion
2024-06-29 16:48:55.955612,6931.67,onion
2024-06-30 16:48:55.955612,7175.65,onion
2024-07-01 16:48:55.955612,7511.91,onion
2024-07-02 16:48:55.955612,7890.77,onion
2024-07-03 16:48:55.955612,8248.66,onion
2024-07-04 16:48:55.955612,8560.06,onion
2024-07-05 16:48:55.955612,8871.54,onion
2024-07-06 16:48:55.955612,9201.7,onion
2024-07-07 16:48:55.955612,9483.96,onion
2024-07-08 16:48:55.955612,9727.93,onion
2024-07-09 16:48:55.955612,9911.97,onion
2024-07-10 16:48:55.955612,10127.49,onion
2024-07-11 16:48:55.955612,10339.52,onion
2024-07-12 16:48:55.955612,10598.38,onion
2024-07-13 16:48:55.955612,10855.32,onion
2024-07-14 16:48:55.955612,11065.76,onion
2024-07-15 16:48:55.955612,11245.6,onion
2024-07-16 16:48:55.955612,11408.97,onion
2024-07-17 16:48:55.955612,11643.15,onion
2024-07-18 16:48:55.955612,11882.08,onion
2024-07-19 16:48:55.955612,12132.73,onion
2024-07-20 16:48:55.955612,12350.82,onion
2024-07-21 16:48:55.955612,12555.74,onion
2024-07-22 16:48:55.955612,12701.2,onion
2024-07-23 16:48:55.955612,12871.81,onion
2024-07-24 16:48:55.955612,13024.29,onion
2024-07-25 16:48:55.955612,13221.13,onion
2024-07-26 16:48:55.955612,13402.42,onion
2024-07-27 16:48:55.955612,13636.15,onion
2024-07-28 16:48:55.955612,13853.01,onion
2024-07-29 16:48:55.955612,14016.79,onion
2024-07-30 16:48:55.955612,14095.93,onion
2024-07-31 16:48:55.955612,14171.03,onion
2024-08-01 16:48:55.955612,14288.58,onion
2024-08-02 16:48:55.955612,14442.09,onion
2024-08-03 16:48:55.955612,14632.06,onion
2024-08-04 16:48:55.955612,14870.24,onion
2024-08-05 16:48:55.955612,15136.25,onion
2024-08-06 16:48:55.955612,15371.25,onion
2024-08-07 16:48:55.955612,15574.13,onion
2024-08-08 16:48:55.955612,15775.43,onion
2024-08-09 16:48:55.955612,15961.57,onion
2024-08-10 16:48:55.955612,16102.73,onion
2024-08-11 16:48:55.955612,16198.97,onion
2024-08-12 16:48:55.955612,16339.84,onion
2024-08-13 16:48:55.955612,16494.72,onion
2024-08-14 16:48:55.955612,16707.69,onion
2024-08-15 16:48:55.955612,16894.29,onion
2024-08-16 16:48:55.955612,17094.49,onion
2024-08-17 16:48:55.955612,17249.33,onion
2024-08-18 16:48:55.955612,17408.44,onion
2024-08-19 16:48:55.955612,17557.4,onion
2024-08-20 16:48:55.955612,17699.84,onion
2024-08-21 16:48:55.955612,17787.98,onion
2024-08-22 16:48:55.955612,17869.48,onion
2024-08-23 16:48:55.955612,17955.41,onion
2024-08-24 16:48:55.955612,18098.79,onion
2024-08-25 16:48:55.955612,18212.81,onion
2024-08-26 16:48:55.955612,18306.01,onion
2024-08-27 16:48:55.955612,18377.44,onion
2024-08-28 16:48:55.955612,18486.94,onion
2024-08-29 16:48:55.955612,18576.93,onion
2024-08-30 16:48:55.955612,18656.6,onion
2024-08-31 16:48:55.955612,18721.98,onion
2024-09-01 16:48:55.955612,18779.38,onion
2024-09-02 16:48:55.955612,18772.07,onion
2024-09-03 16:48:55.955612,18726.24,onion
2024-09-04 16:48:55.955612,18693.14,onion
2024-09-05 16:48:55.955612,18696.72,onion
2024-09-06 16:48:55.955612,18725.25,onion
2024-09-07 16:48:55.955612,18754.65,onion
2024-09-08 16:48:55.955612,18772.26,onion
2024-09-09 16:48:55.955612,18762.68,onion
2024-09-10 16:48:55.955612,18770.99,onion
2024-09-11 16:48:55.955612,18751.62,onion
2024-09-12 16:48:55.955612,18752.2,onion
2024-09-13 16:48:55.955612,18755.57,onion
2024-09-14 16:48:55.955612,18789.48,onion
2024-09-15 16:48:55.955612,18829.67,onion
2024-09-16 16:48:55.955612,18846.07,onion
2024-09-17 16:48:55.955612,18841.14,onion
2024-09-18 16:48:55.955612,18792.57,onion
2024-09-19 16:48:55.955612,18754.1,onion
2024-09-20 16:48:55.955612,18713.92,onion
2024-09-21 16:48:55.955612,18693.8,onion
2024-09-22 16:48:55.955612,18650.65,onion
2024-09-23 16:48:55.955612,18665.43,onion
2024-09-24 16:48:55.955612,18673.25,onion
2024-09-25 16:48:55.955612,18727.28,onion
2024-09-26 16:48:55.955612,18758.0,onion
2024-09-27 16:48:55.955612,18785.18,onion
2024-09-28 16:48:55.955612,18778.17,onion
2024-09-29 16:48:55.955612,18731.91,onion
2024-09-30 16:48:55.955612,18571.88,onion
2024-10-01 16:48:55.955612,18349.6,onion
2024-10-02 16:48:55.955612,18084.01,onion
2024-10-03 16:48:55.955612,17886.96,onion
2024-10-04 16:48:55.955612,17711.38,onion
2024-10-05 16:48:55.955612,17537.8,onion
2024-10-06 16:48:55.955612,17350.64,onion
2024-10-07 16:48:55.955612,17136.68,onion
2024-10-08 16:48:55.955612,16945.09,onion
2024-10-09 16:48:55.955612,16760.97,onion
2024-10-10 16:48:55.955612,16596.19,onion
2024-10-11 16:48:55.955612,16458.78,onion
2024-10-12 16:48:55.955612,16354.27,onion
2024-10-13 16:48:55.955612,16232.57,onion
2024-10-14 16:48:55.955612,16096.41,onion
2024-10-15 16:48:55.955612,15927.33,onion
2024-10-16 16:48:55.955612,15742.93,onion
2024-10-17 16:48:55.955612,15527.41,onion
2024-10-18 16:48:55.955612,15309.97,onion
2024-10-19 16:48:55.955612,15174.37,onion
2024-10-20 16:48:55.955612,15085.61,onion
2024-10-21 16:48:55.955612,15044.99,onion
2024-10-22 16:48:55.955612,14962.76,onion
2024-10-23 16:48:55.955612,14903.27,onion
2024-10-24 16:48:55.955612,14872.93,onion
2024-10-25 16:48:55.955612,14853.72,onion
2024-10-26 16:48:55.955612,14770.83,onion
2024-10-27 16:48:55.955612,14675.94,onion
2024-10-28 16:48:55.955612,14568.26,onion
2024-10-29 16:48:55.955612,14476.44,onion
2024-10-30 16:48:55.955612,14381.8,onion
2024-10-31 16:48:55.955612,14235.34,onion
2024-11-01 16:48:55.955612,13990.46,onion
2024-11-02 16:48:55.955612,13650.86,onion
2024-11-03 16:48:55.955612,13278.26,onion
2024-11-04 16:48:55.955612,12985.08,onion
2024-11-05 16:48:55.955612,12667.36,onion
2024-11-06 16:48:55.955612,12362.95,onion
2024-11-07 16:48:55.955612,12055.58,onion
2024-11-08 16:48:55.955612,11764.11,onion
2024-11-09 16:48:55.955612,11517.25,onion
2024-11-10 16:48:55.955612,11252.77,onion
2024-11-11 16:48:55.955612,11021.73,onion
2024-11-12 16:48:55.955612,10766.81,onion
2024-11-13 16:48:55.955612,10514.96,onion
2024-11-14 16:48:55.955612,10255.91,onion
2024-11-15 16:48:55.955612,10030.38,onion
2024-11-16 16:48:55.955612,9782.79,onion
2024-11-17 16:48:55.955612,9573.42,onion
2024-11-18 16:48:55.955612,9368.65,onion
2024-11-19 16:48:55.955612,9210.27,onion
2024-11-20 16:48:55.955612,8967.36,onion
2024-11-21 16:48:55.955612,8703.0,onion
2024-11-22 16:48:55.955612,8409.34,onion
2024-11-23 16:48:55.955612,8157.31,onion
2024-11-24 16:48:55.955612,7913.83,onion
2024-11-25 16:48:55.955612,7705.42,onion
2024-11-26 16:48:55.955612,7522.36,onion
2024-11-27 16:48:55.955612,7360.75,onion
2024-11-28 16:48:55.955612,7196.71,onion
2024-11-29 16:48:55.955612,7071.29,onion
2024-11-30 16:48:55.955612,6829.16,onion
2024-12-01 16:48:55.955612,6486.01,onion
2024-12-02 16:48:55.955612,6013.36,onion
2024-12-03 16:48:55.955612,5594.1,onion
2024-12-04 16:48:55.955612,5216.73,onion
2024-12-05 16:48:55.955612,4871.27,onion
2024-12-06 16:48:55.955612,4517.86,onion
2024-12-07 16:48:55.955612,4167.44,onion
2024-12-08 16:48:55.955612,3852.54,onion
2024-12-09 16:48:55.955612,3531.32,onion
2024-12-10 16:48:55.955612,3219.84,onion
2024-12-11 16:48:55.955612,2891.03,onion
2024-12-12 16:48:55.955612,2584.38,onion
2024-12-13 16:48:55.955612,2296.23,onion
2024-12-14 16:48:55.955612,1996.01,onion
2024-12-15 16:48:55.955612,1658.03,onion
2024-12-16 16:48:55.955612,1303.09,onion
2024-12-17 16:48:55.955612,992.21,onion
2024-12-18 16:48:55.955612,820.26,onion
2024-12-19 16:48:55.955612,750.0,onion
2024-12-20 16:48:55.955612,750.0,onion
2024-12-21 16:48:55.955612,750.0,onion
2024-12-22 16:48:55.955612,750.0,onion
2024-12-23 16:48:55.955612,750.0,onion
2024-12-24 16:48:55.955612,750.0,onion
2024-12-25 16:48:55.955612,750.0,onion
2024-12-26 16:48:55.955612,750.0,onion
2024-12-27 16:48:55.955612,750.0,onion
2024-12-28 16:48:55.955612,750.0,onion
2024-12-29 16:48:55.955612,750.0,onion
2024-12-30 16:48:55.955612,750.0,onion
2024-12-31 16:48:55.955612,750.0,onion
2025-01-01 16:48:55.955612,750.0,onion
2025-01-02 16:48:55.955612,750.0,onion
2025-01-03 16:48:55.955612,750.0,onion
2025-01-04 16:48:55.955612,750.0,onion
2025-01-05 16:48:55.955612,750.0,onion
2025-01-06 16:48:55.955612,750.0,onion
2025-01-07 16:48:55.955612,750.0,onion
2025-01-08 16:48:55.955612,750.0,onion
2025-01-09 16:48:55.955612,750.0,onion
2025-01-10 16:48:55.955612,750.0,onion
2025-01-11 16:48:55.955612,750.0,onion
2025-01-12 16:48:55.955612,750.0,onion
2025-01-13 16:48:55.955612,750.0,onion
2025-01-14 16:48:55.955612,750.0,onion
2025-01-15 16:48:55.955612,750.0,onion
2025-01-16 16:48:55.955612,750.0,onion
2025-01-17 16:48:55.955612,750.0,onion
2025-01-18 16:48:55.955612,750.0,onion
2025-01-19 16:48:55.955612,750.0,onion
2025-01-20 16:48:55.955612,750.0,onion
2025-01-21 16:48:55.955612,750.0,onion
2025-01-22 16:48:55.955612,750.0,onion
2025-01-23 16:48:55.955612,750.0,onion
2025-01-24 16:48:55.955612,750.0,onion
2025-01-25 16:48:55.955612,750.0,onion
2025-01-26 16:48:55.955612,750.0,onion
2025-01-27 16:48:55.955612,750.0,onion
2025-01-28 16:48:55.955612,750.0,onion
2025-01-29 16:48:55.955612,750.0,onion
2025-01-30 16:48:55.955612,750.0,onion
2025-01-31 16:48:55.955612,750.0,onion
2025-02-01 16:48:55.955612,750.0,onion
2025-02-02 16:48:55.955612,750.0,onion
2025-02-03 16:48:55.955612,750.0,onion
2025-02-04 16:48:55.955612,750.0,onion
2025-02-05 16:48:55.955612,750.0,onion
2025-02-06 16:48:55.955612,750.0,onion
2025-02-07 16:48:55.955612,750.0,onion
2025-02-08 16:48:55.955612,750.0,onion
2025-02-09 16:48:55.955612,750.0,onion
2025-02-10 16:48:55.955612,750.0,onion
2025-02-11 16:48:55.955612,750.0,onion
2025-02-12 16:48:55.955612,750.0,onion
2025-02-13 16:48:55.955612,750.0,onion
2025-02-14 16:48:55.955612,750.0,onion
2025-02-15 16:48:55.955612,750.0,onion
2025-02-16 16:48:55.955612,750.0,onion
2025-02-17 16:48:55.955612,750.0,onion
2025-02-18 16:48:55.955612,750.0,onion
2025-02-19 16:48:55.955612,750.0,onion
2025-02-20 16:48:55.955612,750.0,onion
2025-02-21 16:48:55.955612,750.0,onion
2025-02-22 16:48:55.955612,750.0,onion
2025-02-23 16:48:55.955612,750.0,onion
2025-02-24 16:48:55.955612,750.0,onion
2025-02-25 16:48:55.955612,750.0,onion
2025-02-26 16:48:55.955612,750.0,onion
2025-02-27 16:48:55.955612,750.0,onion
2025-02-28 16:48:55.955612,750.0,onion
2025-03-01 16:48:55.955612,750.0,onion
2025-03-02 16:48:55.955612,750.0,onion
2025-03-03 16:48:55.955612,750.0,onion
2025-03-04 16:48:55.955612,750.0,onion
2025-03-05 16:48:55.955612,750.0,onion
2025-03-06 16:48:55.955612,750.0,onion
2025-03-07 16:48:55.955612,750.0,onion
2025-03-08 16:48:55.955612,750.0,onion
2025-03-09 16:48:55.955612,750.0,onion
2025-03-10 16:48:55.955612,750.0,onion
2025-03-11 16:48:55.955612,750.0,onion
2025-03-12 16:48:55.955612,750.0,onion
2025-03-13 16:48:55.955612,750.0,onion
2025-03-14 16:48:55.955612,750.0,onion
2025-03-15 16:48:55.955612,750.0,onion
2025-03-16 16:48:55.955612,750.0,onion
2025-03-17 16:48:55.955612,750.0,onion
2025-03-18 16:48:55.955612,750.0,onion
2025-03-19 16:48:55.955612,750.0,onion
2025-03-20 16:48:55.955612,750.0,onion
2025-03-21 16:48:55.955612,750.0,onion
2025-03-22 16:48:55.955612,750.0,onion
2025-03-23 16:48:55.955612,750.0,onion
2025-03-24 16:48:55.955612,750.0,onion
2025-03-25 16:48:55.955612,750.0,onion
2025-03-26 16:48:55.955612,750.0,onion
2025-03-27 16:48:55.955612,750.0,onion
2025-03-28 16:48:55.955612,750.0,onion
2025-03-29 16:48:55.955612,750.0,onion
2025-03-30 16:48:55.955612,750.0,onion
2025-03-31 16:48:55.955612,750.0,onion
2025-04-01 16:48:55.955612,750.0,onion
2025-04-02 16:48:55.955612,750.0,onion
2025-04-03 16:48:55.955612,750.0,onion
2025-04-04 16:48:55.955612,750.0,onion
2025-04-05 16:48:55.955612,750.0,onion
2025-04-06 16:48:55.955612,750.0,onion
2025-04-07 16:48:55.955612,750.0,onion
2025-04-08 16:48:55.955612,750.0,onion
2025-04-09 16:48:55.955612,750.0,onion
2025-04-10 16:48:55.955612,750.0,onion
2025-04-11 16:48:55.955612,750.0,onion
2025-04-12 16:48:55.955612,750.0,onion
2025-04-13 16:48:55.955612,750.0,onion
2025-04-14 16:48:55.955612,750.0,onion
2025-04-15 16:48:55.955612,750.0,onion
2025-04-16 16:48:55.955612,750.0,onion
2025-04-17 16:48:55.955612,750.0,onion
2025-04-18 16:48:55.955612,750.0,onion
2025-04-19 16:48:55.955612,750.0,onion
2025-04-20 16:48:55.955612,750.0,onion
2025-04-21 16:48:55.955612,750.0,onion
2025-04-22 16:48:55.955612,750.0,onion
2025-04-23 16:48:55.955612,750.0,onion
2025-04-24 16:48:55.955612,750.0,onion
2025-04-25 16:48:55.955612,750.0,onion
2025-04-26 16:48:55.955612,750.0,onion
2025-04-27 16:48:55.955612,750.0,onion
2025-04-28 16:48:55.955612,750.0,onion
2025-04-29 16:48:55.955612,750.0,onion
2025-04-30 16:48:55.955612,776.38,onion
2025-05-01 16:48:55.955612,825.95,onion
2025-05-02 16:48:55.955612,914.93,onion
2025-05-03 16:48:55.955612,1026.51,onion
2025-05-04 16:48:55.955612,1091.02,onion
2025-05-05 16:48:55.955612,1108.25,onion
2025-05-06 16:48:55.955612,1098.22,onion
2025-05-07 16:48:55.955612,1094.94,onion
2025-05-08 16:48:55.955612,1117.24,onion
2025-05-09 16:48:55.955612,1123.43,onion
2025-05-10 16:48:55.955612,1170.17,onion
2025-05-11 16:48:55.955612,1245.31,onion
2025-05-12 16:48:55.955612,1333.64,onion
2025-05-13 16:48:55.955612,1420.48,onion
2025-05-14 16:48:55.955612,1438.77,onion
2025-05-15 16:48:55.955612,1447.29,onion
2025-05-16 16:48:55.955612,1471.82,onion
2025-05-17 16:48:55.955612,1532.53,onion
2025-05-18 16:48:55.955612,1592.1,onion
2025-05-19 16:48:55.955612,1610.74,onion
2025-05-20 16:48:55.955612,1607.67,onion
2025-05-21 16:48:55.955612,1594.54,onion
2025-05-22 16:48:55.955612,1564.79,onion
2025-05-23 16:48:55.955612,1574.84,onion
2025-05-24 16:48:55.955612,1587.47,onion
2025-05-25 16:48:55.955612,1597.1,onion
2025-05-26 16:48:55.955612,1613.36,onion
2025-05-27 16:48:55.955612,1600.71,onion
2025-05-28 16:48:55.955612,1635.24,onion
2025-05-29 16:48:55.955612,1644.45,onion
2025-05-30 16:48:55.955612,1683.78,onion
2025-05-31 16:48:55.955612,1806.98,onion
2025-06-01 16:48:55.955612,1995.02,onion
2025-06-02 16:48:55.955612,2224.59,onion
2025-06-03 16:48:55.955612,2410.48,onion
2025-06-04 16:48:55.955612,2628.04,onion
2025-06-05 16:48:55.955612,2904.28,onion
2025-06-06 16:48:55.955612,3179.92,onion
2025-06-07 16:48:55.955612,3391.61,onion
2025-06-08 16:48:55.955612,3563.07,onion
2025-06-09 16:48:55.955612,3746.45,onion
2025-06-10 16:48:55.955612,3986.78,onion
2025-06-11 16:48:55.955612,4225.49,onion
2025-06-12 16:48:55.955612,4475.01,onion
2025-06-13 16:48:55.955612,4700.02,onion
2025-06-14 16:48:55.955612,4911.76,onion
2025-06-15 16:48:55.955612,5071.81,onion
2025-06-16 16:48:55.955612,5212.03,onion
2025-06-17 16:48:55.955612,5330.52,onion
2025-06-18 16:48:55.955612,5472.43,onion
2025-06-19 16:48:55.955612,5632.64,onion
2025-06-20 16:48:55.955612,5818.3,onion
2025-06-21 16:48:55.955612,6018.88,onion
2025-06-22 16:48:55.955612,6206.43,onion
2025-06-23 16:48:55.955612,6391.69,onion
2025-06-24 16:48:55.955612,6560.24,onion
2025-06-25 16:48:55.955612,6729.82,onion
2025-06-26 16:48:55.955612,6914.7,onion
2025-06-27 16:48:55.955612,7105.68,onion
2025-06-28 16:48:55.955612,7270.98,onion
2025-06-29 16:48:55.955612,7420.64,onion
2025-06-30 16:48:55.955612,7616.6,onion
2025-07-01 16:48:55.955612,7898.62,onion
2025-07-02 16:48:55.955612,8255.24,onion
2025-07-03 16:48:55.955612,8615.91,onion
2025-07-04 16:48:55.955612,8950.42,onion
2025-07-05 16:48:55.955612,9249.46,onion
2025-07-06 16:48:55.955612,9525.23,onion
2025-07-07 16:48:55.955612,9812.97,onion
2025-07-08 16:48:55.955612,10074.56,onion
2025-07-09 16:48:55.955612,10344.54,onion
2025-07-10 16:48:55.955612,10627.59,onion
2025-07-11 16:48:55.955612,10916.98,onion
2025-07-12 16:48:55.955612,11185.36,onion
2025-07-13 16:48:55.955612,11413.06,onion
2025-07-14 16:48:55.955612,11643.07,onion
2025-07-15 16:48:55.955612,11906.6,onion
2025-07-16 16:48:55.955612,12154.23,onion
2025-07-17 16:48:55.955612,12395.71,onion
2025-07-18 16:48:55.955612,12572.54,onion
2025-07-19 16:48:55.955612,12749.89,onion
2025-07-20 16:48:55.955612,12932.2,onion
2025-07-21 16:48:55.955612,13123.68,onion
2025-07-22 16:48:55.955612,13317.85,onion
2025-07-23 16:48:55.955612,13498.51,onion
2025-07-24 16:48:55.955612,13663.06,onion
2025-07-25 16:48:55.955612,13807.91,onion
2025-07-26 16:48:55.955612,13930.73,onion
2025-07-27 16:48:55.955612,14067.48,onion
2025-07-28 16:48:55.955612,14172.87,onion
2025-07-29 16:48:55.955612,14300.49,onion
2025-07-30 16:48:55.955612,14405.18,onion
2025-07-31 16:48:55.955612,14537.44,onion
2025-08-01 16:48:55.955612,14684.43,onion
2025-08-02 16:48:55.955612,14840.04,onion
2025-08-03 16:48:55.955612,15035.77,onion
2025-08-04 16:48:55.955612,15247.73,onion
2025-08-05 16:48:55.955612,15500.98,onion
2025-08-06 16:48:55.955612,15745.43,onion
2025-08-07 16:48:55.955612,15965.85,onion
2025-08-08 16:48:55.955612,16165.22,onion
2025-08-09 16:48:55.955612,16367.41,onion
2025-08-10 16:48:55.955612,16565.61,onion
2025-08-11 16:48:55.955612,16767.29,onion
2025-08-12 16:48:55.955612,16914.69,onion
2025-08-13 16:48:55.955612,17044.3,onion
2025-08-14 16:48:55.955612,17164.36,onion
2025-08-15 16:48:55.955612,17327.98,onion
2025-08-16 16:48:55.955612,17480.33,onion
2025-08-17 16:48:55.955612,17650.95,onion
2025-08-18 16:48:55.955612,17761.15,onion
2025-08-19 16:48:55.955612,17862.13,onion
2025-08-20 16:48:55.955612,17907.2,onion
2025-08-21 16:48:55.955612,18001.88,onion
2025-08-22 16:48:55.955612,18082.95,onion
2025-08-23 16:48:55.955612,18188.3,onion
2025-08-24 16:48:55.955612,18297.56,onion
2025-08-25 16:48:55.955612,18455.92,onion
2025-08-26 16:48:55.955612,18624.21,onion
2025-08-27 16:48:55.955612,18721.75,onion
2025-08-28 16:48:55.955612,18822.44,onion
2025-08-29 16:48:55.955612,18920.63,onion
2025-08-30 16:48:55.955612,19033.38,onion
2025-08-31 16:48:55.955612,19066.66,onion
2025-09-01 16:48:55.955612,19036.45,onion
2025-09-02 16:48:55.955612,18997.12,onion
2025-09-03 16:48:55.955612,19014.85,onion
2025-09-04 16:48:55.955612,19071.61,onion
2025-09-05 16:48:55.955612,19112.96,onion
2025-09-06 16:48:55.955612,19106.6,onion
2025-09-07 16:48:55.955612,19104.31,onion
2025-09-08 16:48:55.955612,19131.72,onion
2025-09-09 16:48:55.955612,19199.31,onion
2025-09-10 16:48:55.955612,19235.66,onion
2025-09-11 16:48:55.955612,19290.45,onion
2025-09-12 16:48:55.955612,19345.22,onion
2025-09-13 16:48:55.955612,19401.01,onion
2025-09-14 16:48:55.955612,19403.14,onion
2025-09-15 16:48:55.955612,19376.69,onion
2025-09-16 16:48:55.955612,19341.34,onion
2025-09-17 16:48:55.955612,19319.31,onion
2025-09-18 16:48:55.955612,19248.21,onion
2025-09-19 16:48:55.955612,19183.41,onion
2025-09-20 16:48:55.955612,19135.27,onion
2025-09-21 16:48:55.955612,19075.74,onion
2025-09-22 16:48:55.955612,19047.49,onion
2025-09-23 16:48:55.955612,19013.89,onion
2025-09-24 16:48:55.955612,19079.3,onion
2025-09-25 16:48:55.955612,19132.26,onion
2025-09-26 16:48:55.955612,19171.49,onion
2025-09-27 16:48:55.955612,19161.7,onion
2025-09-28 16:48:55.955612,19116.75,onion
2025-09-29 16:48:55.955612,19079.12,onion
2025-09-30 16:48:55.955612,19018.72,onion
2025-10-01 16:48:55.955612,18917.9,onion
2025-10-02 16:48:55.955612,18777.64,onion
2025-10-03 16:48:55.955612,18612.36,onion
2025-10-04 16:48:55.955612,18414.84,onion
2025-10-05 16:48:55.955612,18191.55,onion
2025-10-06 16:48:55.955612,17989.21,onion
2025-10-07 16:48:55.955612,17801.51,onion
2025-10-08 16:48:55.955612,17608.32,onion
2025-10-09 16:48:55.955612,17429.85,onion
2025-10-10 16:48:55.955612,17253.86,onion
2025-10-11 16:48:55.955612,17079.83,onion
2025-10-12 16:48:55.955612,16881.58,onion
2025-10-13 16:48:55.955612,16723.89,onion
2025-10-14 16:48:55.955612,16584.84,onion
2025-10-15 16:48:55.955612,16416.81,onion
2025-10-16 16:48:55.955612,16253.38,onion
2025-10-17 16:48:55.955612,16115.61,onion
2025-10-18 16:48:55.955612,16027.43,onion
2025-10-19 16:48:55.955612,15949.87,onion
2025-10-20 16:48:55.955612,15842.12,onion
2025-10-21 16:48:55.955612,15762.85,onion
2025-10-22 16:48:55.955612,15688.72,onion
2025-10-23 16:48:55.955612,15633.02,onion
2025-10-24 16:48:55.955612,15554.69,onion
2025-10-25 16:48:55.955612,15433.49,onion
2025-10-26 16:48:55.955612,15316.62,onion
2025-10-27 16:48:55.955612,15213.91,onion
2025-10-28 16:48:55.955612,15132.33,onion
2025-10-29 16:48:55.955612,15062.48,onion
2025-10-30 16:48:55.955612,14940.61,onion
2025-10-31 16:48:55.955612,14732.6,onion
2025-11-01 16:48:55.955612,14407.37,onion
2025-11-02 16:48:55.955612,14080.6,onion
2025-11-03 16:48:55.955612,13765.64,onion
2025-11-04 16:48:55.955612,13454.37,onion
2025-11-05 16:48:55.955612,13144.15,onion
2025-11-06 16:48:55.955612,12845.49,onion
2025-11-07 16:48:55.955612,12588.53,onion
2025-11-08 16:48:55.955612,12285.13,onion
2025-11-09 16:48:55.955612,11961.22,onion
2025-11-10 16:48:55.955612,11642.03,onion
2025-11-11 16:48:55.955612,11355.62,onion
2025-11-12 16:48:55.955612,11082.52,onion
2025-11-13 16:48:55.955612,10810.07,onion
2025-11-14 16:48:55.955612,10486.21,onion
2025-11-15 16:48:55.955612,10179.71,onion
2025-11-16 16:48:55.955612,9868.78,onion
2025-11-17 16:48:55.955612,9570.88,onion
2025-11-18 16:48:55.955612,9272.71,onion
2025-11-19 16:48:55.955612,9013.4,onion
2025-11-20 16:48:55.955612,8730.02,onion
2025-11-21 16:48:55.955612,8480.26,onion
2025-11-22 16:48:55.955612,8201.29,onion
2025-11-23 16:48:55.955612,7985.11,onion
2025-11-24 16:48:55.955612,7795.95,onion
2025-11-25 16:48:55.955612,7639.68,onion
2025-11-26 16:48:55.955612,7533.17,onion
2025-11-27 16:48:55.955612,7412.13,onion
2025-11-28 16:48:55.955612,7284.36,onion
2025-11-29 16:48:55.955612,7150.38,onion
2025-11-30 16:48:55.955612,6905.59,onion
2025-12-01 16:48:55.955612,6542.72,onion
2025-12-02 16:48:55.955612,6039.83,onion
2025-12-03 16:48:55.955612,5537.21,onion
2025-12-04 16:48:55.955612,5076.22,onion
2025-12-05 16:48:55.955612,4614.32,onion
2025-12-06 16:48:55.955612,4169.01,onion
2025-12-07 16:48:55.955612,3756.22,onion
2025-12-08 16:48:55.955612,3384.08,onion
2025-12-09 16:48:55.955612,3064.99,onion
2025-12-10 16:48:55.955612,2752.65,onion
2025-12-11 16:48:55.955612,2456.55,onion
2025-12-12 16:48:55.955612,2142.09,onion
2025-12-13 16:48:55.955612,1815.32,onion
2025-12-14 16:48:55.955612,1515.87,onion
2025-12-15 16:48:55.955612,1225.93,onion
2025-12-16 16:48:55.955612,978.56,onion
2025-12-17 16:48:55.955612,816.64,onion
2025-12-18 16:48:55.955612,750.0,onion
2025-12-19 16:48:55.955612,750.0,onion
2025-12-20 16:48:55.955612,750.0,onion
2025-12-21 16:48:55.955612,750.0,onion
2025-12-22 16:48:55.955612,750.0,onion
2025-12-23 16:48:55.955612,750.0,onion
2025-12-24 16:48:55.955612,750.0,onion
2025-12-25 16:48:55.955612,750.0,onion
2025-12-26 16:48:55.955612,750.0,onion
2025-12-27 16:48:55.955612,750.0,onion
2025-12-28 16:48:55.955612,750.0,onion
2025-12-29 16:48:55.955612,750.0,onion
2025-12-30 16:48:55.955612,750.0,onion
2025-12-31 16:48:55.955612,750.0,onion
2026-01-01 16:48:55.955612,750.0,onion
2026-01-02 16:48:55.955612,750.0,onion
2026-01-03 16:48:55.955612,750.0,onion
2026-01-04 16:48:55.955612,750.0,onion
2026-01-05 16:48:55.955612,750.0,onion
2026-01-06 16:48:55.955612,750.0,onion
2026-01-07 16:48:55.955612,750.0,onion
2026-01-08 16:48:55.955612,750.0,onion
2026-01-09 16:48:55.955612,750.0,onion
2026-01-10 16:48:55.955612,750.0,onion
2026-01-11 16:48:55.955612,750.0,onion
2026-01-12 16:48:55.955612,750.0,onion
2026-01-13 16:48:55.955612,750.0,onion
2026-01-14 16:48:55.955612,750.0,onion
2026-01-15 16:48:55.955612,750.0,onion
2026-01-16 16:48:55.955612,750.0,onion
2026-01-17 16:48:55.955612,750.0,onion
2026-01-18 16:48:55.955612,750.0,onion
2026-01-19 16:48:55.955612,750.0,onion
2026-01-20 16:48:55.955612,750.0,onion
2026-01-21 16:48:55.955612,750.0,onion
2026-01-22 16:48:55.955612,750.0,onion
2026-01-23 16:48:55.955612,750.0,onion
2026-01-24 16:48:55.955612,750.0,onion
2026-01-25 16:48:55.955612,750.0,onion
2026-01-26 16:48:55.955612,750.0,onion
2026-01-27 16:48:55.955612,750.0,onion
2026-01-28 16:48:55.955612,750.0,onion
2026-01-29 16:48:55.955612,750.0,onion
2026-01-30 16:48:55.955612,750.0,onion
2026-01-31 16:48:55.955612,750.0,onion
2026-02-01 16:48:55.955612,750.0,onion
2026-02-02 16:48:55.955612,750.0,onion
2026-02-03 16:48:55.955612,750.0,onion
2026-02-04 16:48:55.955612,750.0,onion
2026-02-05 16:48:55.955612,750.0,onion
2026-02-06 16:48:55.955612,750.0,onion
2026-02-07 16:48:55.955612,750.0,onion
2026-02-08 16:48:55.955612,750.0,onion
2026-02-09 16:48:55.955612,750.0,onion
2026-02-10 16:48:55.955612,750.0,onion
2026-02-11 16:48:55.955612,750.0,onion
2026-02-12 16:48:55.955612,750.0,onion
2026-02-13 16:48:55.955612,750.0,onion
2026-02-14 16:48:55.955612,750.0,onion
2026-02-15 16:48:55.955612,750.0,onion
2026-02-16 16:48:55.955612,750.0,onion
2026-02-17 16:48:55.955612,750.0,onion
2026-02-18 16:48:55.955612,750.0,onion
2026-02-19 16:48:55.955612,750.0,onion
2026-02-20 16:48:55.955612,750.0,onion
2026-02-21 16:48:55.955612,750.0,onion
2026-02-22 16:48:55.955612,750.0,onion
2026-02-23 16:48:55.955612,750.0,onion
2026-02-24 16:48:55.955612,750.0,onion
2026-02-25 16:48:55.955612,750.0,onion
2026-02-26 16:48:55.955612,750.0,onion
2026-02-27 16:48:55.955612,750.0,onion
2026-02-28 16:48:55.955612,750.0,onion
2026-03-01 16:48:55.955612,750.0,onion
2026-03-02 16:48:55.955612,750.0,onion
2026-03-03 16:48:55.955612,750.0,onion
2026-03-04 16:48:55.955612,750.0,onion
2026-03-05 16:48:55.955612,750.0,onion
2026-03-06 16:48:55.955612,750.0,onion
2026-03-07 16:48:55.955612,750.0,onion
2026-03-08 16:48:55.955612,750.0,onion
2026-03-09 16:48:55.955612,750.0,onion
2026-03-10 16:48:55.955612,750.0,onion
2026-03-11 16:48:55.955612,750.0,onion
2026-03-12 16:48:55.955612,750.0,onion
2026-03-13 16:48:55.955612,750.0,onion
2026-03-14 16:48:55.955612,750.0,onion
2026-03-15 16:48:55.955612,750.0,onion
2026-03-16 16:48:55.955612,750.0,onion
2026-03-17 16:48:55.955612,750.0,onion
2026-03-18 16:48:55.955612,750.0,onion
2026-03-19 16:48:55.955612,750.0,onion
2026-03-20 16:48:55.955612,750.0,onion
2026-03-21 16:48:55.955612,750.0,onion
2026-03-22 16:48:55.955612,750.0,onion
2026-03-23 16:48:55.955612,750.0,onion
2026-03-24 16:48:55.955612,750.0,onion
2026-03-25 16:48:55.955612,750.0,onion
2026-03-26 16:48:55.955612,750.0,onion
2026-03-27 16:48:55.955612,750.0,onion
2026-03-28 16:48:55.955612,750.0,onion
2026-03-29 16:48:55.955612,750.0,onion
2026-03-30 16:48:55.955612,750.0,onion
2026-03-31 16:48:55.955612,750.0,onion
2026-04-01 16:48:55.955612,750.0,onion
2026-04-02 16:48:55.955612,750.0,onion
2026-04-03 16:48:55.955612,750.0,onion
2026-04-04 16:48:55.955612,750.0,onion
2026-04-05 16:48:55.955612,750.0,onion
2026-04-06 16:48:55.955612,750.0,onion
2026-04-07 16:48:55.955612,750.0,onion
2026-04-08 16:48:55.955612,750.0,onion
2026-04-09 16:48:55.955612,750.0,onion
2026-04-10 16:48:55.955612,750.0,onion
2026-04-11 16:48:55.955612,500.0,onion
2023-04-12 16:48:55.964001,1076.04,tomato
2023-04-13 16:48:55.964001,1745.13,tomato
2023-04-14 16:48:55.964001,2004.8,tomato
2023-04-15 16:48:55.964001,2267.31,tomato
2023-04-16 16:48:55.964001,2543.87,tomato
2023-04-17 16:48:55.964001,2831.19,tomato
2023-04-18 16:48:55.964001,3134.69,tomato
2023-04-19 16:48:55.964001,3411.78,tomato
2023-04-20 16:48:55.964001,3691.75,tomato
2023-04-21 16:48:55.964001,3967.98,tomato
2023-04-22 16:48:55.964001,4261.23,tomato
2023-04-23 16:48:55.964001,4510.68,tomato
2023-04-24 16:48:55.964001,4747.95,tomato
2023-04-25 16:48:55.964001,4926.33,tomato
2023-04-26 16:48:55.964001,5100.24,tomato
2023-04-27 16:48:55.964001,5280.78,tomato
2023-04-28 16:48:55.964001,5523.57,tomato
2023-04-29 16:48:55.964001,5756.59,tomato
2023-04-30 16:48:55.964001,6004.52,tomato
2023-05-01 16:48:55.964001,6239.89,tomato
2023-05-02 16:48:55.964001,6542.01,tomato
2023-05-03 16:48:55.964001,6825.85,tomato
2023-05-04 16:48:55.964001,7130.44,tomato
2023-05-05 16:48:55.964001,7437.72,tomato
2023-05-06 16:48:55.964001,7801.37,tomato
2023-05-07 16:48:55.964001,8128.38,tomato
2023-05-08 16:48:55.964001,8432.58,tomato
2023-05-09 16:48:55.964001,8695.06,tomato
2023-05-10 16:48:55.964001,8970.94,tomato
2023-05-11 16:48:55.964001,9230.97,tomato
2023-05-12 16:48:55.964001,9515.11,tomato
2023-05-13 16:48:55.964001,9769.85,tomato
2023-05-14 16:48:55.964001,10032.73,tomato
2023-05-15 16:48:55.964001,10238.14,tomato
2023-05-16 16:48:55.964001,10474.22,tomato
2023-05-17 16:48:55.964001,10686.01,tomato
2023-05-18 16:48:55.964001,10881.32,tomato
2023-05-19 16:48:55.964001,11064.47,tomato
2023-05-20 16:48:55.964001,11265.75,tomato
2023-05-21 16:48:55.964001,11508.19,tomato
2023-05-22 16:48:55.964001,11724.12,tomato
2023-05-23 16:48:55.964001,11883.96,tomato
2023-05-24 16:48:55.964001,12048.06,tomato
2023-05-25 16:48:55.964001,12238.43,tomato
2023-05-26 16:48:55.964001,12443.01,tomato
2023-05-27 16:48:55.964001,12630.23,tomato
2023-05-28 16:48:55.964001,12809.62,tomato
2023-05-29 16:48:55.964001,13016.92,tomato
2023-05-30 16:48:55.964001,13234.71,tomato
2023-05-31 16:48:55.964001,13482.68,tomato
2023-06-01 16:48:55.964001,13748.46,tomato
2023-06-02 16:48:55.964001,13980.83,tomato
2023-06-03 16:48:55.964001,14173.51,tomato
2023-06-04 16:48:55.964001,14421.07,tomato
2023-06-05 16:48:55.964001,14672.49,tomato
2023-06-06 16:48:55.964001,14948.65,tomato
2023-06-07 16:48:55.964001,15157.82,tomato
2023-06-08 16:48:55.964001,15381.91,tomato
2023-06-09 16:48:55.964001,15586.32,tomato
2023-06-10 16:48:55.964001,15788.82,tomato
2023-06-11 16:48:55.964001,15970.32,tomato
2023-06-12 16:48:55.964001,16106.55,tomato
2023-06-13 16:48:55.964001,16203.97,tomato
2023-06-14 16:48:55.964001,16289.34,tomato
2023-06-15 16:48:55.964001,16410.64,tomato
2023-06-16 16:48:55.964001,16560.42,tomato
2023-06-17 16:48:55.964001,16730.43,tomato
2023-06-18 16:48:55.964001,16910.98,tomato
2023-06-19 16:48:55.964001,17121.18,tomato
2023-06-20 16:48:55.964001,17323.16,tomato
2023-06-21 16:48:55.964001,17471.18,tomato
2023-06-22 16:48:55.964001,17543.19,tomato
2023-06-23 16:48:55.964001,17581.1,tomato
2023-06-24 16:48:55.964001,17664.7,tomato
2023-06-25 16:48:55.964001,17761.64,tomato
2023-06-26 16:48:55.964001,17874.41,tomato
2023-06-27 16:48:55.964001,17966.42,tomato
2023-06-28 16:48:55.964001,18066.14,tomato
2023-06-29 16:48:55.964001,18172.96,tomato
2023-06-30 16:48:55.964001,18248.88,tomato
2023-07-01 16:48:55.964001,18265.54,tomato
2023-07-02 16:48:55.964001,18223.19,tomato
2023-07-03 16:48:55.964001,18184.38,tomato
2023-07-04 16:48:55.964001,18186.93,tomato
2023-07-05 16:48:55.964001,18248.12,tomato
2023-07-06 16:48:55.964001,18315.76,tomato
2023-07-07 16:48:55.964001,18436.36,tomato
2023-07-08 16:48:55.964001,18528.23,tomato
2023-07-09 16:48:55.964001,18574.24,tomato
2023-07-10 16:48:55.964001,18548.27,tomato
2023-07-11 16:48:55.964001,18504.23,tomato
2023-07-12 16:48:55.964001,18483.12,tomato
2023-07-13 16:48:55.964001,18460.29,tomato
2023-07-14 16:48:55.964001,18420.83,tomato
2023-07-15 16:48:55.964001,18397.99,tomato
2023-07-16 16:48:55.964001,18365.63,tomato
2023-07-17 16:48:55.964001,18373.75,tomato
2023-07-18 16:48:55.964001,18350.79,tomato
2023-07-19 16:48:55.964001,18356.63,tomato
2023-07-20 16:48:55.964001,18361.18,tomato
2023-07-21 16:48:55.964001,18389.05,tomato
2023-07-22 16:48:55.964001,18386.16,tomato
2023-07-23 16:48:55.964001,18335.67,tomato
2023-07-24 16:48:55.964001,18276.29,tomato
2023-07-25 16:48:55.964001,18264.45,tomato
2023-07-26 16:48:55.964001,18308.95,tomato
2023-07-27 16:48:55.964001,18366.65,tomato
2023-07-28 16:48:55.964001,18350.47,tomato
2023-07-29 16:48:55.964001,18295.94,tomato
2023-07-30 16:48:55.964001,18260.89,tomato
2023-07-31 16:48:55.964001,18199.77,tomato
2023-08-01 16:48:55.964001,18095.87,tomato
2023-08-02 16:48:55.964001,17881.49,tomato
2023-08-03 16:48:55.964001,17686.88,tomato
2023-08-04 16:48:55.964001,17494.68,tomato
2023-08-05 16:48:55.964001,17327.87,tomato
2023-08-06 16:48:55.964001,17142.94,tomato
2023-08-07 16:48:55.964001,16958.3,tomato
2023-08-08 16:48:55.964001,16767.12,tomato
2023-08-09 16:48:55.964001,16588.78,tomato
2023-08-10 16:48:55.964001,16407.75,tomato
2023-08-11 16:48:55.964001,16217.63,tomato
2023-08-12 16:48:55.964001,16040.96,tomato
2023-08-13 16:48:55.964001,15841.74,tomato
2023-08-14 16:48:55.964001,15686.37,tomato
2023-08-15 16:48:55.964001,15511.58,tomato
2023-08-16 16:48:55.964001,15403.83,tomato
2023-08-17 16:48:55.964001,15329.85,tomato
2023-08-18 16:48:55.964001,15263.58,tomato
2023-08-19 16:48:55.964001,15137.88,tomato
2023-08-20 16:48:55.964001,14955.01,tomato
2023-08-21 16:48:55.964001,14783.43,tomato
2023-08-22 16:48:55.964001,14644.68,tomato
2023-08-23 16:48:55.964001,14529.45,tomato
2023-08-24 16:48:55.964001,14387.16,tomato
2023-08-25 16:48:55.964001,14255.36,tomato
2023-08-26 16:48:55.964001,14126.26,tomato
2023-08-27 16:48:55.964001,14042.15,tomato
2023-08-28 16:48:55.964001,13934.14,tomato
2023-08-29 16:48:55.964001,13849.86,tomato
2023-08-30 16:48:55.964001,13762.92,tomato
2023-08-31 16:48:55.964001,13611.44,tomato
2023-09-01 16:48:55.964001,13344.42,tomato
2023-09-02 16:48:55.964001,12972.59,tomato
2023-09-03 16:48:55.964001,12602.18,tomato
2023-09-04 16:48:55.964001,12279.23,tomato
2023-09-05 16:48:55.964001,11974.54,tomato
2023-09-06 16:48:55.964001,11685.43,tomato
2023-09-07 16:48:55.964001,11412.62,tomato
2023-09-08 16:48:55.964001,11166.4,tomato
2023-09-09 16:48:55.964001,10957.4,tomato
2023-09-10 16:48:55.964001,10723.93,tomato
2023-09-11 16:48:55.964001,10513.15,tomato
2023-09-12 16:48:55.964001,10269.6,tomato
2023-09-13 16:48:55.964001,10047.5,tomato
2023-09-14 16:48:55.964001,9820.97,tomato
2023-09-15 16:48:55.964001,9622.15,tomato
2023-09-16 16:48:55.964001,9357.08,tomato
2023-09-17 16:48:55.964001,9055.78,tomato
2023-09-18 16:48:55.964001,8755.03,tomato
2023-09-19 16:48:55.964001,8507.98,tomato
2023-09-20 16:48:55.964001,8298.89,tomato
2023-09-21 16:48:55.964001,8075.2,tomato
2023-09-22 16:48:55.964001,7878.05,tomato
2023-09-23 16:48:55.964001,7628.49,tomato
2023-09-24 16:48:55.964001,7382.17,tomato
2023-09-25 16:48:55.964001,7119.03,tomato
2023-09-26 16:48:55.964001,6916.98,tomato
2023-09-27 16:48:55.964001,6696.33,tomato
2023-09-28 16:48:55.964001,6500.18,tomato
2023-09-29 16:48:55.964001,6345.38,tomato
2023-09-30 16:48:55.964001,6140.11,tomato
2023-10-01 16:48:55.964001,5819.74,tomato
2023-10-02 16:48:55.964001,5380.08,tomato
2023-10-03 16:48:55.964001,4928.92,tomato
2023-10-04 16:48:55.964001,4519.85,tomato
2023-10-05 16:48:55.964001,4177.86,tomato
2023-10-06 16:48:55.964001,3871.89,tomato
2023-10-07 16:48:55.964001,3580.07,tomato
2023-10-08 16:48:55.964001,3233.07,tomato
2023-10-09 16:48:55.964001,2897.33,tomato
2023-10-10 16:48:55.964001,2583.55,tomato
2023-10-11 16:48:55.964001,2313.49,tomato
2023-10-12 16:48:55.964001,2044.97,tomato
2023-10-13 16:48:55.964001,1714.46,tomato
2023-10-14 16:48:55.964001,1359.02,tomato
2023-10-15 16:48:55.964001,998.55,tomato
2023-10-16 16:48:55.964001,756.69,tomato
2023-10-17 16:48:55.964001,620.1,tomato
2023-10-18 16:48:55.964001,600.0,tomato
2023-10-19 16:48:55.964001,600.0,tomato
2023-10-20 16:48:55.964001,600.0,tomato
2023-10-21 16:48:55.964001,600.0,tomato
2023-10-22 16:48:55.964001,600.0,tomato
2023-10-23 16:48:55.964001,600.0,tomato
2023-10-24 16:48:55.964001,600.0,tomato
2023-10-25 16:48:55.964001,600.0,tomato
2023-10-26 16:48:55.964001,600.0,tomato
2023-10-27 16:48:55.964001,600.0,tomato
2023-10-28 16:48:55.964001,600.0,tomato
2023-10-29 16:48:55.964001,600.0,tomato
2023-10-30 16:48:55.964001,600.0,tomato
2023-10-31 16:48:55.964001,600.0,tomato
2023-11-01 16:48:55.964001,600.0,tomato
2023-11-02 16:48:55.964001,600.0,tomato
2023-11-03 16:48:55.964001,600.0,tomato
2023-11-04 16:48:55.964001,600.0,tomato
2023-11-05 16:48:55.964001,600.0,tomato
2023-11-06 16:48:55.964001,600.0,tomato
2023-11-07 16:48:55.964001,600.0,tomato
2023-11-08 16:48:55.964001,600.0,tomato
2023-11-09 16:48:55.964001,600.0,tomato
2023-11-10 16:48:55.964001,600.0,tomato
2023-11-11 16:48:55.964001,600.0,tomato
2023-11-12 16:48:55.964001,600.0,tomato
2023-11-13 16:48:55.964001,600.0,tomato
2023-11-14 16:48:55.964001,600.0,tomato
2023-11-15 16:48:55.964001,600.0,tomato
2023-11-16 16:48:55.964001,600.0,tomato
2023-11-17 16:48:55.964001,600.0,tomato
2023-11-18 16:48:55.964001,600.0,tomato
2023-11-19 16:48:55.964001,600.0,tomato
2023-11-20 16:48:55.964001,600.0,tomato
2023-11-21 16:48:55.964001,600.0,tomato
2023-11-22 16:48:55.964001,600.0,tomato
2023-11-23 16:48:55.964001,600.0,tomato
2023-11-24 16:48:55.964001,600.0,tomato
2023-11-25 16:48:55.964001,600.0,tomato
2023-11-26 16:48:55.964001,600.0,tomato
2023-11-27 16:48:55.964001,600.0,tomato
2023-11-28 16:48:55.964001,600.0,tomato
2023-11-29 16:48:55.964001,600.0,tomato
2023-11-30 16:48:55.964001,600.0,tomato
2023-12-01 16:48:55.964001,600.0,tomato
2023-12-02 16:48:55.964001,600.0,tomato
2023-12-03 16:48:55.964001,600.0,tomato
2023-12-04 16:48:55.964001,600.0,tomato
2023-12-05 16:48:55.964001,600.0,tomato
2023-12-06 16:48:55.964001,600.0,tomato
2023-12-07 16:48:55.964001,600.0,tomato
2023-12-08 16:48:55.964001,600.0,tomato
2023-12-09 16:48:55.964001,600.0,tomato
2023-12-10 16:48:55.964001,600.0,tomato
2023-12-11 16:48:55.964001,600.0,tomato
2023-12-12 16:48:55.964001,600.0,tomato
2023-12-13 16:48:55.964001,600.0,tomato
2023-12-14 16:48:55.964001,600.0,tomato
2023-12-15 16:48:55.964001,600.0,tomato
2023-12-16 16:48:55.964001,600.0,tomato
2023-12-17 16:48:55.964001,600.0,tomato
2023-12-18 16:48:55.964001,600.0,tomato
2023-12-19 16:48:55.964001,600.0,tomato
2023-12-20 16:48:55.964001,600.0,tomato
2023-12-21 16:48:55.964001,600.0,tomato
2023-12-22 16:48:55.964001,600.0,tomato
2023-12-23 16:48:55.964001,600.0,tomato
2023-12-24 16:48:55.964001,600.0,tomato
2023-12-25 16:48:55.964001,600.0,tomato
2023-12-26 16:48:55.964001,600.0,tomato
2023-12-27 16:48:55.964001,600.0,tomato
2023-12-28 16:48:55.964001,600.0,tomato
2023-12-29 16:48:55.964001,600.0,tomato
2023-12-30 16:48:55.964001,600.0,tomato
2023-12-31 16:48:55.964001,600.0,tomato
2024-01-01 16:48:55.964001,600.0,tomato
2024-01-02 16:48:55.964001,600.0,tomato
2024-01-03 16:48:55.964001,600.0,tomato
2024-01-04 16:48:55.964001,600.0,tomato
2024-01-05 16:48:55.964001,600.0,tomato
2024-01-06 16:48:55.964001,600.0,tomato
2024-01-07 16:48:55.964001,600.0,tomato
2024-01-08 16:48:55.964001,600.0,tomato
2024-01-09 16:48:55.964001,600.0,tomato
2024-01-10 16:48:55.964001,600.0,tomato
2024-01-11 16:48:55.964001,600.0,tomato
2024-01-12 16:48:55.964001,600.0,tomato
2024-01-13 16:48:55.964001,600.0,tomato
2024-01-14 16:48:55.964001,600.0,tomato
2024-01-15 16:48:55.964001,600.0,tomato
2024-01-16 16:48:55.964001,600.0,tomato
2024-01-17 16:48:55.964001,600.0,tomato
2024-01-18 16:48:55.964001,600.0,tomato
2024-01-19 16:48:55.964001,600.0,tomato
2024-01-20 16:48:55.964001,600.0,tomato
2024-01-21 16:48:55.964001,600.0,tomato
2024-01-22 16:48:55.964001,600.0,tomato
2024-01-23 16:48:55.964001,600.0,tomato
2024-01-24 16:48:55.964001,600.0,tomato
2024-01-25 16:48:55.964001,600.0,tomato
2024-01-26 16:48:55.964001,600.0,tomato
2024-01-27 16:48:55.964001,600.0,tomato
2024-01-28 16:48:55.964001,600.0,tomato
2024-01-29 16:48:55.964001,600.0,tomato
2024-01-30 16:48:55.964001,600.0,tomato
2024-01-31 16:48:55.964001,600.0,tomato
2024-02-01 16:48:55.964001,600.0,tomato
2024-02-02 16:48:55.964001,600.0,tomato
2024-02-03 16:48:55.964001,600.0,tomato
2024-02-04 16:48:55.964001,600.0,tomato
2024-02-05 16:48:55.964001,600.0,tomato
2024-02-06 16:48:55.964001,600.0,tomato
2024-02-07 16:48:55.964001,600.0,tomato
2024-02-08 16:48:55.964001,600.0,tomato
2024-02-09 16:48:55.964001,600.0,tomato
2024-02-10 16:48:55.964001,600.0,tomato
2024-02-11 16:48:55.964001,600.0,tomato
2024-02-12 16:48:55.964001,600.0,tomato
2024-02-13 16:48:55.964001,600.0,tomato
2024-02-14 16:48:55.964001,600.0,tomato
2024-02-15 16:48:55.964001,600.0,tomato
2024-02-16 16:48:55.964001,600.0,tomato
2024-02-17 16:48:55.964001,600.0,tomato
2024-02-18 16:48:55.964001,600.0,tomato
2024-02-19 16:48:55.964001,600.0,tomato
2024-02-20 16:48:55.964001,600.0,tomato
2024-02-21 16:48:55.964001,600.0,tomato
2024-02-22 16:48:55.964001,600.0,tomato
2024-02-23 16:48:55.964001,600.0,tomato
2024-02-24 16:48:55.964001,600.0,tomato
2024-02-25 16:48:55.964001,600.0,tomato
2024-02-26 16:48:55.964001,600.0,tomato
2024-02-27 16:48:55.964001,600.0,tomato
2024-02-28 16:48:55.964001,600.0,tomato
2024-02-29 16:48:55.964001,600.0,tomato
2024-03-01 16:48:55.964001,642.86,tomato
2024-03-02 16:48:55.964001,705.32,tomato
2024-03-03 16:48:55.964001,783.64,tomato
2024-03-04 16:48:55.964001,823.91,tomato
2024-03-05 16:48:55.964001,846.04,tomato
2024-03-06 16:48:55.964001,873.29,tomato
2024-03-07 16:48:55.964001,899.38,tomato
2024-03-08 16:48:55.964001,967.04,tomato
2024-03-09 16:48:55.964001,1008.95,tomato
2024-03-10 16:48:55.964001,1058.24,tomato
2024-03-11 16:48:55.964001,1058.52,tomato
2024-03-12 16:48:55.964001,1078.9,tomato
2024-03-13 16:48:55.964001,1095.37,tomato
2024-03-14 16:48:55.964001,1131.69,tomato
2024-03-15 16:48:55.964001,1165.38,tomato
2024-03-16 16:48:55.964001,1196.94,tomato
2024-03-17 16:48:55.964001,1210.58,tomato
2024-03-18 16:48:55.964001,1214.56,tomato
2024-03-19 16:48:55.964001,1227.95,tomato
2024-03-20 16:48:55.964001,1223.05,tomato
2024-03-21 16:48:55.964001,1250.6,tomato
2024-03-22 16:48:55.964001,1252.93,tomato
2024-03-23 16:48:55.964001,1307.03,tomato
2024-03-24 16:48:55.964001,1329.17,tomato
2024-03-25 16:48:55.964001,1367.24,tomato
2024-03-26 16:48:55.964001,1385.14,tomato
2024-03-27 16:48:55.964001,1419.13,tomato
2024-03-28 16:48:55.964001,1479.66,tomato
2024-03-29 16:48:55.964001,1521.33,tomato
2024-03-30 16:48:55.964001,1527.32,tomato
2024-03-31 16:48:55.964001,1588.23,tomato
2024-04-01 16:48:55.964001,1721.19,tomato
2024-04-02 16:48:55.964001,1974.82,tomato
2024-04-03 16:48:55.964001,2220.62,tomato
2024-04-04 16:48:55.964001,2467.46,tomato
2024-04-05 16:48:55.964001,2732.68,tomato
2024-04-06 16:48:55.964001,2967.07,tomato
2024-04-07 16:48:55.964001,3244.88,tomato
2024-04-08 16:48:55.964001,3480.99,tomato
2024-04-09 16:48:55.964001,3711.6,tomato
2024-04-10 16:48:55.964001,3918.18,tomato
2024-04-11 16:48:55.964001,4102.39,tomato
2024-04-12 16:48:55.964001,4324.48,tomato
2024-04-13 16:48:55.964001,4523.4,tomato
2024-04-14 16:48:55.964001,4703.44,tomato
2024-04-15 16:48:55.964001,4840.93,tomato
2024-04-16 16:48:55.964001,4974.25,tomato
2024-04-17 16:48:55.964001,5111.3,tomato
2024-04-18 16:48:55.964001,5273.2,tomato
2024-04-19 16:48:55.964001,5426.86,tomato
2024-04-20 16:48:55.964001,5586.13,tomato
2024-04-21 16:48:55.964001,5743.29,tomato
2024-04-22 16:48:55.964001,5878.54,tomato
2024-04-23 16:48:55.964001,6016.98,tomato
2024-04-24 16:48:55.964001,6165.61,tomato
2024-04-25 16:48:55.964001,6346.83,tomato
2024-04-26 16:48:55.964001,6537.19,tomato
2024-04-27 16:48:55.964001,6705.06,tomato
2024-04-28 16:48:55.964001,6874.3,tomato
2024-04-29 16:48:55.964001,7031.65,tomato
2024-04-30 16:48:55.964001,7252.22,tomato
2024-05-01 16:48:55.964001,7543.48,tomato
2024-05-02 16:48:55.964001,7906.46,tomato
2024-05-03 16:48:55.964001,8311.55,tomato
2024-05-04 16:48:55.964001,8671.56,tomato
2024-05-05 16:48:55.964001,9014.72,tomato
2024-05-06 16:48:55.964001,9261.8,tomato
2024-05-07 16:48:55.964001,9520.1,tomato
2024-05-08 16:48:55.964001,9788.72,tomato
2024-05-09 16:48:55.964001,10069.84,tomato
2024-05-10 16:48:55.964001,10362.93,tomato
2024-05-11 16:48:55.964001,10629.37,tomato
2024-05-12 16:48:55.964001,10893.6,tomato
2024-05-13 16:48:55.964001,11108.04,tomato
2024-05-14 16:48:55.964001,11321.64,tomato
2024-05-15 16:48:55.964001,11553.81,tomato
2024-05-16 16:48:55.964001,11768.88,tomato
2024-05-17 16:48:55.964001,11979.99,tomato
2024-05-18 16:48:55.964001,12122.35,tomato
2024-05-19 16:48:55.964001,12253.55,tomato
2024-05-20 16:48:55.964001,12357.47,tomato
2024-05-21 16:48:55.964001,12529.45,tomato
2024-05-22 16:48:55.964001,12718.56,tomato
2024-05-23 16:48:55.964001,12904.45,tomato
2024-05-24 16:48:55.964001,13072.07,tomato
2024-05-25 16:48:55.964001,13273.12,tomato
2024-05-26 16:48:55.964001,13487.81,tomato
2024-05-27 16:48:55.964001,13662.49,tomato
2024-05-28 16:48:55.964001,13800.39,tomato
2024-05-29 16:48:55.964001,13946.26,tomato
2024-05-30 16:48:55.964001,14087.28,tomato
2024-05-31 16:48:55.964001,14249.77,tomato
2024-06-01 16:48:55.964001,14420.26,tomato
2024-06-02 16:48:55.964001,14635.67,tomato
2024-06-03 16:48:55.964001,14878.38,tomato
2024-06-04 16:48:55.964001,15083.17,tomato
2024-06-05 16:48:55.964001,15258.23,tomato
2024-06-06 16:48:55.964001,15422.88,tomato
2024-06-07 16:48:55.964001,15622.35,tomato
2024-06-08 16:48:55.964001,15848.3,tomato
2024-06-09 16:48:55.964001,16039.97,tomato
2024-06-10 16:48:55.964001,16234.09,tomato
2024-06-11 16:48:55.964001,16394.85,tomato
2024-06-12 16:48:55.964001,16553.44,tomato
2024-06-13 16:48:55.964001,16647.89,tomato
2024-06-14 16:48:55.964001,16734.5,tomato
2024-06-15 16:48:55.964001,16868.29,tomato
2024-06-16 16:48:55.964001,17032.27,tomato
2024-06-17 16:48:55.964001,17194.36,tomato
2024-06-18 16:48:55.964001,17292.05,tomato
2024-06-19 16:48:55.964001,17384.4,tomato
2024-06-20 16:48:55.964001,17520.0,tomato
2024-06-21 16:48:55.964001,17650.32,tomato
2024-06-22 16:48:55.964001,17771.41,tomato
2024-06-23 16:48:55.964001,17857.29,tomato
2024-06-24 16:48:55.964001,17942.68,tomato
2024-06-25 16:48:55.964001,18088.5,tomato
2024-06-26 16:48:55.964001,18230.55,tomato
2024-06-27 16:48:55.964001,18364.06,tomato
2024-06-28 16:48:55.964001,18439.71,tomato
2024-06-29 16:48:55.964001,18530.99,tomato
2024-06-30 16:48:55.964001,18593.07,tomato
2024-07-01 16:48:55.964001,18620.82,tomato
2024-07-02 16:48:55.964001,18618.52,tomato
2024-07-03 16:48:55.964001,18590.21,tomato
2024-07-04 16:48:55.964001,18548.63,tomato
2024-07-05 16:48:55.964001,18531.45,tomato
2024-07-06 16:48:55.964001,18538.63,tomato
2024-07-07 16:48:55.964001,18558.78,tomato
2024-07-08 16:48:55.964001,18553.52,tomato
2024-07-09 16:48:55.964001,18558.76,tomato
2024-07-10 16:48:55.964001,18586.49,tomato
2024-07-11 16:48:55.964001,18558.43,tomato
2024-07-12 16:48:55.964001,18508.05,tomato
2024-07-13 16:48:55.964001,18438.75,tomato
2024-07-14 16:48:55.964001,18402.26,tomato
2024-07-15 16:48:55.964001,18388.75,tomato
2024-07-16 16:48:55.964001,18377.81,tomato
2024-07-17 16:48:55.964001,18405.55,tomato
2024-07-18 16:48:55.964001,18419.52,tomato
2024-07-19 16:48:55.964001,18458.76,tomato
2024-07-20 16:48:55.964001,18439.77,tomato
2024-07-21 16:48:55.964001,18447.16,tomato
2024-07-22 16:48:55.964001,18438.28,tomato
2024-07-23 16:48:55.964001,18495.55,tomato
2024-07-24 16:48:55.964001,18538.01,tomato
2024-07-25 16:48:55.964001,18566.2,tomato
2024-07-26 16:48:55.964001,18582.44,tomato
2024-07-27 16:48:55.964001,18590.99,tomato
2024-07-28 16:48:55.964001,18575.96,tomato
2024-07-29 16:48:55.964001,18566.96,tomato
2024-07-30 16:48:55.964001,18548.76,tomato
2024-07-31 16:48:55.964001,18495.82,tomato
2024-08-01 16:48:55.964001,18377.02,tomato
2024-08-02 16:48:55.964001,18210.35,tomato
2024-08-03 16:48:55.964001,18068.47,tomato
2024-08-04 16:48:55.964001,17926.2,tomato
2024-08-05 16:48:55.964001,17783.24,tomato
2024-08-06 16:48:55.964001,17622.76,tomato
2024-08-07 16:48:55.964001,17372.04,tomato
2024-08-08 16:48:55.964001,17129.3,tomato
2024-08-09 16:48:55.964001,16892.37,tomato
2024-08-10 16:48:55.964001,16718.64,tomato
2024-08-11 16:48:55.964001,16568.15,tomato
2024-08-12 16:48:55.964001,16487.38,tomato
2024-08-13 16:48:55.964001,16451.69,tomato
2024-08-14 16:48:55.964001,16394.72,tomato
2024-08-15 16:48:55.964001,16258.28,tomato
2024-08-16 16:48:55.964001,16080.91,tomato
2024-08-17 16:48:55.964001,15893.2,tomato
2024-08-18 16:48:55.964001,15725.75,tomato
2024-08-19 16:48:55.964001,15594.68,tomato
2024-08-20 16:48:55.964001,15488.96,tomato
2024-08-21 16:48:55.964001,15302.37,tomato
2024-08-22 16:48:55.964001,15068.92,tomato
2024-08-23 16:48:55.964001,14853.92,tomato
2024-08-24 16:48:55.964001,14717.47,tomato
2024-08-25 16:48:55.964001,14604.97,tomato
2024-08-26 16:48:55.964001,14537.84,tomato
2024-08-27 16:48:55.964001,14492.07,tomato
2024-08-28 16:48:55.964001,14464.31,tomato
2024-08-29 16:48:55.964001,14389.58,tomato
2024-08-30 16:48:55.964001,14302.99,tomato
2024-08-31 16:48:55.964001,14124.05,tomato
2024-09-01 16:48:55.964001,13820.41,tomato
2024-09-02 16:48:55.964001,13426.38,tomato
2024-09-03 16:48:55.964001,13048.57,tomato
2024-09-04 16:48:55.964001,12722.76,tomato
2024-09-05 16:48:55.964001,12346.72,tomato
2024-09-06 16:48:55.964001,11988.04,tomato
2024-09-07 16:48:55.964001,11616.53,tomato
2024-09-08 16:48:55.964001,11291.88,tomato
2024-09-09 16:48:55.964001,10937.87,tomato
2024-09-10 16:48:55.964001,10611.66,tomato
2024-09-11 16:48:55.964001,10333.34,tomato
2024-09-12 16:48:55.964001,10101.71,tomato
2024-09-13 16:48:55.964001,9862.54,tomato
2024-09-14 16:48:55.964001,9618.49,tomato
2024-09-15 16:48:55.964001,9364.75,tomato
2024-09-16 16:48:55.964001,9137.27,tomato
2024-09-17 16:48:55.964001,8874.9,tomato
2024-09-18 16:48:55.964001,8596.48,tomato
2024-09-19 16:48:55.964001,8308.45,tomato
2024-09-20 16:48:55.964001,8088.46,tomato
2024-09-21 16:48:55.964001,7928.64,tomato
2024-09-22 16:48:55.964001,7770.5,tomato
2024-09-23 16:48:55.964001,7611.48,tomato
2024-09-24 16:48:55.964001,7404.24,tomato
2024-09-25 16:48:55.964001,7233.49,tomato
2024-09-26 16:48:55.964001,7041.61,tomato
2024-09-27 16:48:55.964001,6905.68,tomato
2024-09-28 16:48:55.964001,6748.01,tomato
2024-09-29 16:48:55.964001,6590.56,tomato
2024-09-30 16:48:55.964001,6305.59,tomato
2024-10-01 16:48:55.964001,5907.07,tomato
2024-10-02 16:48:55.964001,5473.34,tomato
2024-10-03 16:48:55.964001,5076.49,tomato
2024-10-04 16:48:55.964001,4751.76,tomato
2024-10-05 16:48:55.964001,4392.41,tomato
2024-10-06 16:48:55.964001,3994.5,tomato
2024-10-07 16:48:55.964001,3579.06,tomato
2024-10-08 16:48:55.964001,3192.5,tomato
2024-10-09 16:48:55.964001,2870.46,tomato
2024-10-10 16:48:55.964001,2577.99,tomato
2024-10-11 16:48:55.964001,2239.02,tomato
2024-10-12 16:48:55.964001,1879.93,tomato
2024-10-13 16:48:55.964001,1529.11,tomato
2024-10-14 16:48:55.964001,1239.83,tomato
2024-10-15 16:48:55.964001,962.28,tomato
2024-10-16 16:48:55.964001,747.01,tomato
2024-10-17 16:48:55.964001,622.33,tomato
2024-10-18 16:48:55.964001,600.0,tomato
2024-10-19 16:48:55.964001,600.0,tomato
2024-10-20 16:48:55.964001,600.0,tomato
2024-10-21 16:48:55.964001,600.0,tomato
2024-10-22 16:48:55.964001,600.0,tomato
2024-10-23 16:48:55.964001,600.0,tomato
2024-10-24 16:48:55.964001,600.0,tomato
2024-10-25 16:48:55.964001,600.0,tomato
2024-10-26 16:48:55.964001,600.0,tomato
2024-10-27 16:48:55.964001,600.0,tomato
2024-10-28 16:48:55.964001,600.0,tomato
2024-10-29 16:48:55.964001,600.0,tomato
2024-10-30 16:48:55.964001,600.0,tomato
2024-10-31 16:48:55.964001,600.0,tomato
2024-11-01 16:48:55.964001,600.0,tomato
2024-11-02 16:48:55.964001,600.0,tomato
2024-11-03 16:48:55.964001,600.0,tomato
2024-11-04 16:48:55.964001,600.0,tomato
2024-11-05 16:48:55.964001,600.0,tomato
2024-11-06 16:48:55.964001,600.0,tomato
2024-11-07 16:48:55.964001,600.0,tomato
2024-11-08 16:48:55.964001,600.0,tomato
2024-11-09 16:48:55.964001,600.0,tomato
2024-11-10 16:48:55.964001,600.0,tomato
2024-11-11 16:48:55.964001,600.0,tomato
2024-11-12 16:48:55.964001,600.0,tomato
2024-11-13 16:48:55.964001,600.0,tomato
2024-11-14 16:48:55.964001,600.0,tomato
2024-11-15 16:48:55.964001,600.0,tomato
2024-11-16 16:48:55.964001,600.0,tomato
2024-11-17 16:48:55.964001,600.0,tomato
2024-11-18 16:48:55.964001,600.0,tomato
2024-11-19 16:48:55.964001,600.0,tomato
2024-11-20 16:48:55.964001,600.0,tomato
2024-11-21 16:48:55.964001,600.0,tomato
2024-11-22 16:48:55.964001,600.0,tomato
2024-11-23 16:48:55.964001,600.0,tomato
2024-11-24 16:48:55.964001,600.0,tomato
2024-11-25 16:48:55.964001,600.0,tomato
2024-11-26 16:48:55.964001,600.0,tomato
2024-11-27 16:48:55.964001,600.0,tomato
2024-11-28 16:48:55.964001,600.0,tomato
2024-11-29 16:48:55.964001,600.0,tomato
2024-11-30 16:48:55.964001,600.0,tomato
2024-12-01 16:48:55.964001,600.0,tomato
2024-12-02 16:48:55.964001,600.0,tomato
2024-12-03 16:48:55.964001,600.0,tomato
2024-12-04 16:48:55.964001,600.0,tomato
2024-12-05 16:48:55.964001,600.0,tomato
2024-12-06 16:48:55.964001,600.0,tomato
2024-12-07 16:48:55.964001,600.0,tomato
2024-12-08 16:48:55.964001,600.0,tomato
2024-12-09 16:48:55.964001,600.0,tomato
2024-12-10 16:48:55.964001,600.0,tomato
2024-12-11 16:48:55.964001,600.0,tomato
2024-12-12 16:48:55.964001,600.0,tomato
2024-12-13 16:48:55.964001,600.0,tomato
2024-12-14 16:48:55.964001,600.0,tomato
2024-12-15 16:48:55.964001,600.0,tomato
2024-12-16 16:48:55.964001,600.0,tomato
2024-12-17 16:48:55.964001,600.0,tomato
2024-12-18 16:48:55.964001,600.0,tomato
2024-12-19 16:48:55.964001,600.0,tomato
2024-12-20 16:48:55.964001,600.0,tomato
2024-12-21 16:48:55.964001,600.0,tomato
2024-12-22 16:48:55.964001,600.0,tomato
2024-12-23 16:48:55.964001,600.0,tomato
2024-12-24 16:48:55.964001,600.0,tomato
2024-12-25 16:48:55.964001,600.0,tomato
2024-12-26 16:48:55.964001,600.0,tomato
2024-12-27 16:48:55.964001,600.0,tomato
2024-12-28 16:48:55.964001,600.0,tomato
2024-12-29 16:48:55.964001,600.0,tomato
2024-12-30 16:48:55.964001,600.0,tomato
2024-12-31 16:48:55.964001,600.0,tomato
2025-01-01 16:48:55.964001,600.0,tomato
2025-01-02 16:48:55.964001,600.0,tomato
2025-01-03 16:48:55.964001,600.0,tomato
2025-01-04 16:48:55.964001,600.0,tomato
2025-01-05 16:48:55.964001,600.0,tomato
2025-01-06 16:48:55.964001,600.0,tomato
2025-01-07 16:48:55.964001,600.0,tomato
2025-01-08 16:48:55.964001,600.0,tomato
2025-01-09 16:48:55.964001,600.0,tomato
2025-01-10 16:48:55.964001,600.0,tomato
2025-01-11 16:48:55.964001,600.0,tomato
2025-01-12 16:48:55.964001,600.0,tomato
2025-01-13 16:48:55.964001,600.0,tomato
2025-01-14 16:48:55.964001,600.0,tomato
2025-01-15 16:48:55.964001,600.0,tomato
2025-01-16 16:48:55.964001,600.0,tomato
2025-01-17 16:48:55.964001,600.0,tomato
2025-01-18 16:48:55.964001,600.0,tomato
2025-01-19 16:48:55.964001,600.0,tomato
2025-01-20 16:48:55.964001,600.0,tomato
2025-01-21 16:48:55.964001,600.0,tomato
2025-01-22 16:48:55.964001,600.0,tomato
2025-01-23 16:48:55.964001,600.0,tomato
2025-01-24 16:48:55.964001,600.0,tomato
2025-01-25 16:48:55.964001,600.0,tomato
2025-01-26 16:48:55.964001,600.0,tomato
2025-01-27 16:48:55.964001,600.0,tomato
2025-01-28 16:48:55.964001,600.0,tomato
2025-01-29 16:48:55.964001,600.0,tomato
2025-01-30 16:48:55.964001,600.0,tomato
2025-01-31 16:48:55.964001,600.0,tomato
2025-02-01 16:48:55.964001,600.0,tomato
2025-02-02 16:48:55.964001,600.0,tomato
2025-02-03 16:48:55.964001,600.0,tomato
2025-02-04 16:48:55.964001,600.0,tomato
2025-02-05 16:48:55.964001,600.0,tomato
2025-02-06 16:48:55.964001,600.0,tomato
2025-02-07 16:48:55.964001,600.0,tomato
2025-02-08 16:48:55.964001,600.0,tomato
2025-02-09 16:48:55.964001,600.0,tomato
2025-02-10 16:48:55.964001,600.0,tomato
2025-02-11 16:48:55.964001,600.0,tomato
2025-02-12 16:48:55.964001,600.0,tomato
2025-02-13 16:48:55.964001,600.0,tomato
2025-02-14 16:48:55.964001,600.0,tomato
2025-02-15 16:48:55.964001,600.0,tomato
2025-02-16 16:48:55.964001,600.0,tomato
2025-02-17 16:48:55.964001,600.0,tomato
2025-02-18 16:48:55.964001,600.0,tomato
2025-02-19 16:48:55.964001,600.0,tomato
2025-02-20 16:48:55.964001,600.0,tomato
2025-02-21 16:48:55.964001,600.0,tomato
2025-02-22 16:48:55.964001,600.0,tomato
2025-02-23 16:48:55.964001,600.0,tomato
2025-02-24 16:48:55.964001,600.0,tomato
2025-02-25 16:48:55.964001,600.0,tomato
2025-02-26 16:48:55.964001,600.0,tomato
2025-02-27 16:48:55.964001,600.0,tomato
2025-02-28 16:48:55.964001,614.81,tomato
2025-03-01 16:48:55.964001,623.12,tomato
2025-03-02 16:48:55.964001,665.54,tomato
2025-03-03 16:48:55.964001,679.27,tomato
2025-03-04 16:48:55.964001,739.27,tomato
2025-03-05 16:48:55.964001,753.31,tomato
2025-03-06 16:48:55.964001,771.61,tomato
2025-03-07 16:48:55.964001,747.72,tomato
2025-03-08 16:48:55.964001,773.82,tomato
2025-03-09 16:48:55.964001,823.28,tomato
2025-03-10 16:48:55.964001,857.77,tomato
2025-03-11 16:48:55.964001,843.35,tomato
2025-03-12 16:48:55.964001,839.86,tomato
2025-03-13 16:48:55.964001,852.06,tomato
2025-03-14 16:48:55.964001,874.62,tomato
2025-03-15 16:48:55.964001,866.99,tomato
2025-03-16 16:48:55.964001,882.65,tomato
2025-03-17 16:48:55.964001,891.19,tomato
2025-03-18 16:48:55.964001,951.76,tomato
2025-03-19 16:48:55.964001,942.98,tomato
2025-03-20 16:48:55.964001,937.52,tomato
2025-03-21 16:48:55.964001,912.28,tomato
2025-03-22 16:48:55.964001,948.97,tomato
2025-03-23 16:48:55.964001,984.76,tomato
2025-03-24 16:48:55.964001,1033.68,tomato
2025-03-25 16:48:55.964001,1097.3,tomato
2025-03-26 16:48:55.964001,1175.01,tomato
2025-03-27 16:48:55.964001,1191.18,tomato
2025-03-28 16:48:55.964001,1186.29,tomato
2025-03-29 16:48:55.964001,1137.43,tomato
2025-03-30 16:48:55.964001,1116.34,tomato
2025-03-31 16:48:55.964001,1172.67,tomato
2025-04-01 16:48:55.964001,1354.95,tomato
2025-04-02 16:48:55.964001,1646.5,tomato
2025-04-03 16:48:55.964001,1932.09,tomato
2025-04-04 16:48:55.964001,2181.79,tomato
2025-04-05 16:48:55.964001,2390.12,tomato
2025-04-06 16:48:55.964001,2641.11,tomato
2025-04-07 16:48:55.964001,2915.94,tomato
2025-04-08 16:48:55.964001,3218.68,tomato
2025-04-09 16:48:55.964001,3503.06,tomato
2025-04-10 16:48:55.964001,3783.94,tomato
2025-04-11 16:48:55.964001,4029.33,tomato
2025-04-12 16:48:55.964001,4252.13,tomato
2025-04-13 16:48:55.964001,4465.49,tomato
2025-04-14 16:48:55.964001,4673.83,tomato
2025-04-15 16:48:55.964001,4820.2,tomato
2025-04-16 16:48:55.964001,4958.56,tomato
2025-04-17 16:48:55.964001,5084.22,tomato
2025-04-18 16:48:55.964001,5266.85,tomato
2025-04-19 16:48:55.964001,5433.3,tomato
2025-04-20 16:48:55.964001,5558.25,tomato
2025-04-21 16:48:55.964001,5661.47,tomato
2025-04-22 16:48:55.964001,5799.67,tomato
2025-04-23 16:48:55.964001,6013.79,tomato
2025-04-24 16:48:55.964001,6240.77,tomato
2025-04-25 16:48:55.964001,6417.12,tomato
2025-04-26 16:48:55.964001,6613.4,tomato
2025-04-27 16:48:55.964001,6790.07,tomato
2025-04-28 16:48:55.964001,6994.18,tomato
2025-04-29 16:48:55.964001,7123.54,tomato
2025-04-30 16:48:55.964001,7270.14,tomato
2025-05-01 16:48:55.964001,7470.98,tomato
2025-05-02 16:48:55.964001,7759.43,tomato
2025-05-03 16:48:55.964001,8091.42,tomato
2025-05-04 16:48:55.964001,8462.97,tomato
2025-05-05 16:48:55.964001,8857.9,tomato
2025-05-06 16:48:55.964001,9247.82,tomato
2025-05-07 16:48:55.964001,9594.75,tomato
2025-05-08 16:48:55.964001,9898.52,tomato
2025-05-09 16:48:55.964001,10217.28,tomato
2025-05-10 16:48:55.964001,10530.9,tomato
2025-05-11 16:48:55.964001,10801.52,tomato
2025-05-12 16:48:55.964001,11006.01,tomato
2025-05-13 16:48:55.964001,11216.76,tomato
2025-05-14 16:48:55.964001,11440.1,tomato
2025-05-15 16:48:55.964001,11667.22,tomato
2025-05-16 16:48:55.964001,11884.42,tomato
2025-05-17 16:48:55.964001,12092.09,tomato
2025-05-18 16:48:55.964001,12293.37,tomato
2025-05-19 16:48:55.964001,12477.31,tomato
2025-05-20 16:48:55.964001,12654.72,tomato
2025-05-21 16:48:55.964001,12813.9,tomato
2025-05-22 16:48:55.964001,12953.35,tomato
2025-05-23 16:48:55.964001,13090.85,tomato
2025-05-24 16:48:55.964001,13204.16,tomato
2025-05-25 16:48:55.964001,13315.52,tomato
2025-05-26 16:48:55.964001,13442.31,tomato
2025-05-27 16:48:55.964001,13642.51,tomato
2025-05-28 16:48:55.964001,13802.24,tomato
2025-05-29 16:48:55.964001,13960.97,tomato
2025-05-30 16:48:55.964001,14060.05,tomato
2025-05-31 16:48:55.964001,14217.81,tomato
2025-06-01 16:48:55.964001,14390.52,tomato
2025-06-02 16:48:55.964001,14609.19,tomato
2025-06-03 16:48:55.964001,14831.46,tomato
2025-06-04 16:48:55.964001,15060.05,tomato
2025-06-05 16:48:55.964001,15233.57,tomato
2025-06-06 16:48:55.964001,15336.08,tomato
2025-06-07 16:48:55.964001,15428.2,tomato
2025-06-08 16:48:55.964001,15569.77,tomato
2025-06-09 16:48:55.964001,15777.84,tomato
2025-06-10 16:48:55.964001,15987.17,tomato
2025-06-11 16:48:55.964001,16170.2,tomato
2025-06-12 16:48:55.964001,16345.62,tomato
2025-06-13 16:48:55.964001,16491.38,tomato
2025-06-14 16:48:55.964001,16655.43,tomato
2025-06-15 16:48:55.964001,16765.07,tomato
2025-06-16 16:48:55.964001,16829.43,tomato
2025-06-17 16:48:55.964001,16874.53,tomato
2025-06-18 16:48:55.964001,16929.72,tomato
2025-06-19 16:48:55.964001,17036.47,tomato
2025-06-20 16:48:55.964001,17160.51,tomato
2025-06-21 16:48:55.964001,17326.76,tomato
2025-06-22 16:48:55.964001,17485.61,tomato
2025-06-23 16:48:55.964001,17634.51,tomato
2025-06-24 16:48:55.964001,17710.24,tomato
2025-06-25 16:48:55.964001,17764.85,tomato
2025-06-26 16:48:55.964001,17792.19,tomato
2025-06-27 16:48:55.964001,17848.36,tomato
2025-06-28 16:48:55.964001,17922.58,tomato
2025-06-29 16:48:55.964001,18010.02,tomato
2025-06-30 16:48:55.964001,18064.41,tomato
2025-07-01 16:48:55.964001,18099.77,tomato
2025-07-02 16:48:55.964001,18109.87,tomato
2025-07-03 16:48:55.964001,18117.91,tomato
2025-07-04 16:48:55.964001,18126.79,tomato
2025-07-05 16:48:55.964001,18130.84,tomato
2025-07-06 16:48:55.964001,18166.52,tomato
2025-07-07 16:48:55.964001,18183.05,tomato
2025-07-08 16:48:55.964001,18183.79,tomato
2025-07-09 16:48:55.964001,18196.22,tomato
2025-07-10 16:48:55.964001,18243.66,tomato
2025-07-11 16:48:55.964001,18311.36,tomato
2025-07-12 16:48:55.964001,18360.04,tomato
2025-07-13 16:48:55.964001,18381.6,tomato
2025-07-14 16:48:55.964001,18392.72,tomato
2025-07-15 16:48:55.964001,18436.99,tomato
2025-07-16 16:48:55.964001,18503.78,tomato
2025-07-17 16:48:55.964001,18542.1,tomato
2025-07-18 16:48:55.964001,18539.74,tomato
2025-07-19 16:48:55.964001,18503.73,tomato
2025-07-20 16:48:55.964001,18495.64,tomato
2025-07-21 16:48:55.964001,18466.22,tomato
2025-07-22 16:48:55.964001,18407.55,tomato
2025-07-23 16:48:55.964001,18340.21,tomato
2025-07-24 16:48:55.964001,18288.05,tomato
2025-07-25 16:48:55.964001,18261.39,tomato
2025-07-26 16:48:55.964001,18257.53,tomato
2025-07-27 16:48:55.964001,18254.36,tomato
2025-07-28 16:48:55.964001,18224.0,tomato
2025-07-29 16:48:55.964001,18162.2,tomato
2025-07-30 16:48:55.964001,18149.17,tomato
2025-07-31 16:48:55.964001,18087.32,tomato
2025-08-01 16:48:55.964001,18011.75,tomato
2025-08-02 16:48:55.964001,17807.96,tomato
2025-08-03 16:48:55.964001,17619.26,tomato
2025-08-04 16:48:55.964001,17424.06,tomato
2025-08-05 16:48:55.964001,17244.97,tomato
2025-08-06 16:48:55.964001,17093.22,tomato
2025-08-07 16:48:55.964001,16931.16,tomato
2025-08-08 16:48:55.964001,16762.24,tomato
2025-08-09 16:48:55.964001,16594.76,tomato
2025-08-10 16:48:55.964001,16429.61,tomato
2025-08-11 16:48:55.964001,16281.02,tomato
2025-08-12 16:48:55.964001,16093.12,tomato
2025-08-13 16:48:55.964001,15949.23,tomato
2025-08-14 16:48:55.964001,15841.49,tomato
2025-08-15 16:48:55.964001,15769.42,tomato
2025-08-16 16:48:55.964001,15648.79,tomato
2025-08-17 16:48:55.964001,15514.56,tomato
2025-08-18 16:48:55.964001,15362.86,tomato
2025-08-19 16:48:55.964001,15227.86,tomato
2025-08-20 16:48:55.964001,15088.39,tomato
2025-08-21 16:48:55.964001,14969.66,tomato
2025-08-22 16:48:55.964001,14830.15,tomato
2025-08-23 16:48:55.964001,14709.04,tomato
2025-08-24 16:48:55.964001,14612.36,tomato
2025-08-25 16:48:55.964001,14525.68,tomato
2025-08-26 16:48:55.964001,14436.93,tomato
2025-08-27 16:48:55.964001,14311.18,tomato
2025-08-28 16:48:55.964001,14213.76,tomato
2025-08-29 16:48:55.964001,14098.99,tomato
2025-08-30 16:48:55.964001,13972.84,tomato
2025-08-31 16:48:55.964001,13771.27,tomato
2025-09-01 16:48:55.964001,13483.32,tomato
2025-09-02 16:48:55.964001,13166.23,tomato
2025-09-03 16:48:55.964001,12838.25,tomato
2025-09-04 16:48:55.964001,12545.25,tomato
2025-09-05 16:48:55.964001,12239.13,tomato
2025-09-06 16:48:55.964001,11930.99,tomato
2025-09-07 16:48:55.964001,11593.03,tomato
2025-09-08 16:48:55.964001,11245.93,tomato
2025-09-09 16:48:55.964001,10898.87,tomato
2025-09-10 16:48:55.964001,10599.8,tomato
2025-09-11 16:48:55.964001,10375.58,tomato
2025-09-12 16:48:55.964001,10142.93,tomato
2025-09-13 16:48:55.964001,9892.43,tomato
2025-09-14 16:48:55.964001,9586.64,tomato
2025-09-15 16:48:55.964001,9308.96,tomato
2025-09-16 16:48:55.964001,9060.63,tomato
2025-09-17 16:48:55.964001,8830.42,tomato
2025-09-18 16:48:55.964001,8612.8,tomato
2025-09-19 16:48:55.964001,8394.44,tomato
2025-09-20 16:48:55.964001,8157.02,tomato
2025-09-21 16:48:55.964001,7922.74,tomato
2025-09-22 16:48:55.964001,7722.82,tomato
2025-09-23 16:48:55.964001,7534.02,tomato
2025-09-24 16:48:55.964001,7338.81,tomato
2025-09-25 16:48:55.964001,7137.5,tomato
2025-09-26 16:48:55.964001,6943.54,tomato
2025-09-27 16:48:55.964001,6740.68,tomato
2025-09-28 16:48:55.964001,6502.85,tomato
2025-09-29 16:48:55.964001,6282.87,tomato
2025-09-30 16:48:55.964001,6005.68,tomato
2025-10-01 16:48:55.964001,5677.99,tomato
2025-10-02 16:48:55.964001,5257.26,tomato
2025-10-03 16:48:55.964001,4835.62,tomato
2025-10-04 16:48:55.964001,4382.23,tomato
2025-10-05 16:48:55.964001,3965.74,tomato
2025-10-06 16:48:55.964001,3612.01,tomato
2025-10-07 16:48:55.964001,3255.3,tomato
2025-10-08 16:48:55.964001,2917.49,tomato
2025-10-09 16:48:55.964001,2580.28,tomato
2025-10-10 16:48:55.964001,2274.97,tomato
2025-10-11 16:48:55.964001,1942.35,tomato
2025-10-12 16:48:55.964001,1541.5,tomato
2025-10-13 16:48:55.964001,1193.15,tomato
2025-10-14 16:48:55.964001,867.63,tomato
2025-10-15 16:48:55.964001,698.58,tomato
2025-10-16 16:48:55.964001,600.0,tomato
2025-10-17 16:48:55.964001,600.0,tomato
2025-10-18 16:48:55.964001,600.0,tomato
2025-10-19 16:48:55.964001,600.0,tomato
2025-10-20 16:48:55.964001,600.0,tomato
2025-10-21 16:48:55.964001,600.0,tomato
2025-10-22 16:48:55.964001,600.0,tomato
2025-10-23 16:48:55.964001,600.0,tomato
2025-10-24 16:48:55.964001,600.0,tomato
2025-10-25 16:48:55.964001,600.0,tomato
2025-10-26 16:48:55.964001,600.0,tomato
2025-10-27 16:48:55.964001,600.0,tomato
2025-10-28 16:48:55.964001,600.0,tomato
2025-10-29 16:48:55.964001,600.0,tomato
2025-10-30 16:48:55.964001,600.0,tomato
2025-10-31 16:48:55.964001,600.0,tomato
2025-11-01 16:48:55.964001,600.0,tomato
2025-11-02 16:48:55.964001,600.0,tomato
2025-11-03 16:48:55.964001,600.0,tomato
2025-11-04 16:48:55.964001,600.0,tomato
2025-11-05 16:48:55.964001,600.0,tomato
2025-11-06 16:48:55.964001,600.0,tomato
2025-11-07 16:48:55.964001,600.0,tomato
2025-11-08 16:48:55.964001,600.0,tomato
2025-11-09 16:48:55.964001,600.0,tomato
2025-11-10 16:48:55.964001,600.0,tomato
2025-11-11 16:48:55.964001,600.0,tomato
2025-11-12 16:48:55.964001,600.0,tomato
2025-11-13 16:48:55.964001,600.0,tomato
2025-11-14 16:48:55.964001,600.0,tomato
2025-11-15 16:48:55.964001,600.0,tomato
2025-11-16 16:48:55.964001,600.0,tomato
2025-11-17 16:48:55.964001,600.0,tomato
2025-11-18 16:48:55.964001,600.0,tomato
2025-11-19 16:48:55.964001,600.0,tomato
2025-11-20 16:48:55.964001,600.0,tomato
2025-11-21 16:48:55.964001,600.0,tomato
2025-11-22 16:48:55.964001,600.0,tomato
2025-11-23 16:48:55.964001,600.0,tomato
2025-11-24 16:48:55.964001,600.0,tomato
2025-11-25 16:48:55.964001,600.0,tomato
2025-11-26 16:48:55.964001,600.0,tomato
2025-11-27 16:48:55.964001,600.0,tomato
2025-11-28 16:48:55.964001,600.0,tomato
2025-11-29 16:48:55.964001,600.0,tomato
2025-11-30 16:48:55.964001,600.0,tomato
2025-12-01 16:48:55.964001,600.0,tomato
2025-12-02 16:48:55.964001,600.0,tomato
2025-12-03 16:48:55.964001,600.0,tomato
2025-12-04 16:48:55.964001,600.0,tomato
2025-12-05 16:48:55.964001,600.0,tomato
2025-12-06 16:48:55.964001,600.0,tomato
2025-12-07 16:48:55.964001,600.0,tomato
2025-12-08 16:48:55.964001,600.0,tomato
2025-12-09 16:48:55.964001,600.0,tomato
2025-12-10 16:48:55.964001,600.0,tomato
2025-12-11 16:48:55.964001,600.0,tomato
2025-12-12 16:48:55.964001,600.0,tomato
2025-12-13 16:48:55.964001,600.0,tomato
2025-12-14 16:48:55.964001,600.0,tomato
2025-12-15 16:48:55.964001,600.0,tomato
2025-12-16 16:48:55.964001,600.0,tomato
2025-12-17 16:48:55.964001,600.0,tomato
2025-12-18 16:48:55.964001,600.0,tomato
2025-12-19 16:48:55.964001,600.0,tomato
2025-12-20 16:48:55.964001,600.0,tomato
2025-12-21 16:48:55.964001,600.0,tomato
2025-12-22 16:48:55.964001,600.0,tomato
2025-12-23 16:48:55.964001,600.0,tomato
2025-12-24 16:48:55.964001,600.0,tomato
2025-12-25 16:48:55.964001,600.0,tomato
2025-12-26 16:48:55.964001,600.0,tomato
2025-12-27 16:48:55.964001,600.0,tomato
2025-12-28 16:48:55.964001,600.0,tomato
2025-12-29 16:48:55.964001,600.0,tomato
2025-12-30 16:48:55.964001,600.0,tomato
2025-12-31 16:48:55.964001,600.0,tomato
2026-01-01 16:48:55.964001,600.0,tomato
2026-01-02 16:48:55.964001,600.0,tomato
2026-01-03 16:48:55.964001,600.0,tomato
2026-01-04 16:48:55.964001,600.0,tomato
2026-01-05 16:48:55.964001,600.0,tomato
2026-01-06 16:48:55.964001,600.0,tomato
2026-01-07 16:48:55.964001,600.0,tomato
2026-01-08 16:48:55.964001,600.0,tomato
2026-01-09 16:48:55.964001,600.0,tomato
2026-01-10 16:48:55.964001,600.0,tomato
2026-01-11 16:48:55.964001,600.0,tomato
2026-01-12 16:48:55.964001,600.0,tomato
2026-01-13 16:48:55.964001,600.0,tomato
2026-01-14 16:48:55.964001,600.0,tomato
2026-01-15 16:48:55.964001,600.0,tomato
2026-01-16 16:48:55.964001,600.0,tomato
2026-01-17 16:48:55.964001,600.0,tomato
2026-01-18 16:48:55.964001,600.0,tomato
2026-01-19 16:48:55.964001,600.0,tomato
2026-01-20 16:48:55.964001,600.0,tomato
2026-01-21 16:48:55.964001,600.0,tomato
2026-01-22 16:48:55.964001,600.0,tomato
2026-01-23 16:48:55.964001,600.0,tomato
2026-01-24 16:48:55.964001,600.0,tomato
2026-01-25 16:48:55.964001,600.0,tomato
2026-01-26 16:48:55.964001,600.0,tomato
2026-01-27 16:48:55.964001,600.0,tomato
2026-01-28 16:48:55.964001,600.0,tomato
2026-01-29 16:48:55.964001,600.0,tomato
2026-01-30 16:48:55.964001,600.0,tomato
2026-01-31 16:48:55.964001,600.0,tomato
2026-02-01 16:48:55.964001,600.0,tomato
2026-02-02 16:48:55.964001,600.0,tomato
2026-02-03 16:48:55.964001,600.0,tomato
2026-02-04 16:48:55.964001,600.0,tomato
2026-02-05 16:48:55.964001,600.0,tomato
2026-02-06 16:48:55.964001,600.0,tomato
2026-02-07 16:48:55.964001,600.0,tomato
2026-02-08 16:48:55.964001,600.0,tomato
2026-02-09 16:48:55.964001,600.0,tomato
2026-02-10 16:48:55.964001,600.0,tomato
2026-02-11 16:48:55.964001,600.0,tomato
2026-02-12 16:48:55.964001,600.0,tomato
2026-02-13 16:48:55.964001,600.0,tomato
2026-02-14 16:48:55.964001,600.0,tomato
2026-02-15 16:48:55.964001,600.0,tomato
2026-02-16 16:48:55.964001,600.0,tomato
2026-02-17 16:48:55.964001,600.0,tomato
2026-02-18 16:48:55.964001,600.0,tomato
2026-02-19 16:48:55.964001,600.0,tomato
2026-02-20 16:48:55.964001,600.0,tomato
2026-02-21 16:48:55.964001,600.0,tomato
2026-02-22 16:48:55.964001,600.0,tomato
2026-02-23 16:48:55.964001,600.0,tomato
2026-02-24 16:48:55.964001,600.0,tomato
2026-02-25 16:48:55.964001,600.0,tomato
2026-02-26 16:48:55.964001,600.0,tomato
2026-02-27 16:48:55.964001,600.0,tomato
2026-02-28 16:48:55.964001,604.41,tomato
2026-03-01 16:48:55.964001,620.94,tomato
2026-03-02 16:48:55.964001,645.28,tomato
2026-03-03 16:48:55.964001,664.18,tomato
2026-03-04 16:48:55.964001,709.42,tomato
2026-03-05 16:48:55.964001,726.27,tomato
2026-03-06 16:48:55.964001,756.46,tomato
2026-03-07 16:48:55.964001,757.48,tomato
2026-03-08 16:48:55.964001,777.83,tomato
2026-03-09 16:48:55.964001,787.33,tomato
2026-03-10 16:48:55.964001,813.92,tomato
2026-03-11 16:48:55.964001,821.83,tomato
2026-03-12 16:48:55.964001,843.53,tomato
2026-03-13 16:48:55.964001,863.66,tomato
2026-03-14 16:48:55.964001,885.35,tomato
2026-03-15 16:48:55.964001,905.91,tomato
2026-03-16 16:48:55.964001,897.82,tomato
2026-03-17 16:48:55.964001,913.81,tomato
2026-03-18 16:48:55.964001,936.04,tomato
2026-03-19 16:48:55.964001,997.12,tomato
2026-03-20 16:48:55.964001,1040.54,tomato
2026-03-21 16:48:55.964001,1109.16,tomato
2026-03-22 16:48:55.964001,1143.39,tomato
2026-03-23 16:48:55.964001,1190.21,tomato
2026-03-24 16:48:55.964001,1226.66,tomato
2026-03-25 16:48:55.964001,1305.07,tomato
2026-03-26 16:48:55.964001,1408.48,tomato
2026-03-27 16:48:55.964001,1486.45,tomato
2026-03-28 16:48:55.964001,1513.42,tomato
2026-03-29 16:48:55.964001,1515.46,tomato
2026-03-30 16:48:55.964001,1508.34,tomato
2026-03-31 16:48:55.964001,1621.72,tomato
2026-04-01 16:48:55.964001,1851.63,tomato
2026-04-02 16:48:55.964001,2210.72,tomato
2026-04-03 16:48:55.964001,2512.32,tomato
2026-04-04 16:48:55.964001,2755.47,tomato
2026-04-05 16:48:55.964001,2931.26,tomato
2026-04-06 16:48:55.964001,3151.14,tomato
2026-04-07 16:48:55.964001,3402.51,tomato
2026-04-08 16:48:55.964001,3688.99,tomato
2026-04-09 16:48:55.964001,3997.3,tomato
2026-04-10 16:48:55.964001,4286.91,tomato
2026-04-11 16:48:55.964001,2962.15,tomato
2023-04-12 16:48:55.973174,646.59,potato
2023-04-13 16:48:55.973174,972.36,potato
2023-04-14 16:48:55.973174,972.65,potato
2023-04-15 16:48:55.973174,1002.57,potato
2023-04-16 16:48:55.973174,1039.86,potato
2023-04-17 16:48:55.973174,1059.81,potato
2023-04-18 16:48:55.973174,1061.76,potato
2023-04-19 16:48:55.973174,1055.13,potato
2023-04-20 16:48:55.973174,1060.21,potato
2023-04-21 16:48:55.973174,1082.01,potato
2023-04-22 16:48:55.973174,1102.26,potato
2023-04-23 16:48:55.973174,1101.09,potato
2023-04-24 16:48:55.973174,1084.21,potato
2023-04-25 16:48:55.973174,1075.62,potato
2023-04-26 16:48:55.973174,1082.63,potato
2023-04-27 16:48:55.973174,1097.22,potato
2023-04-28 16:48:55.973174,1105.23,potato
2023-04-29 16:48:55.973174,1100.45,potato
2023-04-30 16:48:55.973174,1139.53,potato
2023-05-01 16:48:55.973174,1205.01,potato
2023-05-02 16:48:55.973174,1329.37,potato
2023-05-03 16:48:55.973174,1460.76,potato
2023-05-04 16:48:55.973174,1599.09,potato
2023-05-05 16:48:55.973174,1729.14,potato
2023-05-06 16:48:55.973174,1855.7,potato
2023-05-07 16:48:55.973174,1958.44,potato
2023-05-08 16:48:55.973174,2051.42,potato
2023-05-09 16:48:55.973174,2138.59,potato
2023-05-10 16:48:55.973174,2228.14,potato
2023-05-11 16:48:55.973174,2316.21,potato
2023-05-12 16:48:55.973174,2381.6,potato
2023-05-13 16:48:55.973174,2465.25,potato
2023-05-14 16:48:55.973174,2561.58,potato
2023-05-15 16:48:55.973174,2660.14,potato
2023-05-16 16:48:55.973174,2735.37,potato
2023-05-17 16:48:55.973174,2798.53,potato
2023-05-18 16:48:55.973174,2864.74,potato
2023-05-19 16:48:55.973174,2935.46,potato
2023-05-20 16:48:55.973174,2989.5,potato
2023-05-21 16:48:55.973174,3068.34,potato
2023-05-22 16:48:55.973174,3144.64,potato
2023-05-23 16:48:55.973174,3238.97,potato
2023-05-24 16:48:55.973174,3304.19,potato
2023-05-25 16:48:55.973174,3359.05,potato
2023-05-26 16:48:55.973174,3404.68,potato
2023-05-27 16:48:55.973174,3424.74,potato
2023-05-28 16:48:55.973174,3451.59,potato
2023-05-29 16:48:55.973174,3485.59,potato
2023-05-30 16:48:55.973174,3547.74,potato
2023-05-31 16:48:55.973174,3645.71,potato
2023-06-01 16:48:55.973174,3757.89,potato
2023-06-02 16:48:55.973174,3918.85,potato
2023-06-03 16:48:55.973174,4054.17,potato
2023-06-04 16:48:55.973174,4209.78,potato
2023-06-05 16:48:55.973174,4315.14,potato
2023-06-06 16:48:55.973174,4433.39,potato
2023-06-07 16:48:55.973174,4539.95,potato
2023-06-08 16:48:55.973174,4643.62,potato
2023-06-09 16:48:55.973174,4743.31,potato
2023-06-10 16:48:55.973174,4836.96,potato
2023-06-11 16:48:55.973174,4934.53,potato
2023-06-12 16:48:55.973174,5028.55,potato
2023-06-13 16:48:55.973174,5105.66,potato
2023-06-14 16:48:55.973174,5199.63,potato
2023-06-15 16:48:55.973174,5296.41,potato
2023-06-16 16:48:55.973174,5399.63,potato
2023-06-17 16:48:55.973174,5492.25,potato
2023-06-18 16:48:55.973174,5563.1,potato
2023-06-19 16:48:55.973174,5630.35,potato
2023-06-20 16:48:55.973174,5688.11,potato
2023-06-21 16:48:55.973174,5767.28,potato
2023-06-22 16:48:55.973174,5850.07,potato
2023-06-23 16:48:55.973174,5937.08,potato
2023-06-24 16:48:55.973174,6013.24,potato
2023-06-25 16:48:55.973174,6077.04,potato
2023-06-26 16:48:55.973174,6137.04,potato
2023-06-27 16:48:55.973174,6188.79,potato
2023-06-28 16:48:55.973174,6237.88,potato
2023-06-29 16:48:55.973174,6278.2,potato
2023-06-30 16:48:55.973174,6327.28,potato
2023-07-01 16:48:55.973174,6386.49,potato
2023-07-02 16:48:55.973174,6462.03,potato
2023-07-03 16:48:55.973174,6536.61,potato
2023-07-04 16:48:55.973174,6609.69,potato
2023-07-05 16:48:55.973174,6689.47,potato
2023-07-06 16:48:55.973174,6772.39,potato
2023-07-07 16:48:55.973174,6849.1,potato
2023-07-08 16:48:55.973174,6910.14,potato
2023-07-09 16:48:55.973174,6980.93,potato
2023-07-10 16:48:55.973174,7077.65,potato
2023-07-11 16:48:55.973174,7168.17,potato
2023-07-12 16:48:55.973174,7255.98,potato
2023-07-13 16:48:55.973174,7311.97,potato
2023-07-14 16:48:55.973174,7377.94,potato
2023-07-15 16:48:55.973174,7435.74,potato
2023-07-16 16:48:55.973174,7499.19,potato
2023-07-17 16:48:55.973174,7546.0,potato
2023-07-18 16:48:55.973174,7570.17,potato
2023-07-19 16:48:55.973174,7614.14,potato
2023-07-20 16:48:55.973174,7675.41,potato
2023-07-21 16:48:55.973174,7753.47,potato
2023-07-22 16:48:55.973174,7810.05,potato
2023-07-23 16:48:55.973174,7848.55,potato
2023-07-24 16:48:55.973174,7883.57,potato
2023-07-25 16:48:55.973174,7906.62,potato
2023-07-26 16:48:55.973174,7941.81,potato
2023-07-27 16:48:55.973174,7971.6,potato
2023-07-28 16:48:55.973174,8013.19,potato
2023-07-29 16:48:55.973174,8055.45,potato
2023-07-30 16:48:55.973174,8080.22,potato
2023-07-31 16:48:55.973174,8091.74,potato
2023-08-01 16:48:55.973174,8092.69,potato
2023-08-02 16:48:55.973174,8102.71,potato
2023-08-03 16:48:55.973174,8103.84,potato
2023-08-04 16:48:55.973174,8085.98,potato
2023-08-05 16:48:55.973174,8066.01,potato
2023-08-06 16:48:55.973174,8069.09,potato
2023-08-07 16:48:55.973174,8079.45,potato
2023-08-08 16:48:55.973174,8076.44,potato
2023-08-09 16:48:55.973174,8063.02,potato
2023-08-10 16:48:55.973174,8066.9,potato
2023-08-11 16:48:55.973174,8106.57,potato
2023-08-12 16:48:55.973174,8160.43,potato
2023-08-13 16:48:55.973174,8198.38,potato
2023-08-14 16:48:55.973174,8214.78,potato
2023-08-15 16:48:55.973174,8191.44,potato
2023-08-16 16:48:55.973174,8176.37,potato
2023-08-17 16:48:55.973174,8149.46,potato
2023-08-18 16:48:55.973174,8134.33,potato
2023-08-19 16:48:55.973174,8141.62,potato
2023-08-20 16:48:55.973174,8178.08,potato
2023-08-21 16:48:55.973174,8225.9,potato
2023-08-22 16:48:55.973174,8251.01,potato
2023-08-23 16:48:55.973174,8264.86,potato
2023-08-24 16:48:55.973174,8254.51,potato
2023-08-25 16:48:55.973174,8240.34,potato
2023-08-26 16:48:55.973174,8214.99,potato
2023-08-27 16:48:55.973174,8197.6,potato
2023-08-28 16:48:55.973174,8179.88,potato
2023-08-29 16:48:55.973174,8180.06,potato
2023-08-30 16:48:55.973174,8215.73,potato
2023-08-31 16:48:55.973174,8223.57,potato
2023-09-01 16:48:55.973174,8177.52,potato
2023-09-02 16:48:55.973174,8072.76,potato
2023-09-03 16:48:55.973174,7971.4,potato
2023-09-04 16:48:55.973174,7893.52,potato
2023-09-05 16:48:55.973174,7815.64,potato
2023-09-06 16:48:55.973174,7737.48,potato
2023-09-07 16:48:55.973174,7662.95,potato
2023-09-08 16:48:55.973174,7613.67,potato
2023-09-09 16:48:55.973174,7566.35,potato
2023-09-10 16:48:55.973174,7508.3,potato
2023-09-11 16:48:55.973174,7431.44,potato
2023-09-12 16:48:55.973174,7350.83,potato
2023-09-13 16:48:55.973174,7287.72,potato
2023-09-14 16:48:55.973174,7227.76,potato
2023-09-15 16:48:55.973174,7178.75,potato
2023-09-16 16:48:55.973174,7127.87,potato
2023-09-17 16:48:55.973174,7064.95,potato
2023-09-18 16:48:55.973174,7010.01,potato
2023-09-19 16:48:55.973174,6945.94,potato
2023-09-20 16:48:55.973174,6906.61,potato
2023-09-21 16:48:55.973174,6870.78,potato
2023-09-22 16:48:55.973174,6836.7,potato
2023-09-23 16:48:55.973174,6808.07,potato
2023-09-24 16:48:55.973174,6755.45,potato
2023-09-25 16:48:55.973174,6715.41,potato
2023-09-26 16:48:55.973174,6670.96,potato
2023-09-27 16:48:55.973174,6634.51,potato
2023-09-28 16:48:55.973174,6577.49,potato
2023-09-29 16:48:55.973174,6512.17,potato
2023-09-30 16:48:55.973174,6436.03,potato
2023-10-01 16:48:55.973174,6338.91,potato
2023-10-02 16:48:55.973174,6207.3,potato
2023-10-03 16:48:55.973174,6078.38,potato
2023-10-04 16:48:55.973174,5934.0,potato
2023-10-05 16:48:55.973174,5809.55,potato
2023-10-06 16:48:55.973174,5651.93,potato
2023-10-07 16:48:55.973174,5507.92,potato
2023-10-08 16:48:55.973174,5351.39,potato
2023-10-09 16:48:55.973174,5216.73,potato
2023-10-10 16:48:55.973174,5089.73,potato
2023-10-11 16:48:55.973174,4979.54,potato
2023-10-12 16:48:55.973174,4883.66,potato
2023-10-13 16:48:55.973174,4796.56,potato
2023-10-14 16:48:55.973174,4700.31,potato
2023-10-15 16:48:55.973174,4597.61,potato
2023-10-16 16:48:55.973174,4503.48,potato
2023-10-17 16:48:55.973174,4408.21,potato
2023-10-18 16:48:55.973174,4305.92,potato
2023-10-19 16:48:55.973174,4208.22,potato
2023-10-20 16:48:55.973174,4116.14,potato
2023-10-21 16:48:55.973174,4039.92,potato
2023-10-22 16:48:55.973174,3960.0,potato
2023-10-23 16:48:55.973174,3889.28,potato
2023-10-24 16:48:55.973174,3811.03,potato
2023-10-25 16:48:55.973174,3724.43,potato
2023-10-26 16:48:55.973174,3640.69,potato
2023-10-27 16:48:55.973174,3550.15,potato
2023-10-28 16:48:55.973174,3471.97,potato
2023-10-29 16:48:55.973174,3391.68,potato
2023-10-30 16:48:55.973174,3343.57,potato
2023-10-31 16:48:55.973174,3255.32,potato
2023-11-01 16:48:55.973174,3137.75,potato
2023-11-02 16:48:55.973174,2960.76,potato
2023-11-03 16:48:55.973174,2791.58,potato
2023-11-04 16:48:55.973174,2623.39,potato
2023-11-05 16:48:55.973174,2468.12,potato
2023-11-06 16:48:55.973174,2313.66,potato
2023-11-07 16:48:55.973174,2163.57,potato
2023-11-08 16:48:55.973174,2012.69,potato
2023-11-09 16:48:55.973174,1875.94,potato
2023-11-10 16:48:55.973174,1754.26,potato
2023-11-11 16:48:55.973174,1631.67,potato
2023-11-12 16:48:55.973174,1507.53,potato
2023-11-13 16:48:55.973174,1376.67,potato
2023-11-14 16:48:55.973174,1233.73,potato
2023-11-15 16:48:55.973174,1093.76,potato
2023-11-16 16:48:55.973174,936.85,potato
2023-11-17 16:48:55.973174,803.66,potato
2023-11-18 16:48:55.973174,684.31,potato
2023-11-19 16:48:55.973174,596.9,potato
2023-11-20 16:48:55.973174,543.12,potato
2023-11-21 16:48:55.973174,507.79,potato
2023-11-22 16:48:55.973174,500.0,potato
2023-11-23 16:48:55.973174,500.0,potato
2023-11-24 16:48:55.973174,500.0,potato
2023-11-25 16:48:55.973174,500.0,potato
2023-11-26 16:48:55.973174,500.0,potato
2023-11-27 16:48:55.973174,500.0,potato
2023-11-28 16:48:55.973174,500.0,potato
2023-11-29 16:48:55.973174,500.0,potato
2023-11-30 16:48:55.973174,500.0,potato
2023-12-01 16:48:55.973174,500.0,potato
2023-12-02 16:48:55.973174,500.0,potato
2023-12-03 16:48:55.973174,500.0,potato
2023-12-04 16:48:55.973174,500.0,potato
2023-12-05 16:48:55.973174,500.0,potato
2023-12-06 16:48:55.973174,500.0,potato
2023-12-07 16:48:55.973174,500.0,potato
2023-12-08 16:48:55.973174,500.0,potato
2023-12-09 16:48:55.973174,500.0,potato
2023-12-10 16:48:55.973174,500.0,potato
2023-12-11 16:48:55.973174,500.0,potato
2023-12-12 16:48:55.973174,500.0,potato
2023-12-13 16:48:55.973174,500.0,potato
2023-12-14 16:48:55.973174,500.0,potato
2023-12-15 16:48:55.973174,500.0,potato
2023-12-16 16:48:55.973174,500.0,potato
2023-12-17 16:48:55.973174,500.0,potato
2023-12-18 16:48:55.973174,500.0,potato
2023-12-19 16:48:55.973174,500.0,potato
2023-12-20 16:48:55.973174,500.0,potato
2023-12-21 16:48:55.973174,500.0,potato
2023-12-22 16:48:55.973174,500.0,potato
2023-12-23 16:48:55.973174,500.0,potato
2023-12-24 16:48:55.973174,500.0,potato
2023-12-25 16:48:55.973174,500.0,potato
2023-12-26 16:48:55.973174,500.0,potato
2023-12-27 16:48:55.973174,500.0,potato
2023-12-28 16:48:55.973174,500.0,potato
2023-12-29 16:48:55.973174,500.0,potato
2023-12-30 16:48:55.973174,500.0,potato
2023-12-31 16:48:55.973174,500.0,potato
2024-01-01 16:48:55.973174,500.0,potato
2024-01-02 16:48:55.973174,500.0,potato
2024-01-03 16:48:55.973174,500.0,potato
2024-01-04 16:48:55.973174,500.0,potato
2024-01-05 16:48:55.973174,500.0,potato
2024-01-06 16:48:55.973174,500.0,potato
2024-01-07 16:48:55.973174,500.0,potato
2024-01-08 16:48:55.973174,500.0,potato
2024-01-09 16:48:55.973174,500.0,potato
2024-01-10 16:48:55.973174,500.0,potato
2024-01-11 16:48:55.973174,500.0,potato
2024-01-12 16:48:55.973174,500.0,potato
2024-01-13 16:48:55.973174,500.0,potato
2024-01-14 16:48:55.973174,500.0,potato
2024-01-15 16:48:55.973174,500.0,potato
2024-01-16 16:48:55.973174,500.0,potato
2024-01-17 16:48:55.973174,500.0,potato
2024-01-18 16:48:55.973174,500.0,potato
2024-01-19 16:48:55.973174,500.0,potato
2024-01-20 16:48:55.973174,500.0,potato
2024-01-21 16:48:55.973174,500.0,potato
2024-01-22 16:48:55.973174,500.0,potato
2024-01-23 16:48:55.973174,500.0,potato
2024-01-24 16:48:55.973174,500.0,potato
2024-01-25 16:48:55.973174,500.0,potato
2024-01-26 16:48:55.973174,500.0,potato
2024-01-27 16:48:55.973174,500.0,potato
2024-01-28 16:48:55.973174,500.0,potato
2024-01-29 16:48:55.973174,500.0,potato
2024-01-30 16:48:55.973174,500.0,potato
2024-01-31 16:48:55.973174,500.0,potato
2024-02-01 16:48:55.973174,500.0,potato
2024-02-02 16:48:55.973174,500.0,potato
2024-02-03 16:48:55.973174,500.0,potato
2024-02-04 16:48:55.973174,500.0,potato
2024-02-05 16:48:55.973174,500.0,potato
2024-02-06 16:48:55.973174,500.0,potato
2024-02-07 16:48:55.973174,500.0,potato
2024-02-08 16:48:55.973174,500.0,potato
2024-02-09 16:48:55.973174,500.0,potato
2024-02-10 16:48:55.973174,500.0,potato
2024-02-11 16:48:55.973174,500.0,potato
2024-02-12 16:48:55.973174,500.0,potato
2024-02-13 16:48:55.973174,500.0,potato
2024-02-14 16:48:55.973174,500.0,potato
2024-02-15 16:48:55.973174,500.0,potato
2024-02-16 16:48:55.973174,500.0,potato
2024-02-17 16:48:55.973174,500.0,potato
2024-02-18 16:48:55.973174,500.0,potato
2024-02-19 16:48:55.973174,500.0,potato
2024-02-20 16:48:55.973174,500.0,potato
2024-02-21 16:48:55.973174,500.0,potato
2024-02-22 16:48:55.973174,500.0,potato
2024-02-23 16:48:55.973174,500.0,potato
2024-02-24 16:48:55.973174,500.0,potato
2024-02-25 16:48:55.973174,500.0,potato
2024-02-26 16:48:55.973174,500.0,potato
2024-02-27 16:48:55.973174,500.0,potato
2024-02-28 16:48:55.973174,500.0,potato
2024-02-29 16:48:55.973174,500.0,potato
2024-03-01 16:48:55.973174,500.0,potato
2024-03-02 16:48:55.973174,500.0,potato
2024-03-03 16:48:55.973174,500.0,potato
2024-03-04 16:48:55.973174,500.0,potato
2024-03-05 16:48:55.973174,500.0,potato
2024-03-06 16:48:55.973174,500.0,potato
2024-03-07 16:48:55.973174,500.0,potato
2024-03-08 16:48:55.973174,500.0,potato
2024-03-09 16:48:55.973174,500.0,potato
2024-03-10 16:48:55.973174,500.0,potato
2024-03-11 16:48:55.973174,500.0,potato
2024-03-12 16:48:55.973174,500.0,potato
2024-03-13 16:48:55.973174,500.0,potato
2024-03-14 16:48:55.973174,500.0,potato
2024-03-15 16:48:55.973174,500.0,potato
2024-03-16 16:48:55.973174,500.0,potato
2024-03-17 16:48:55.973174,500.0,potato
2024-03-18 16:48:55.973174,500.0,potato
2024-03-19 16:48:55.973174,500.0,potato
2024-03-20 16:48:55.973174,500.0,potato
2024-03-21 16:48:55.973174,500.0,potato
2024-03-22 16:48:55.973174,500.0,potato
2024-03-23 16:48:55.973174,500.0,potato
2024-03-24 16:48:55.973174,500.0,potato
2024-03-25 16:48:55.973174,500.0,potato
2024-03-26 16:48:55.973174,500.0,potato
2024-03-27 16:48:55.973174,500.0,potato
2024-03-28 16:48:55.973174,500.0,potato
2024-03-29 16:48:55.973174,500.0,potato
2024-03-30 16:48:55.973174,500.0,potato
2024-03-31 16:48:55.973174,500.42,potato
2024-04-01 16:48:55.973174,506.3,potato
2024-04-02 16:48:55.973174,506.3,potato
2024-04-03 16:48:55.973174,523.46,potato
2024-04-04 16:48:55.973174,538.55,potato
2024-04-05 16:48:55.973174,581.06,potato
2024-04-06 16:48:55.973174,602.62,potato
2024-04-07 16:48:55.973174,630.15,potato
2024-04-08 16:48:55.973174,634.89,potato
2024-04-09 16:48:55.973174,636.59,potato
2024-04-10 16:48:55.973174,628.12,potato
2024-04-11 16:48:55.973174,615.6,potato
2024-04-12 16:48:55.973174,627.71,potato
2024-04-13 16:48:55.973174,653.44,potato
2024-04-14 16:48:55.973174,704.32,potato
2024-04-15 16:48:55.973174,746.07,potato
2024-04-16 16:48:55.973174,780.16,potato
2024-04-17 16:48:55.973174,801.92,potato
2024-04-18 16:48:55.973174,820.4,potato
2024-04-19 16:48:55.973174,824.65,potato
2024-04-20 16:48:55.973174,830.1,potato
2024-04-21 16:48:55.973174,802.78,potato
2024-04-22 16:48:55.973174,779.53,potato
2024-04-23 16:48:55.973174,743.88,potato
2024-04-24 16:48:55.973174,746.04,potato
2024-04-25 16:48:55.973174,744.77,potato
2024-04-26 16:48:55.973174,756.97,potato
2024-04-27 16:48:55.973174,758.09,potato
2024-04-28 16:48:55.973174,769.16,potato
2024-04-29 16:48:55.973174,780.03,potato
2024-04-30 16:48:55.973174,850.36,potato
2024-05-01 16:48:55.973174,966.74,potato
2024-05-02 16:48:55.973174,1111.41,potato
2024-05-03 16:48:55.973174,1231.61,potato
2024-05-04 16:48:55.973174,1342.63,potato
2024-05-05 16:48:55.973174,1456.51,potato
2024-05-06 16:48:55.973174,1563.96,potato
2024-05-07 16:48:55.973174,1648.81,potato
2024-05-08 16:48:55.973174,1726.02,potato
2024-05-09 16:48:55.973174,1809.6,potato
2024-05-10 16:48:55.973174,1934.06,potato
2024-05-11 16:48:55.973174,2055.15,potato
2024-05-12 16:48:55.973174,2143.7,potato
2024-05-13 16:48:55.973174,2196.87,potato
2024-05-14 16:48:55.973174,2248.48,potato
2024-05-15 16:48:55.973174,2328.0,potato
2024-05-16 16:48:55.973174,2420.16,potato
2024-05-17 16:48:55.973174,2503.72,potato
2024-05-18 16:48:55.973174,2583.74,potato
2024-05-19 16:48:55.973174,2649.55,potato
2024-05-20 16:48:55.973174,2721.32,potato
2024-05-21 16:48:55.973174,2780.57,potato
2024-05-22 16:48:55.973174,2844.99,potato
2024-05-23 16:48:55.973174,2896.8,potato
2024-05-24 16:48:55.973174,2957.03,potato
2024-05-25 16:48:55.973174,3000.78,potato
2024-05-26 16:48:55.973174,3054.86,potato
2024-05-27 16:48:55.973174,3113.77,potato
2024-05-28 16:48:55.973174,3184.34,potato
2024-05-29 16:48:55.973174,3239.05,potato
2024-05-30 16:48:55.973174,3282.74,potato
2024-05-31 16:48:55.973174,3346.67,potato
2024-06-01 16:48:55.973174,3430.28,potato
2024-06-02 16:48:55.973174,3556.93,potato
2024-06-03 16:48:55.973174,3682.35,potato
2024-06-04 16:48:55.973174,3817.25,potato
2024-06-05 16:48:55.973174,3923.03,potato
2024-06-06 16:48:55.973174,4040.7,potato
2024-06-07 16:48:55.973174,4149.49,potato
2024-06-08 16:48:55.973174,4278.06,potato
2024-06-09 16:48:55.973174,4397.78,potato
2024-06-10 16:48:55.973174,4519.2,potato
2024-06-11 16:48:55.973174,4641.36,potato
2024-06-12 16:48:55.973174,4753.85,potato
2024-06-13 16:48:55.973174,4875.23,potato
2024-06-14 16:48:55.973174,4979.59,potato
2024-06-15 16:48:55.973174,5078.88,potato
2024-06-16 16:48:55.973174,5172.72,potato
2024-06-17 16:48:55.973174,5229.29,potato
2024-06-18 16:48:55.973174,5296.37,potato
2024-06-19 16:48:55.973174,5349.97,potato
2024-06-20 16:48:55.973174,5449.11,potato
2024-06-21 16:48:55.973174,5538.38,potato
2024-06-22 16:48:55.973174,5631.56,potato
2024-06-23 16:48:55.973174,5703.38,potato
2024-06-24 16:48:55.973174,5760.91,potato
2024-06-25 16:48:55.973174,5823.83,potato
2024-06-26 16:48:55.973174,5879.89,potato
2024-06-27 16:48:55.973174,5950.3,potato
2024-06-28 16:48:55.973174,6005.29,potato
2024-06-29 16:48:55.973174,6062.37,potato
2024-06-30 16:48:55.973174,6120.03,potato
2024-07-01 16:48:55.973174,6201.62,potato
2024-07-02 16:48:55.973174,6302.89,potato
2024-07-03 16:48:55.973174,6392.77,potato
2024-07-04 16:48:55.973174,6466.48,potato
2024-07-05 16:48:55.973174,6533.47,potato
2024-07-06 16:48:55.973174,6623.72,potato
2024-07-07 16:48:55.973174,6747.76,potato
2024-07-08 16:48:55.973174,6849.27,potato
2024-07-09 16:48:55.973174,6926.59,potato
2024-07-10 16:48:55.973174,6972.3,potato
2024-07-11 16:48:55.973174,7027.93,potato
2024-07-12 16:48:55.973174,7085.52,potato
2024-07-13 16:48:55.973174,7142.52,potato
2024-07-14 16:48:55.973174,7194.6,potato
2024-07-15 16:48:55.973174,7245.57,potato
2024-07-16 16:48:55.973174,7304.0,potato
2024-07-17 16:48:55.973174,7362.97,potato
2024-07-18 16:48:55.973174,7428.04,potato
2024-07-19 16:48:55.973174,7483.08,potato
2024-07-20 16:48:55.973174,7543.55,potato
2024-07-21 16:48:55.973174,7585.8,potato
2024-07-22 16:48:55.973174,7613.87,potato
2024-07-23 16:48:55.973174,7634.86,potato
2024-07-24 16:48:55.973174,7665.69,potato
2024-07-25 16:48:55.973174,7725.92,potato
2024-07-26 16:48:55.973174,7801.69,potato
2024-07-27 16:48:55.973174,7867.07,potato
2024-07-28 16:48:55.973174,7902.23,potato
2024-07-29 16:48:55.973174,7916.99,potato
2024-07-30 16:48:55.973174,7944.72,potato
2024-07-31 16:48:55.973174,7960.46,potato
2024-08-01 16:48:55.973174,7962.48,potato
2024-08-02 16:48:55.973174,7941.35,potato
2024-08-03 16:48:55.973174,7936.85,potato
2024-08-04 16:48:55.973174,7946.53,potato
2024-08-05 16:48:55.973174,7946.32,potato
2024-08-06 16:48:55.973174,7930.03,potato
2024-08-07 16:48:55.973174,7908.49,potato
2024-08-08 16:48:55.973174,7912.06,potato
2024-08-09 16:48:55.973174,7928.84,potato
2024-08-10 16:48:55.973174,7944.01,potato
2024-08-11 16:48:55.973174,7952.38,potato
2024-08-12 16:48:55.973174,7974.48,potato
2024-08-13 16:48:55.973174,8001.44,potato
2024-08-14 16:48:55.973174,8033.96,potato
2024-08-15 16:48:55.973174,8032.31,potato
2024-08-16 16:48:55.973174,8024.59,potato
2024-08-17 16:48:55.973174,7999.6,potato
2024-08-18 16:48:55.973174,7983.29,potato
2024-08-19 16:48:55.973174,7961.23,potato
2024-08-20 16:48:55.973174,7948.83,potato
2024-08-21 16:48:55.973174,7932.28,potato
2024-08-22 16:48:55.973174,7935.3,potato
2024-08-23 16:48:55.973174,7950.7,potato
2024-08-24 16:48:55.973174,7974.53,potato
2024-08-25 16:48:55.973174,7976.3,potato
2024-08-26 16:48:55.973174,7982.87,potato
2024-08-27 16:48:55.973174,8003.73,potato
2024-08-28 16:48:55.973174,8049.31,potato
2024-08-29 16:48:55.973174,8063.45,potato
2024-08-30 16:48:55.973174,8067.62,potato
2024-08-31 16:48:55.973174,8025.32,potato
2024-09-01 16:48:55.973174,7959.31,potato
2024-09-02 16:48:55.973174,7870.4,potato
2024-09-03 16:48:55.973174,7785.88,potato
2024-09-04 16:48:55.973174,7721.17,potato
2024-09-05 16:48:55.973174,7659.04,potato
2024-09-06 16:48:55.973174,7607.44,potato
2024-09-07 16:48:55.973174,7550.1,potato
2024-09-08 16:48:55.973174,7477.32,potato
2024-09-09 16:48:55.973174,7412.86,potato
2024-09-10 16:48:55.973174,7340.42,potato
2024-09-11 16:48:55.973174,7274.18,potato
2024-09-12 16:48:55.973174,7194.99,potato
2024-09-13 16:48:55.973174,7119.44,potato
2024-09-14 16:48:55.973174,7062.05,potato
2024-09-15 16:48:55.973174,6993.54,potato
2024-09-16 16:48:55.973174,6935.96,potato
2024-09-17 16:48:55.973174,6865.49,potato
2024-09-18 16:48:55.973174,6816.63,potato
2024-09-19 16:48:55.973174,6761.69,potato
2024-09-20 16:48:55.973174,6717.15,potato
2024-09-21 16:48:55.973174,6672.26,potato
2024-09-22 16:48:55.973174,6641.51,potato
2024-09-23 16:48:55.973174,6603.19,potato
2024-09-24 16:48:55.973174,6565.64,potato
2024-09-25 16:48:55.973174,6515.03,potato
2024-09-26 16:48:55.973174,6465.63,potato
2024-09-27 16:48:55.973174,6403.17,potato
2024-09-28 16:48:55.973174,6331.78,potato
2024-09-29 16:48:55.973174,6263.34,potato
2024-09-30 16:48:55.973174,6164.87,potato
2024-10-01 16:48:55.973174,6037.86,potato
2024-10-02 16:48:55.973174,5884.36,potato
2024-10-03 16:48:55.973174,5735.34,potato
2024-10-04 16:48:55.973174,5611.92,potato
2024-10-05 16:48:55.973174,5493.89,potato
2024-10-06 16:48:55.973174,5388.48,potato
2024-10-07 16:48:55.973174,5268.74,potato
2024-10-08 16:48:55.973174,5127.94,potato
2024-10-09 16:48:55.973174,4986.11,potato
2024-10-10 16:48:55.973174,4866.66,potato
2024-10-11 16:48:55.973174,4761.2,potato
2024-10-12 16:48:55.973174,4632.96,potato
2024-10-13 16:48:55.973174,4488.2,potato
2024-10-14 16:48:55.973174,4342.01,potato
2024-10-15 16:48:55.973174,4236.11,potato
2024-10-16 16:48:55.973174,4148.48,potato
2024-10-17 16:48:55.973174,4066.07,potato
2024-10-18 16:48:55.973174,3991.17,potato
2024-10-19 16:48:55.973174,3909.28,potato
2024-10-20 16:48:55.973174,3848.07,potato
2024-10-21 16:48:55.973174,3751.08,potato
2024-10-22 16:48:55.973174,3660.67,potato
2024-10-23 16:48:55.973174,3549.38,potato
2024-10-24 16:48:55.973174,3475.19,potato
2024-10-25 16:48:55.973174,3388.61,potato
2024-10-26 16:48:55.973174,3316.94,potato
2024-10-27 16:48:55.973174,3231.34,potato
2024-10-28 16:48:55.973174,3153.31,potato
2024-10-29 16:48:55.973174,3072.7,potato
2024-10-30 16:48:55.973174,3009.39,potato
2024-10-31 16:48:55.973174,2905.38,potato
2024-11-01 16:48:55.973174,2780.27,potato
2024-11-02 16:48:55.973174,2618.57,potato
2024-11-03 16:48:55.973174,2475.48,potato
2024-11-04 16:48:55.973174,2317.8,potato
2024-11-05 16:48:55.973174,2137.3,potato
2024-11-06 16:48:55.973174,1960.44,potato
2024-11-07 16:48:55.973174,1796.76,potato
2024-11-08 16:48:55.973174,1662.77,potato
2024-11-09 16:48:55.973174,1529.98,potato
2024-11-10 16:48:55.973174,1424.05,potato
2024-11-11 16:48:55.973174,1294.93,potato
2024-11-12 16:48:55.973174,1180.26,potato
2024-11-13 16:48:55.973174,1033.45,potato
2024-11-14 16:48:55.973174,903.05,potato
2024-11-15 16:48:55.973174,760.89,potato
2024-11-16 16:48:55.973174,629.51,potato
2024-11-17 16:48:55.973174,543.03,potato
2024-11-18 16:48:55.973174,500.0,potato
2024-11-19 16:48:55.973174,500.0,potato
2024-11-20 16:48:55.973174,500.0,potato
2024-11-21 16:48:55.973174,500.0,potato
2024-11-22 16:48:55.973174,500.0,potato
2024-11-23 16:48:55.973174,500.0,potato
2024-11-24 16:48:55.973174,500.0,potato
2024-11-25 16:48:55.973174,500.0,potato
2024-11-26 16:48:55.973174,500.0,potato
2024-11-27 16:48:55.973174,500.0,potato
2024-11-28 16:48:55.973174,500.0,potato
2024-11-29 16:48:55.973174,500.0,potato
2024-11-30 16:48:55.973174,500.0,potato
2024-12-01 16:48:55.973174,500.0,potato
2024-12-02 16:48:55.973174,500.0,potato
2024-12-03 16:48:55.973174,500.0,potato
2024-12-04 16:48:55.973174,500.0,potato
2024-12-05 16:48:55.973174,500.0,potato
2024-12-06 16:48:55.973174,500.0,potato
2024-12-07 16:48:55.973174,500.0,potato
2024-12-08 16:48:55.973174,500.0,potato
2024-12-09 16:48:55.973174,500.0,potato
2024-12-10 16:48:55.973174,500.0,potato
2024-12-11 16:48:55.973174,500.0,potato
2024-12-12 16:48:55.973174,500.0,potato
2024-12-13 16:48:55.973174,500.0,potato
2024-12-14 16:48:55.973174,500.0,potato
2024-12-15 16:48:55.973174,500.0,potato
2024-12-16 16:48:55.973174,500.0,potato
2024-12-17 16:48:55.973174,500.0,potato
2024-12-18 16:48:55.973174,500.0,potato
2024-12-19 16:48:55.973174,500.0,potato
2024-12-20 16:48:55.973174,500.0,potato
2024-12-21 16:48:55.973174,500.0,potato
2024-12-22 16:48:55.973174,500.0,potato
2024-12-23 16:48:55.973174,500.0,potato
2024-12-24 16:48:55.973174,500.0,potato
2024-12-25 16:48:55.973174,500.0,potato
2024-12-26 16:48:55.973174,500.0,potato
2024-12-27 16:48:55.973174,500.0,potato
2024-12-28 16:48:55.973174,500.0,potato
2024-12-29 16:48:55.973174,500.0,potato
2024-12-30 16:48:55.973174,500.0,potato
2024-12-31 16:48:55.973174,500.0,potato
2025-01-01 16:48:55.973174,500.0,potato
2025-01-02 16:48:55.973174,500.0,potato
2025-01-03 16:48:55.973174,500.0,potato
2025-01-04 16:48:55.973174,500.0,potato
2025-01-05 16:48:55.973174,500.0,potato
2025-01-06 16:48:55.973174,500.0,potato
2025-01-07 16:48:55.973174,500.0,potato
2025-01-08 16:48:55.973174,500.0,potato
2025-01-09 16:48:55.973174,500.0,potato
2025-01-10 16:48:55.973174,500.0,potato
2025-01-11 16:48:55.973174,500.0,potato
2025-01-12 16:48:55.973174,500.0,potato
2025-01-13 16:48:55.973174,500.0,potato
2025-01-14 16:48:55.973174,500.0,potato
2025-01-15 16:48:55.973174,500.0,potato
2025-01-16 16:48:55.973174,500.0,potato
2025-01-17 16:48:55.973174,500.0,potato
2025-01-18 16:48:55.973174,500.0,potato
2025-01-19 16:48:55.973174,500.0,potato
2025-01-20 16:48:55.973174,500.0,potato
2025-01-21 16:48:55.973174,500.0,potato
2025-01-22 16:48:55.973174,500.0,potato
2025-01-23 16:48:55.973174,500.0,potato
2025-01-24 16:48:55.973174,500.0,potato
2025-01-25 16:48:55.973174,500.0,potato
2025-01-26 16:48:55.973174,500.0,potato
2025-01-27 16:48:55.973174,500.0,potato
2025-01-28 16:48:55.973174,500.0,potato
2025-01-29 16:48:55.973174,500.0,potato
2025-01-30 16:48:55.973174,500.0,potato
2025-01-31 16:48:55.973174,500.0,potato
2025-02-01 16:48:55.973174,500.0,potato
2025-02-02 16:48:55.973174,500.0,potato
2025-02-03 16:48:55.973174,500.0,potato
2025-02-04 16:48:55.973174,500.0,potato
2025-02-05 16:48:55.973174,500.0,potato
2025-02-06 16:48:55.973174,500.0,potato
2025-02-07 16:48:55.973174,500.0,potato
2025-02-08 16:48:55.973174,500.0,potato
2025-02-09 16:48:55.973174,500.0,potato
2025-02-10 16:48:55.973174,500.0,potato
2025-02-11 16:48:55.973174,500.0,potato
2025-02-12 16:48:55.973174,500.0,potato
2025-02-13 16:48:55.973174,500.0,potato
2025-02-14 16:48:55.973174,500.0,potato
2025-02-15 16:48:55.973174,500.0,potato
2025-02-16 16:48:55.973174,500.0,potato
2025-02-17 16:48:55.973174,500.0,potato
2025-02-18 16:48:55.973174,500.0,potato
2025-02-19 16:48:55.973174,500.0,potato
2025-02-20 16:48:55.973174,500.0,potato
2025-02-21 16:48:55.973174,500.0,potato
2025-02-22 16:48:55.973174,500.0,potato
2025-02-23 16:48:55.973174,500.0,potato
2025-02-24 16:48:55.973174,500.0,potato
2025-02-25 16:48:55.973174,500.0,potato
2025-02-26 16:48:55.973174,500.0,potato
2025-02-27 16:48:55.973174,500.0,potato
2025-02-28 16:48:55.973174,500.0,potato
2025-03-01 16:48:55.973174,500.0,potato
2025-03-02 16:48:55.973174,500.0,potato
2025-03-03 16:48:55.973174,500.0,potato
2025-03-04 16:48:55.973174,500.0,potato
2025-03-05 16:48:55.973174,500.0,potato
2025-03-06 16:48:55.973174,500.0,potato
2025-03-07 16:48:55.973174,500.0,potato
2025-03-08 16:48:55.973174,500.0,potato
2025-03-09 16:48:55.973174,500.0,potato
2025-03-10 16:48:55.973174,500.0,potato
2025-03-11 16:48:55.973174,500.0,potato
2025-03-12 16:48:55.973174,500.0,potato
2025-03-13 16:48:55.973174,500.0,potato
2025-03-14 16:48:55.973174,500.0,potato
2025-03-15 16:48:55.973174,500.0,potato
2025-03-16 16:48:55.973174,500.0,potato
2025-03-17 16:48:55.973174,500.0,potato
2025-03-18 16:48:55.973174,500.0,potato
2025-03-19 16:48:55.973174,500.0,potato
2025-03-20 16:48:55.973174,500.0,potato
2025-03-21 16:48:55.973174,500.0,potato
2025-03-22 16:48:55.973174,500.0,potato
2025-03-23 16:48:55.973174,500.0,potato
2025-03-24 16:48:55.973174,500.0,potato
2025-03-25 16:48:55.973174,500.0,potato
2025-03-26 16:48:55.973174,500.0,potato
2025-03-27 16:48:55.973174,500.0,potato
2025-03-28 16:48:55.973174,500.0,potato
2025-03-29 16:48:55.973174,500.0,potato
2025-03-30 16:48:55.973174,500.0,potato
2025-03-31 16:48:55.973174,500.0,potato
2025-04-01 16:48:55.973174,506.3,potato
2025-04-02 16:48:55.973174,508.92,potato
2025-04-03 16:48:55.973174,527.61,potato
2025-04-04 16:48:55.973174,550.63,potato
2025-04-05 16:48:55.973174,576.42,potato
2025-04-06 16:48:55.973174,590.38,potato
2025-04-07 16:48:55.973174,575.91,potato
2025-04-08 16:48:55.973174,567.02,potato
2025-04-09 16:48:55.973174,566.56,potato
2025-04-10 16:48:55.973174,582.48,potato
2025-04-11 16:48:55.973174,598.8,potato
2025-04-12 16:48:55.973174,597.23,potato
2025-04-13 16:48:55.973174,616.59,potato
2025-04-14 16:48:55.973174,641.6,potato
2025-04-15 16:48:55.973174,677.76,potato
2025-04-16 16:48:55.973174,685.59,potato
2025-04-17 16:48:55.973174,680.39,potato
2025-04-18 16:48:55.973174,674.89,potato
2025-04-19 16:48:55.973174,677.8,potato
2025-04-20 16:48:55.973174,692.16,potato
2025-04-21 16:48:55.973174,720.29,potato
2025-04-22 16:48:55.973174,758.38,potato
2025-04-23 16:48:55.973174,800.91,potato
2025-04-24 16:48:55.973174,814.83,potato
2025-04-25 16:48:55.973174,816.14,potato
2025-04-26 16:48:55.973174,816.69,potato
2025-04-27 16:48:55.973174,826.31,potato
2025-04-28 16:48:55.973174,844.43,potato
2025-04-29 16:48:55.973174,865.3,potato
2025-04-30 16:48:55.973174,948.24,potato
2025-05-01 16:48:55.973174,1066.61,potato
2025-05-02 16:48:55.973174,1221.49,potato
2025-05-03 16:48:55.973174,1351.89,potato
2025-05-04 16:48:55.973174,1461.43,potato
2025-05-05 16:48:55.973174,1558.68,potato
2025-05-06 16:48:55.973174,1644.96,potato
2025-05-07 16:48:55.973174,1750.38,potato
2025-05-08 16:48:55.973174,1863.31,potato
2025-05-09 16:48:55.973174,1972.31,potato
2025-05-10 16:48:55.973174,2083.78,potato
2025-05-11 16:48:55.973174,2189.69,potato
2025-05-12 16:48:55.973174,2294.95,potato
2025-05-13 16:48:55.973174,2383.69,potato
2025-05-14 16:48:55.973174,2451.81,potato
2025-05-15 16:48:55.973174,2520.6,potato
2025-05-16 16:48:55.973174,2586.9,potato
2025-05-17 16:48:55.973174,2658.83,potato
2025-05-18 16:48:55.973174,2725.08,potato
2025-05-19 16:48:55.973174,2786.07,potato
2025-05-20 16:48:55.973174,2836.26,potato
2025-05-21 16:48:55.973174,2893.62,potato
2025-05-22 16:48:55.973174,2945.03,potato
2025-05-23 16:48:55.973174,2996.02,potato
2025-05-24 16:48:55.973174,3051.98,potato
2025-05-25 16:48:55.973174,3122.46,potato
2025-05-26 16:48:55.973174,3205.63,potato
2025-05-27 16:48:55.973174,3276.36,potato
2025-05-28 16:48:55.973174,3345.25,potato
2025-05-29 16:48:55.973174,3389.69,potato
2025-05-30 16:48:55.973174,3437.83,potato
2025-05-31 16:48:55.973174,3511.28,potato
2025-06-01 16:48:55.973174,3613.44,potato
2025-06-02 16:48:55.973174,3741.08,potato
2025-06-03 16:48:55.973174,3848.25,potato
2025-06-04 16:48:55.973174,3973.46,potato
2025-06-05 16:48:55.973174,4073.59,potato
2025-06-06 16:48:55.973174,4174.67,potato
2025-06-07 16:48:55.973174,4267.86,potato
2025-06-08 16:48:55.973174,4386.85,potato
2025-06-09 16:48:55.973174,4504.41,potato
2025-06-10 16:48:55.973174,4616.94,potato
2025-06-11 16:48:55.973174,4701.37,potato
2025-06-12 16:48:55.973174,4764.53,potato
2025-06-13 16:48:55.973174,4809.99,potato
2025-06-14 16:48:55.973174,4880.83,potato
2025-06-15 16:48:55.973174,4980.31,potato
2025-06-16 16:48:55.973174,5085.42,potato
2025-06-17 16:48:55.973174,5187.27,potato
2025-06-18 16:48:55.973174,5273.35,potato
2025-06-19 16:48:55.973174,5346.84,potato
2025-06-20 16:48:55.973174,5404.14,potato
2025-06-21 16:48:55.973174,5455.81,potato
2025-06-22 16:48:55.973174,5508.07,potato
2025-06-23 16:48:55.973174,5574.06,potato
2025-06-24 16:48:55.973174,5650.06,potato
2025-06-25 16:48:55.973174,5733.01,potato
2025-06-26 16:48:55.973174,5809.9,potato
2025-06-27 16:48:55.973174,5887.91,potato
2025-06-28 16:48:55.973174,5969.41,potato
2025-06-29 16:48:55.973174,6039.95,potato
2025-06-30 16:48:55.973174,6120.37,potato
2025-07-01 16:48:55.973174,6215.18,potato
2025-07-02 16:48:55.973174,6317.92,potato
2025-07-03 16:48:55.973174,6428.78,potato
2025-07-04 16:48:55.973174,6533.16,potato
2025-07-05 16:48:55.973174,6635.92,potato
2025-07-06 16:48:55.973174,6725.24,potato
2025-07-07 16:48:55.973174,6813.92,potato
2025-07-08 16:48:55.973174,6901.17,potato
2025-07-09 16:48:55.973174,6990.87,potato
2025-07-10 16:48:55.973174,7065.94,potato
2025-07-11 16:48:55.973174,7129.58,potato
2025-07-12 16:48:55.973174,7182.95,potato
2025-07-13 16:48:55.973174,7234.47,potato
2025-07-14 16:48:55.973174,7286.6,potato
2025-07-15 16:48:55.973174,7325.11,potato
2025-07-16 16:48:55.973174,7388.47,potato
2025-07-17 16:48:55.973174,7459.7,potato
2025-07-18 16:48:55.973174,7542.5,potato
2025-07-19 16:48:55.973174,7612.58,potato
2025-07-20 16:48:55.973174,7652.59,potato
2025-07-21 16:48:55.973174,7687.52,potato
2025-07-22 16:48:55.973174,7694.24,potato
2025-07-23 16:48:55.973174,7728.91,potato
2025-07-24 16:48:55.973174,7752.89,potato
2025-07-25 16:48:55.973174,7794.55,potato
2025-07-26 16:48:55.973174,7833.04,potato
2025-07-27 16:48:55.973174,7899.63,potato
2025-07-28 16:48:55.973174,7983.07,potato
2025-07-29 16:48:55.973174,8070.59,potato
2025-07-30 16:48:55.973174,8147.91,potato
2025-07-31 16:48:55.973174,8194.26,potato
2025-08-01 16:48:55.973174,8219.32,potato
2025-08-02 16:48:55.973174,8224.94,potato
2025-08-03 16:48:55.973174,8233.56,potato
2025-08-04 16:48:55.973174,8226.73,potato
2025-08-05 16:48:55.973174,8219.27,potato
2025-08-06 16:48:55.973174,8211.04,potato
2025-08-07 16:48:55.973174,8228.94,potato
2025-08-08 16:48:55.973174,8247.67,potato
2025-08-09 16:48:55.973174,8235.22,potato
2025-08-10 16:48:55.973174,8204.75,potato
2025-08-11 16:48:55.973174,8182.68,potato
2025-08-12 16:48:55.973174,8183.75,potato
2025-08-13 16:48:55.973174,8194.29,potato
2025-08-14 16:48:55.973174,8192.46,potato
2025-08-15 16:48:55.973174,8202.5,potato
2025-08-16 16:48:55.973174,8214.58,potato
2025-08-17 16:48:55.973174,8228.82,potato
2025-08-18 16:48:55.973174,8243.43,potato
2025-08-19 16:48:55.973174,8255.9,potato
2025-08-20 16:48:55.973174,8263.89,potato
2025-08-21 16:48:55.973174,8272.03,potato
2025-08-22 16:48:55.973174,8255.65,potato
2025-08-23 16:48:55.973174,8245.57,potato
2025-08-24 16:48:55.973174,8230.06,potato
2025-08-25 16:48:55.973174,8230.11,potato
2025-08-26 16:48:55.973174,8220.83,potato
2025-08-27 16:48:55.973174,8210.35,potato
2025-08-28 16:48:55.973174,8209.4,potato
2025-08-29 16:48:55.973174,8217.76,potato
2025-08-30 16:48:55.973174,8221.57,potato
2025-08-31 16:48:55.973174,8211.8,potato
2025-09-01 16:48:55.973174,8154.24,potato
2025-09-02 16:48:55.973174,8070.24,potato
2025-09-03 16:48:55.973174,7950.94,potato
2025-09-04 16:48:55.973174,7850.2,potato
2025-09-05 16:48:55.973174,7770.25,potato
2025-09-06 16:48:55.973174,7709.26,potato
2025-09-07 16:48:55.973174,7664.82,potato
2025-09-08 16:48:55.973174,7605.9,potato
2025-09-09 16:48:55.973174,7562.93,potato
2025-09-10 16:48:55.973174,7507.92,potato
2025-09-11 16:48:55.973174,7461.84,potato
2025-09-12 16:48:55.973174,7396.29,potato
2025-09-13 16:48:55.973174,7308.4,potato
2025-09-14 16:48:55.973174,7212.84,potato
2025-09-15 16:48:55.973174,7141.88,potato
2025-09-16 16:48:55.973174,7084.98,potato
2025-09-17 16:48:55.973174,7046.5,potato
2025-09-18 16:48:55.973174,7006.64,potato
2025-09-19 16:48:55.973174,6993.24,potato
2025-09-20 16:48:55.973174,6975.49,potato
2025-09-21 16:48:55.973174,6931.25,potato
2025-09-22 16:48:55.973174,6879.21,potato
2025-09-23 16:48:55.973174,6807.4,potato
2025-09-24 16:48:55.973174,6773.05,potato
2025-09-25 16:48:55.973174,6732.82,potato
2025-09-26 16:48:55.973174,6710.03,potato
2025-09-27 16:48:55.973174,6662.68,potato
2025-09-28 16:48:55.973174,6622.93,potato
2025-09-29 16:48:55.973174,6585.13,potato
2025-09-30 16:48:55.973174,6516.98,potato
2025-10-01 16:48:55.973174,6405.26,potato
2025-10-02 16:48:55.973174,6250.62,potato
2025-10-03 16:48:55.973174,6089.56,potato
2025-10-04 16:48:55.973174,5929.17,potato
2025-10-05 16:48:55.973174,5767.8,potato
2025-10-06 16:48:55.973174,5605.68,potato
2025-10-07 16:48:55.973174,5467.12,potato
2025-10-08 16:48:55.973174,5343.04,potato
2025-10-09 16:48:55.973174,5228.56,potato
2025-10-10 16:48:55.973174,5100.5,potato
2025-10-11 16:48:55.973174,4956.73,potato
2025-10-12 16:48:55.973174,4828.19,potato
2025-10-13 16:48:55.973174,4707.28,potato
2025-10-14 16:48:55.973174,4605.65,potato
2025-10-15 16:48:55.973174,4512.28,potato
2025-10-16 16:48:55.973174,4421.11,potato
2025-10-17 16:48:55.973174,4329.54,potato
2025-10-18 16:48:55.973174,4235.97,potato
2025-10-19 16:48:55.973174,4149.77,potato
2025-10-20 16:48:55.973174,4081.42,potato
2025-10-21 16:48:55.973174,4007.72,potato
2025-10-22 16:48:55.973174,3935.21,potato
2025-10-23 16:48:55.973174,3846.55,potato
2025-10-24 16:48:55.973174,3780.59,potato
2025-10-25 16:48:55.973174,3710.98,potato
2025-10-26 16:48:55.973174,3664.25,potato
2025-10-27 16:48:55.973174,3600.98,potato
2025-10-28 16:48:55.973174,3533.4,potato
2025-10-29 16:48:55.973174,3444.44,potato
2025-10-30 16:48:55.973174,3372.02,potato
2025-10-31 16:48:55.973174,3253.47,potato
2025-11-01 16:48:55.973174,3097.0,potato
2025-11-02 16:48:55.973174,2880.91,potato
2025-11-03 16:48:55.973174,2687.53,potato
2025-11-04 16:48:55.973174,2522.12,potato
2025-11-05 16:48:55.973174,2358.95,potato
2025-11-06 16:48:55.973174,2205.13,potato
2025-11-07 16:48:55.973174,2048.72,potato
2025-11-08 16:48:55.973174,1892.32,potato
2025-11-09 16:48:55.973174,1722.92,potato
2025-11-10 16:48:55.973174,1547.74,potato
2025-11-11 16:48:55.973174,1403.5,potato
2025-11-12 16:48:55.973174,1269.7,potato
2025-11-13 16:48:55.973174,1159.35,potato
2025-11-14 16:48:55.973174,1048.0,potato
2025-11-15 16:48:55.973174,927.57,potato
2025-11-16 16:48:55.973174,797.97,potato
2025-11-17 16:48:55.973174,652.1,potato
2025-11-18 16:48:55.973174,560.45,potato
2025-11-19 16:48:55.973174,503.44,potato
2025-11-20 16:48:55.973174,500.0,potato
2025-11-21 16:48:55.973174,500.0,potato
2025-11-22 16:48:55.973174,500.0,potato
2025-11-23 16:48:55.973174,500.0,potato
2025-11-24 16:48:55.973174,500.0,potato
2025-11-25 16:48:55.973174,500.0,potato
2025-11-26 16:48:55.973174,500.0,potato
2025-11-27 16:48:55.973174,500.0,potato
2025-11-28 16:48:55.973174,500.0,potato
2025-11-29 16:48:55.973174,500.0,potato
2025-11-30 16:48:55.973174,500.0,potato
2025-12-01 16:48:55.973174,500.0,potato
2025-12-02 16:48:55.973174,500.0,potato
2025-12-03 16:48:55.973174,500.0,potato
2025-12-04 16:48:55.973174,500.0,potato
2025-12-05 16:48:55.973174,500.0,potato
2025-12-06 16:48:55.973174,500.0,potato
2025-12-07 16:48:55.973174,500.0,potato
2025-12-08 16:48:55.973174,500.0,potato
2025-12-09 16:48:55.973174,500.0,potato
2025-12-10 16:48:55.973174,500.0,potato
2025-12-11 16:48:55.973174,500.0,potato
2025-12-12 16:48:55.973174,500.0,potato
2025-12-13 16:48:55.973174,500.0,potato
2025-12-14 16:48:55.973174,500.0,potato
2025-12-15 16:48:55.973174,500.0,potato
2025-12-16 16:48:55.973174,500.0,potato
2025-12-17 16:48:55.973174,500.0,potato
2025-12-18 16:48:55.973174,500.0,potato
2025-12-19 16:48:55.973174,500.0,potato
2025-12-20 16:48:55.973174,500.0,potato
2025-12-21 16:48:55.973174,500.0,potato
2025-12-22 16:48:55.973174,500.0,potato
2025-12-23 16:48:55.973174,500.0,potato
2025-12-24 16:48:55.973174,500.0,potato
2025-12-25 16:48:55.973174,500.0,potato
2025-12-26 16:48:55.973174,500.0,potato
2025-12-27 16:48:55.973174,500.0,potato
2025-12-28 16:48:55.973174,500.0,potato
2025-12-29 16:48:55.973174,500.0,potato
2025-12-30 16:48:55.973174,500.0,potato
2025-12-31 16:48:55.973174,500.0,potato
2026-01-01 16:48:55.973174,500.0,potato
2026-01-02 16:48:55.973174,500.0,potato
2026-01-03 16:48:55.973174,500.0,potato
2026-01-04 16:48:55.973174,500.0,potato
2026-01-05 16:48:55.973174,500.0,potato
2026-01-06 16:48:55.973174,500.0,potato
2026-01-07 16:48:55.973174,500.0,potato
2026-01-08 16:48:55.973174,500.0,potato
2026-01-09 16:48:55.973174,500.0,potato
2026-01-10 16:48:55.973174,500.0,potato
2026-01-11 16:48:55.973174,500.0,potato
2026-01-12 16:48:55.973174,500.0,potato
2026-01-13 16:48:55.973174,500.0,potato
2026-01-14 16:48:55.973174,500.0,potato
2026-01-15 16:48:55.973174,500.0,potato
2026-01-16 16:48:55.973174,500.0,potato
2026-01-17 16:48:55.973174,500.0,potato
2026-01-18 16:48:55.973174,500.0,potato
2026-01-19 16:48:55.973174,500.0,potato
2026-01-20 16:48:55.973174,500.0,potato
2026-01-21 16:48:55.973174,500.0,potato
2026-01-22 16:48:55.973174,500.0,potato
2026-01-23 16:48:55.973174,500.0,potato
2026-01-24 16:48:55.973174,500.0,potato
2026-01-25 16:48:55.973174,500.0,potato
2026-01-26 16:48:55.973174,500.0,potato
2026-01-27 16:48:55.973174,500.0,potato
2026-01-28 16:48:55.973174,500.0,potato
2026-01-29 16:48:55.973174,500.0,potato
2026-01-30 16:48:55.973174,500.0,potato
2026-01-31 16:48:55.973174,500.0,potato
2026-02-01 16:48:55.973174,500.0,potato
2026-02-02 16:48:55.973174,500.0,potato
2026-02-03 16:48:55.973174,500.0,potato
2026-02-04 16:48:55.973174,500.0,potato
2026-02-05 16:48:55.973174,500.0,potato
2026-02-06 16:48:55.973174,500.0,potato
2026-02-07 16:48:55.973174,500.0,potato
2026-02-08 16:48:55.973174,500.0,potato
2026-02-09 16:48:55.973174,500.0,potato
2026-02-10 16:48:55.973174,500.0,potato
2026-02-11 16:48:55.973174,500.0,potato
2026-02-12 16:48:55.973174,500.0,potato
2026-02-13 16:48:55.973174,500.0,potato
2026-02-14 16:48:55.973174,500.0,potato
2026-02-15 16:48:55.973174,500.0,potato
2026-02-16 16:48:55.973174,500.0,potato
2026-02-17 16:48:55.973174,500.0,potato
2026-02-18 16:48:55.973174,500.0,potato
2026-02-19 16:48:55.973174,500.0,potato
2026-02-20 16:48:55.973174,500.0,potato
2026-02-21 16:48:55.973174,500.0,potato
2026-02-22 16:48:55.973174,500.0,potato
2026-02-23 16:48:55.973174,500.0,potato
2026-02-24 16:48:55.973174,500.0,potato
2026-02-25 16:48:55.973174,500.0,potato
2026-02-26 16:48:55.973174,500.0,potato
2026-02-27 16:48:55.973174,500.0,potato
2026-02-28 16:48:55.973174,500.0,potato
2026-03-01 16:48:55.973174,500.0,potato
2026-03-02 16:48:55.973174,500.0,potato
2026-03-03 16:48:55.973174,500.0,potato
2026-03-04 16:48:55.973174,500.0,potato
2026-03-05 16:48:55.973174,500.0,potato
2026-03-06 16:48:55.973174,500.0,potato
2026-03-07 16:48:55.973174,500.0,potato
2026-03-08 16:48:55.973174,500.0,potato
2026-03-09 16:48:55.973174,500.0,potato
2026-03-10 16:48:55.973174,500.0,potato
2026-03-11 16:48:55.973174,500.0,potato
2026-03-12 16:48:55.973174,500.0,potato
2026-03-13 16:48:55.973174,500.0,potato
2026-03-14 16:48:55.973174,500.0,potato
2026-03-15 16:48:55.973174,500.0,potato
2026-03-16 16:48:55.973174,500.0,potato
2026-03-17 16:48:55.973174,500.0,potato
2026-03-18 16:48:55.973174,500.0,potato
2026-03-19 16:48:55.973174,500.0,potato
2026-03-20 16:48:55.973174,500.0,potato
2026-03-21 16:48:55.973174,500.0,potato
2026-03-22 16:48:55.973174,500.0,potato
2026-03-23 16:48:55.973174,500.0,potato
2026-03-24 16:48:55.973174,500.0,potato
2026-03-25 16:48:55.973174,500.0,potato
2026-03-26 16:48:55.973174,500.0,potato
2026-03-27 16:48:55.973174,500.0,potato
2026-03-28 16:48:55.973174,500.0,potato
2026-03-29 16:48:55.973174,500.0,potato
2026-03-30 16:48:55.973174,500.0,potato
2026-03-31 16:48:55.973174,508.0,potato
2026-04-01 16:48:55.973174,517.61,potato
2026-04-02 16:48:55.973174,541.28,potato
2026-04-03 16:48:55.973174,569.56,potato
2026-04-04 16:48:55.973174,612.76,potato
2026-04-05 16:48:55.973174,641.59,potato
2026-04-06 16:48:55.973174,663.51,potato
2026-04-07 16:48:55.973174,684.77,potato
2026-04-08 16:48:55.973174,693.35,potato
2026-04-09 16:48:55.973174,710.6,potato
2026-04-10 16:48:55.973174,722.02,potato
2026-04-11 16:48:55.973174,494.28,potato
2023-04-12 16:48:55.981293,3670.78,mustard
2023-04-13 16:48:55.981293,5683.43,mustard
2023-04-14 16:48:55.981293,6069.35,mustard
2023-04-15 16:48:55.981293,6484.75,mustard
2023-04-16 16:48:55.981293,6959.73,mustard
2023-04-17 16:48:55.981293,7378.03,mustard
2023-04-18 16:48:55.981293,7758.57,mustard
2023-04-19 16:48:55.981293,8103.69,mustard
2023-04-20 16:48:55.981293,8493.85,mustard
2023-04-21 16:48:55.981293,8900.36,mustard
2023-04-22 16:48:55.981293,9305.35,mustard
2023-04-23 16:48:55.981293,9674.94,mustard
2023-04-24 16:48:55.981293,10038.79,mustard
2023-04-25 16:48:55.981293,10372.49,mustard
2023-04-26 16:48:55.981293,10704.82,mustard
2023-04-27 16:48:55.981293,11020.54,mustard
2023-04-28 16:48:55.981293,11337.64,mustard
2023-04-29 16:48:55.981293,11622.41,mustard
2023-04-30 16:48:55.981293,11775.95,mustard
2023-05-01 16:48:55.981293,11872.9,mustard
2023-05-02 16:48:55.981293,11954.09,mustard
2023-05-03 16:48:55.981293,12063.55,mustard
2023-05-04 16:48:55.981293,12193.85,mustard
2023-05-05 16:48:55.981293,12322.16,mustard
2023-05-06 16:48:55.981293,12441.64,mustard
2023-05-07 16:48:55.981293,12527.7,mustard
2023-05-08 16:48:55.981293,12598.21,mustard
2023-05-09 16:48:55.981293,12678.36,mustard
2023-05-10 16:48:55.981293,12762.91,mustard
2023-05-11 16:48:55.981293,12858.11,mustard
2023-05-12 16:48:55.981293,12921.92,mustard
2023-05-13 16:48:55.981293,12952.15,mustard
2023-05-14 16:48:55.981293,12967.1,mustard
2023-05-15 16:48:55.981293,13000.07,mustard
2023-05-16 16:48:55.981293,13108.89,mustard
2023-05-17 16:48:55.981293,13236.56,mustard
2023-05-18 16:48:55.981293,13377.86,mustard
2023-05-19 16:48:55.981293,13444.64,mustard
2023-05-20 16:48:55.981293,13494.47,mustard
2023-05-21 16:48:55.981293,13533.0,mustard
2023-05-22 16:48:55.981293,13638.97,mustard
2023-05-23 16:48:55.981293,13713.77,mustard
2023-05-24 16:48:55.981293,13768.7,mustard
2023-05-25 16:48:55.981293,13726.74,mustard
2023-05-26 16:48:55.981293,13734.87,mustard
2023-05-27 16:48:55.981293,13784.08,mustard
2023-05-28 16:48:55.981293,13861.75,mustard
2023-05-29 16:48:55.981293,13900.84,mustard
2023-05-30 16:48:55.981293,13959.9,mustard
2023-05-31 16:48:55.981293,13933.03,mustard
2023-06-01 16:48:55.981293,13816.62,mustard
2023-06-02 16:48:55.981293,13502.47,mustard
2023-06-03 16:48:55.981293,13153.78,mustard
2023-06-04 16:48:55.981293,12836.92,mustard
2023-06-05 16:48:55.981293,12576.18,mustard
2023-06-06 16:48:55.981293,12318.06,mustard
2023-06-07 16:48:55.981293,12028.87,mustard
2023-06-08 16:48:55.981293,11727.96,mustard
2023-06-09 16:48:55.981293,11524.97,mustard
2023-06-10 16:48:55.981293,11305.04,mustard
2023-06-11 16:48:55.981293,11127.22,mustard
2023-06-12 16:48:55.981293,10922.66,mustard
2023-06-13 16:48:55.981293,10773.97,mustard
2023-06-14 16:48:55.981293,10635.99,mustard
2023-06-15 16:48:55.981293,10505.7,mustard
2023-06-16 16:48:55.981293,10353.6,mustard
2023-06-17 16:48:55.981293,10193.87,mustard
2023-06-18 16:48:55.981293,10009.48,mustard
2023-06-19 16:48:55.981293,9810.75,mustard
2023-06-20 16:48:55.981293,9613.48,mustard
2023-06-21 16:48:55.981293,9410.75,mustard
2023-06-22 16:48:55.981293,9235.55,mustard
2023-06-23 16:48:55.981293,9051.63,mustard
2023-06-24 16:48:55.981293,8883.89,mustard
2023-06-25 16:48:55.981293,8762.85,mustard
2023-06-26 16:48:55.981293,8691.26,mustard
2023-06-27 16:48:55.981293,8626.36,mustard
2023-06-28 16:48:55.981293,8548.22,mustard
2023-06-29 16:48:55.981293,8419.5,mustard
2023-06-30 16:48:55.981293,8161.51,mustard
2023-07-01 16:48:55.981293,7827.11,mustard
2023-07-02 16:48:55.981293,7415.64,mustard
2023-07-03 16:48:55.981293,7071.76,mustard
2023-07-04 16:48:55.981293,6720.08,mustard
2023-07-05 16:48:55.981293,6391.37,mustard
2023-07-06 16:48:55.981293,6107.02,mustard
2023-07-07 16:48:55.981293,5815.01,mustard
2023-07-08 16:48:55.981293,5517.77,mustard
2023-07-09 16:48:55.981293,5206.36,mustard
2023-07-10 16:48:55.981293,4936.86,mustard
2023-07-11 16:48:55.981293,4741.36,mustard
2023-07-12 16:48:55.981293,4535.55,mustard
2023-07-13 16:48:55.981293,4261.21,mustard
2023-07-14 16:48:55.981293,3965.76,mustard
2023-07-15 16:48:55.981293,3674.95,mustard
2023-07-16 16:48:55.981293,3480.79,mustard
2023-07-17 16:48:55.981293,3272.27,mustard
2023-07-18 16:48:55.981293,3088.82,mustard
2023-07-19 16:48:55.981293,2872.6,mustard
2023-07-20 16:48:55.981293,2680.07,mustard
2023-07-21 16:48:55.981293,2515.15,mustard
2023-07-22 16:48:55.981293,2426.71,mustard
2023-07-23 16:48:55.981293,2400.0,mustard
2023-07-24 16:48:55.981293,2400.0,mustard
2023-07-25 16:48:55.981293,2400.0,mustard
2023-07-26 16:48:55.981293,2400.0,mustard
2023-07-27 16:48:55.981293,2400.0,mustard
2023-07-28 16:48:55.981293,2400.0,mustard
2023-07-29 16:48:55.981293,2400.0,mustard
2023-07-30 16:48:55.981293,2400.0,mustard
2023-07-31 16:48:55.981293,2400.0,mustard
2023-08-01 16:48:55.981293,2400.0,mustard
2023-08-02 16:48:55.981293,2400.0,mustard
2023-08-03 16:48:55.981293,2400.0,mustard
2023-08-04 16:48:55.981293,2400.0,mustard
2023-08-05 16:48:55.981293,2400.0,mustard
2023-08-06 16:48:55.981293,2400.0,mustard
2023-08-07 16:48:55.981293,2400.0,mustard
2023-08-08 16:48:55.981293,2400.0,mustard
2023-08-09 16:48:55.981293,2400.0,mustard
2023-08-10 16:48:55.981293,2400.0,mustard
2023-08-11 16:48:55.981293,2400.0,mustard
2023-08-12 16:48:55.981293,2400.0,mustard
2023-08-13 16:48:55.981293,2400.0,mustard
2023-08-14 16:48:55.981293,2400.0,mustard
2023-08-15 16:48:55.981293,2400.0,mustard
2023-08-16 16:48:55.981293,2400.0,mustard
2023-08-17 16:48:55.981293,2400.0,mustard
2023-08-18 16:48:55.981293,2400.0,mustard
2023-08-19 16:48:55.981293,2400.0,mustard
2023-08-20 16:48:55.981293,2400.0,mustard
2023-08-21 16:48:55.981293,2400.0,mustard
2023-08-22 16:48:55.981293,2400.0,mustard
2023-08-23 16:48:55.981293,2400.0,mustard
2023-08-24 16:48:55.981293,2400.0,mustard
2023-08-25 16:48:55.981293,2400.0,mustard
2023-08-26 16:48:55.981293,2400.0,mustard
2023-08-27 16:48:55.981293,2400.0,mustard
2023-08-28 16:48:55.981293,2400.0,mustard
2023-08-29 16:48:55.981293,2400.0,mustard
2023-08-30 16:48:55.981293,2400.0,mustard
2023-08-31 16:48:55.981293,2400.0,mustard
2023-09-01 16:48:55.981293,2400.0,mustard
2023-09-02 16:48:55.981293,2400.0,mustard
2023-09-03 16:48:55.981293,2400.0,mustard
2023-09-04 16:48:55.981293,2400.0,mustard
2023-09-05 16:48:55.981293,2400.0,mustard
2023-09-06 16:48:55.981293,2400.0,mustard
2023-09-07 16:48:55.981293,2400.0,mustard
2023-09-08 16:48:55.981293,2400.0,mustard
2023-09-09 16:48:55.981293,2400.0,mustard
2023-09-10 16:48:55.981293,2400.0,mustard
2023-09-11 16:48:55.981293,2400.0,mustard
2023-09-12 16:48:55.981293,2400.0,mustard
2023-09-13 16:48:55.981293,2400.0,mustard
2023-09-14 16:48:55.981293,2400.0,mustard
2023-09-15 16:48:55.981293,2400.0,mustard
2023-09-16 16:48:55.981293,2400.0,mustard
2023-09-17 16:48:55.981293,2400.0,mustard
2023-09-18 16:48:55.981293,2400.0,mustard
2023-09-19 16:48:55.981293,2400.0,mustard
2023-09-20 16:48:55.981293,2400.0,mustard
2023-09-21 16:48:55.981293,2400.0,mustard
2023-09-22 16:48:55.981293,2400.0,mustard
2023-09-23 16:48:55.981293,2400.0,mustard
2023-09-24 16:48:55.981293,2400.0,mustard
2023-09-25 16:48:55.981293,2400.0,mustard
2023-09-26 16:48:55.981293,2400.0,mustard
2023-09-27 16:48:55.981293,2400.0,mustard
2023-09-28 16:48:55.981293,2400.0,mustard
2023-09-29 16:48:55.981293,2400.0,mustard
2023-09-30 16:48:55.981293,2400.0,mustard
2023-10-01 16:48:55.981293,2400.0,mustard
2023-10-02 16:48:55.981293,2400.0,mustard
2023-10-03 16:48:55.981293,2400.0,mustard
2023-10-04 16:48:55.981293,2400.0,mustard
2023-10-05 16:48:55.981293,2400.0,mustard
2023-10-06 16:48:55.981293,2400.0,mustard
2023-10-07 16:48:55.981293,2400.0,mustard
2023-10-08 16:48:55.981293,2400.0,mustard
2023-10-09 16:48:55.981293,2400.0,mustard
2023-10-10 16:48:55.981293,2400.0,mustard
2023-10-11 16:48:55.981293,2400.0,mustard
2023-10-12 16:48:55.981293,2400.0,mustard
2023-10-13 16:48:55.981293,2400.0,mustard
2023-10-14 16:48:55.981293,2400.0,mustard
2023-10-15 16:48:55.981293,2400.0,mustard
2023-10-16 16:48:55.981293,2400.0,mustard
2023-10-17 16:48:55.981293,2400.0,mustard
2023-10-18 16:48:55.981293,2400.0,mustard
2023-10-19 16:48:55.981293,2400.0,mustard
2023-10-20 16:48:55.981293,2400.0,mustard
2023-10-21 16:48:55.981293,2400.0,mustard
2023-10-22 16:48:55.981293,2400.0,mustard
2023-10-23 16:48:55.981293,2400.0,mustard
2023-10-24 16:48:55.981293,2400.0,mustard
2023-10-25 16:48:55.981293,2400.0,mustard
2023-10-26 16:48:55.981293,2400.0,mustard
2023-10-27 16:48:55.981293,2400.0,mustard
2023-10-28 16:48:55.981293,2400.0,mustard
2023-10-29 16:48:55.981293,2400.0,mustard
2023-10-30 16:48:55.981293,2400.0,mustard
2023-10-31 16:48:55.981293,2400.0,mustard
2023-11-01 16:48:55.981293,2400.0,mustard
2023-11-02 16:48:55.981293,2400.0,mustard
2023-11-03 16:48:55.981293,2400.0,mustard
2023-11-04 16:48:55.981293,2400.0,mustard
2023-11-05 16:48:55.981293,2400.0,mustard
2023-11-06 16:48:55.981293,2400.0,mustard
2023-11-07 16:48:55.981293,2402.84,mustard
2023-11-08 16:48:55.981293,2402.84,mustard
2023-11-09 16:48:55.981293,2402.84,mustard
2023-11-10 16:48:55.981293,2405.28,mustard
2023-11-11 16:48:55.981293,2405.28,mustard
2023-11-12 16:48:55.981293,2405.28,mustard
2023-11-13 16:48:55.981293,2400.0,mustard
2023-11-14 16:48:55.981293,2400.0,mustard
2023-11-15 16:48:55.981293,2400.0,mustard
2023-11-16 16:48:55.981293,2400.0,mustard
2023-11-17 16:48:55.981293,2400.0,mustard
2023-11-18 16:48:55.981293,2400.0,mustard
2023-11-19 16:48:55.981293,2400.0,mustard
2023-11-20 16:48:55.981293,2400.0,mustard
2023-11-21 16:48:55.981293,2400.0,mustard
2023-11-22 16:48:55.981293,2400.0,mustard
2023-11-23 16:48:55.981293,2400.0,mustard
2023-11-24 16:48:55.981293,2400.0,mustard
2023-11-25 16:48:55.981293,2400.0,mustard
2023-11-26 16:48:55.981293,2400.0,mustard
2023-11-27 16:48:55.981293,2400.0,mustard
2023-11-28 16:48:55.981293,2400.0,mustard
2023-11-29 16:48:55.981293,2400.0,mustard
2023-11-30 16:48:55.981293,2400.0,mustard
2023-12-01 16:48:55.981293,2422.03,mustard
2023-12-02 16:48:55.981293,2475.63,mustard
2023-12-03 16:48:55.981293,2557.29,mustard
2023-12-04 16:48:55.981293,2643.9,mustard
2023-12-05 16:48:55.981293,2739.89,mustard
2023-12-06 16:48:55.981293,2799.31,mustard
2023-12-07 16:48:55.981293,2873.42,mustard
2023-12-08 16:48:55.981293,2935.17,mustard
2023-12-09 16:48:55.981293,2983.65,mustard
2023-12-10 16:48:55.981293,3018.92,mustard
2023-12-11 16:48:55.981293,3000.83,mustard
2023-12-12 16:48:55.981293,3011.56,mustard
2023-12-13 16:48:55.981293,3042.34,mustard
2023-12-14 16:48:55.981293,3095.8,mustard
2023-12-15 16:48:55.981293,3134.71,mustard
2023-12-16 16:48:55.981293,3139.16,mustard
2023-12-17 16:48:55.981293,3160.17,mustard
2023-12-18 16:48:55.981293,3194.36,mustard
2023-12-19 16:48:55.981293,3239.28,mustard
2023-12-20 16:48:55.981293,3301.36,mustard
2023-12-21 16:48:55.981293,3333.52,mustard
2023-12-22 16:48:55.981293,3328.18,mustard
2023-12-23 16:48:55.981293,3334.05,mustard
2023-12-24 16:48:55.981293,3365.01,mustard
2023-12-25 16:48:55.981293,3421.16,mustard
2023-12-26 16:48:55.981293,3421.84,mustard
2023-12-27 16:48:55.981293,3436.03,mustard
2023-12-28 16:48:55.981293,3480.1,mustard
2023-12-29 16:48:55.981293,3522.22,mustard
2023-12-30 16:48:55.981293,3540.73,mustard
2023-12-31 16:48:55.981293,3629.38,mustard
2024-01-01 16:48:55.981293,3824.53,mustard
2024-01-02 16:48:55.981293,4160.74,mustard
2024-01-03 16:48:55.981293,4492.44,mustard
2024-01-04 16:48:55.981293,4848.11,mustard
2024-01-05 16:48:55.981293,5187.46,mustard
2024-01-06 16:48:55.981293,5512.44,mustard
2024-01-07 16:48:55.981293,5804.25,mustard
2024-01-08 16:48:55.981293,6093.44,mustard
2024-01-09 16:48:55.981293,6370.28,mustard
2024-01-10 16:48:55.981293,6621.51,mustard
2024-01-11 16:48:55.981293,6858.05,mustard
2024-01-12 16:48:55.981293,7132.54,mustard
2024-01-13 16:48:55.981293,7463.88,mustard
2024-01-14 16:48:55.981293,7761.16,mustard
2024-01-15 16:48:55.981293,7945.16,mustard
2024-01-16 16:48:55.981293,8100.51,mustard
2024-01-17 16:48:55.981293,8301.34,mustard
2024-01-18 16:48:55.981293,8590.02,mustard
2024-01-19 16:48:55.981293,8842.15,mustard
2024-01-20 16:48:55.981293,9053.51,mustard
2024-01-21 16:48:55.981293,9224.02,mustard
2024-01-22 16:48:55.981293,9414.54,mustard
2024-01-23 16:48:55.981293,9559.85,mustard
2024-01-24 16:48:55.981293,9659.89,mustard
2024-01-25 16:48:55.981293,9725.43,mustard
2024-01-26 16:48:55.981293,9773.72,mustard
2024-01-27 16:48:55.981293,9894.32,mustard
2024-01-28 16:48:55.981293,10012.3,mustard
2024-01-29 16:48:55.981293,10179.05,mustard
2024-01-30 16:48:55.981293,10303.22,mustard
2024-01-31 16:48:55.981293,10538.97,mustard
2024-02-01 16:48:55.981293,10782.61,mustard
2024-02-02 16:48:55.981293,11110.83,mustard
2024-02-03 16:48:55.981293,11433.99,mustard
2024-02-04 16:48:55.981293,11826.57,mustard
2024-02-05 16:48:55.981293,12238.18,mustard
2024-02-06 16:48:55.981293,12604.99,mustard
2024-02-07 16:48:55.981293,12936.54,mustard
2024-02-08 16:48:55.981293,13189.77,mustard
2024-02-09 16:48:55.981293,13393.26,mustard
2024-02-10 16:48:55.981293,13563.14,mustard
2024-02-11 16:48:55.981293,13766.64,mustard
2024-02-12 16:48:55.981293,13990.5,mustard
2024-02-13 16:48:55.981293,14232.11,mustard
2024-02-14 16:48:55.981293,14409.95,mustard
2024-02-15 16:48:55.981293,14540.17,mustard
2024-02-16 16:48:55.981293,14670.24,mustard
2024-02-17 16:48:55.981293,14820.16,mustard
2024-02-18 16:48:55.981293,15006.93,mustard
2024-02-19 16:48:55.981293,15202.48,mustard
2024-02-20 16:48:55.981293,15425.86,mustard
2024-02-21 16:48:55.981293,15613.51,mustard
2024-02-22 16:48:55.981293,15765.05,mustard
2024-02-23 16:48:55.981293,15899.42,mustard
2024-02-24 16:48:55.981293,16068.45,mustard
2024-02-25 16:48:55.981293,16161.25,mustard
2024-02-26 16:48:55.981293,16254.0,mustard
2024-02-27 16:48:55.981293,16355.62,mustard
2024-02-28 16:48:55.981293,16559.72,mustard
2024-02-29 16:48:55.981293,16744.72,mustard
2024-03-01 16:48:55.981293,16911.9,mustard
2024-03-02 16:48:55.981293,17063.62,mustard
2024-03-03 16:48:55.981293,17266.03,mustard
2024-03-04 16:48:55.981293,17500.87,mustard
2024-03-05 16:48:55.981293,17729.44,mustard
2024-03-06 16:48:55.981293,17925.7,mustard
2024-03-07 16:48:55.981293,18062.62,mustard
2024-03-08 16:48:55.981293,18242.8,mustard
2024-03-09 16:48:55.981293,18456.61,mustard
2024-03-10 16:48:55.981293,18706.82,mustard
2024-03-11 16:48:55.981293,18960.18,mustard
2024-03-12 16:48:55.981293,19133.55,mustard
2024-03-13 16:48:55.981293,19341.92,mustard
2024-03-14 16:48:55.981293,19459.02,mustard
2024-03-15 16:48:55.981293,19569.29,mustard
2024-03-16 16:48:55.981293,19646.5,mustard
2024-03-17 16:48:55.981293,19725.89,mustard
2024-03-18 16:48:55.981293,19826.66,mustard
2024-03-19 16:48:55.981293,19874.69,mustard
2024-03-20 16:48:55.981293,19909.58,mustard
2024-03-21 16:48:55.981293,20007.9,mustard
2024-03-22 16:48:55.981293,20215.13,mustard
2024-03-23 16:48:55.981293,20453.76,mustard
2024-03-24 16:48:55.981293,20667.95,mustard
2024-03-25 16:48:55.981293,20776.01,mustard
2024-03-26 16:48:55.981293,20886.25,mustard
2024-03-27 16:48:55.981293,20993.94,mustard
2024-03-28 16:48:55.981293,21127.35,mustard
2024-03-29 16:48:55.981293,21290.21,mustard
2024-03-30 16:48:55.981293,21436.9,mustard
2024-03-31 16:48:55.981293,21559.39,mustard
2024-04-01 16:48:55.981293,21628.56,mustard
2024-04-02 16:48:55.981293,21687.86,mustard
2024-04-03 16:48:55.981293,21825.71,mustard
2024-04-04 16:48:55.981293,21945.85,mustard
2024-04-05 16:48:55.981293,22010.82,mustard
2024-04-06 16:48:55.981293,21999.47,mustard
2024-04-07 16:48:55.981293,21970.57,mustard
2024-04-08 16:48:55.981293,21950.94,mustard
2024-04-09 16:48:55.981293,21940.2,mustard
2024-04-10 16:48:55.981293,21907.15,mustard
2024-04-11 16:48:55.981293,21879.56,mustard
2024-04-12 16:48:55.981293,21753.67,mustard
2024-04-13 16:48:55.981293,21692.9,mustard
2024-04-14 16:48:55.981293,21594.7,mustard
2024-04-15 16:48:55.981293,21518.37,mustard
2024-04-16 16:48:55.981293,21401.53,mustard
2024-04-17 16:48:55.981293,21349.8,mustard
2024-04-18 16:48:55.981293,21402.93,mustard
2024-04-19 16:48:55.981293,21454.39,mustard
2024-04-20 16:48:55.981293,21500.27,mustard
2024-04-21 16:48:55.981293,21484.67,mustard
2024-04-22 16:48:55.981293,21508.57,mustard
2024-04-23 16:48:55.981293,21482.33,mustard
2024-04-24 16:48:55.981293,21468.24,mustard
2024-04-25 16:48:55.981293,21445.61,mustard
2024-04-26 16:48:55.981293,21431.07,mustard
2024-04-27 16:48:55.981293,21459.04,mustard
2024-04-28 16:48:55.981293,21425.96,mustard
2024-04-29 16:48:55.981293,21456.59,mustard
2024-04-30 16:48:55.981293,21384.22,mustard
2024-05-01 16:48:55.981293,21286.65,mustard
2024-05-02 16:48:55.981293,21119.37,mustard
2024-05-03 16:48:55.981293,20938.31,mustard
2024-05-04 16:48:55.981293,20809.7,mustard
2024-05-05 16:48:55.981293,20649.15,mustard
2024-05-06 16:48:55.981293,20491.27,mustard
2024-05-07 16:48:55.981293,20260.89,mustard
2024-05-08 16:48:55.981293,20034.9,mustard
2024-05-09 16:48:55.981293,19820.95,mustard
2024-05-10 16:48:55.981293,19647.89,mustard
2024-05-11 16:48:55.981293,19507.23,mustard
2024-05-12 16:48:55.981293,19385.73,mustard
2024-05-13 16:48:55.981293,19314.14,mustard
2024-05-14 16:48:55.981293,19206.17,mustard
2024-05-15 16:48:55.981293,19080.05,mustard
2024-05-16 16:48:55.981293,18935.02,mustard
2024-05-17 16:48:55.981293,18804.55,mustard
2024-05-18 16:48:55.981293,18619.44,mustard
2024-05-19 16:48:55.981293,18420.69,mustard
2024-05-20 16:48:55.981293,18250.51,mustard
2024-05-21 16:48:55.981293,18203.06,mustard
2024-05-22 16:48:55.981293,18155.99,mustard
2024-05-23 16:48:55.981293,18116.09,mustard
2024-05-24 16:48:55.981293,18044.08,mustard
2024-05-25 16:48:55.981293,17962.42,mustard
2024-05-26 16:48:55.981293,17860.1,mustard
2024-05-27 16:48:55.981293,17747.75,mustard
2024-05-28 16:48:55.981293,17648.8,mustard
2024-05-29 16:48:55.981293,17529.14,mustard
2024-05-30 16:48:55.981293,17375.36,mustard
2024-05-31 16:48:55.981293,17128.07,mustard
2024-06-01 16:48:55.981293,16836.12,mustard
2024-06-02 16:48:55.981293,16489.55,mustard
2024-06-03 16:48:55.981293,16193.78,mustard
2024-06-04 16:48:55.981293,15895.48,mustard
2024-06-05 16:48:55.981293,15592.58,mustard
2024-06-06 16:48:55.981293,15260.58,mustard
2024-06-07 16:48:55.981293,14939.11,mustard
2024-06-08 16:48:55.981293,14673.17,mustard
2024-06-09 16:48:55.981293,14402.4,mustard
2024-06-10 16:48:55.981293,14164.23,mustard
2024-06-11 16:48:55.981293,13884.22,mustard
2024-06-12 16:48:55.981293,13611.3,mustard
2024-06-13 16:48:55.981293,13312.28,mustard
2024-06-14 16:48:55.981293,13057.96,mustard
2024-06-15 16:48:55.981293,12815.03,mustard
2024-06-16 16:48:55.981293,12496.03,mustard
2024-06-17 16:48:55.981293,12205.39,mustard
2024-06-18 16:48:55.981293,11913.06,mustard
2024-06-19 16:48:55.981293,11694.76,mustard
2024-06-20 16:48:55.981293,11420.49,mustard
2024-06-21 16:48:55.981293,11184.1,mustard
2024-06-22 16:48:55.981293,10962.45,mustard
2024-06-23 16:48:55.981293,10771.67,mustard
2024-06-24 16:48:55.981293,10626.73,mustard
2024-06-25 16:48:55.981293,10510.37,mustard
2024-06-26 16:48:55.981293,10375.21,mustard
2024-06-27 16:48:55.981293,10205.47,mustard
2024-06-28 16:48:55.981293,9981.62,mustard
2024-06-29 16:48:55.981293,9819.6,mustard
2024-06-30 16:48:55.981293,9582.27,mustard
2024-07-01 16:48:55.981293,9343.69,mustard
2024-07-02 16:48:55.981293,8987.09,mustard
2024-07-03 16:48:55.981293,8628.32,mustard
2024-07-04 16:48:55.981293,8245.92,mustard
2024-07-05 16:48:55.981293,7875.76,mustard
2024-07-06 16:48:55.981293,7507.83,mustard
2024-07-07 16:48:55.981293,7169.78,mustard
2024-07-08 16:48:55.981293,6851.77,mustard
2024-07-09 16:48:55.981293,6555.08,mustard
2024-07-10 16:48:55.981293,6230.72,mustard
2024-07-11 16:48:55.981293,5875.73,mustard
2024-07-12 16:48:55.981293,5525.05,mustard
2024-07-13 16:48:55.981293,5233.84,mustard
2024-07-14 16:48:55.981293,4997.1,mustard
2024-07-15 16:48:55.981293,4802.87,mustard
2024-07-16 16:48:55.981293,4584.95,mustard
2024-07-17 16:48:55.981293,4431.19,mustard
2024-07-18 16:48:55.981293,4214.26,mustard
2024-07-19 16:48:55.981293,3993.96,mustard
2024-07-20 16:48:55.981293,3728.29,mustard
2024-07-21 16:48:55.981293,3509.12,mustard
2024-07-22 16:48:55.981293,3241.4,mustard
2024-07-23 16:48:55.981293,2984.51,mustard
2024-07-24 16:48:55.981293,2745.48,mustard
2024-07-25 16:48:55.981293,2593.21,mustard
2024-07-26 16:48:55.981293,2479.75,mustard
2024-07-27 16:48:55.981293,2418.32,mustard
2024-07-28 16:48:55.981293,2400.0,mustard
2024-07-29 16:48:55.981293,2400.0,mustard
2024-07-30 16:48:55.981293,2400.0,mustard
2024-07-31 16:48:55.981293,2400.0,mustard
2024-08-01 16:48:55.981293,2400.0,mustard
2024-08-02 16:48:55.981293,2400.0,mustard
2024-08-03 16:48:55.981293,2400.0,mustard
2024-08-04 16:48:55.981293,2400.0,mustard
2024-08-05 16:48:55.981293,2400.0,mustard
2024-08-06 16:48:55.981293,2400.0,mustard
2024-08-07 16:48:55.981293,2400.0,mustard
2024-08-08 16:48:55.981293,2400.0,mustard
2024-08-09 16:48:55.981293,2400.0,mustard
2024-08-10 16:48:55.981293,2400.0,mustard
2024-08-11 16:48:55.981293,2400.0,mustard
2024-08-12 16:48:55.981293,2400.0,mustard
2024-08-13 16:48:55.981293,2400.0,mustard
2024-08-14 16:48:55.981293,2400.0,mustard
2024-08-15 16:48:55.981293,2400.0,mustard
2024-08-16 16:48:55.981293,2400.0,mustard
2024-08-17 16:48:55.981293,2400.0,mustard
2024-08-18 16:48:55.981293,2400.0,mustard
2024-08-19 16:48:55.981293,2400.0,mustard
2024-08-20 16:48:55.981293,2400.0,mustard
2024-08-21 16:48:55.981293,2400.0,mustard
2024-08-22 16:48:55.981293,2400.0,mustard
2024-08-23 16:48:55.981293,2400.0,mustard
2024-08-24 16:48:55.981293,2400.0,mustard
2024-08-25 16:48:55.981293,2400.0,mustard
2024-08-26 16:48:55.981293,2400.0,mustard
2024-08-27 16:48:55.981293,2400.0,mustard
2024-08-28 16:48:55.981293,2400.0,mustard
2024-08-29 16:48:55.981293,2400.0,mustard
2024-08-30 16:48:55.981293,2400.0,mustard
2024-08-31 16:48:55.981293,2400.0,mustard
2024-09-01 16:48:55.981293,2400.0,mustard
2024-09-02 16:48:55.981293,2400.0,mustard
2024-09-03 16:48:55.981293,2400.0,mustard
2024-09-04 16:48:55.981293,2400.0,mustard
2024-09-05 16:48:55.981293,2400.0,mustard
2024-09-06 16:48:55.981293,2400.0,mustard
2024-09-07 16:48:55.981293,2400.0,mustard
2024-09-08 16:48:55.981293,2400.0,mustard
2024-09-09 16:48:55.981293,2400.0,mustard
2024-09-10 16:48:55.981293,2400.0,mustard
2024-09-11 16:48:55.981293,2400.0,mustard
2024-09-12 16:48:55.981293,2400.0,mustard
2024-09-13 16:48:55.981293,2400.0,mustard
2024-09-14 16:48:55.981293,2400.0,mustard
2024-09-15 16:48:55.981293,2400.0,mustard
2024-09-16 16:48:55.981293,2400.0,mustard
2024-09-17 16:48:55.981293,2400.0,mustard
2024-09-18 16:48:55.981293,2400.0,mustard
2024-09-19 16:48:55.981293,2400.0,mustard
2024-09-20 16:48:55.981293,2400.0,mustard
2024-09-21 16:48:55.981293,2400.0,mustard
2024-09-22 16:48:55.981293,2400.0,mustard
2024-09-23 16:48:55.981293,2400.0,mustard
2024-09-24 16:48:55.981293,2400.0,mustard
2024-09-25 16:48:55.981293,2400.0,mustard
2024-09-26 16:48:55.981293,2400.0,mustard
2024-09-27 16:48:55.981293,2400.0,mustard
2024-09-28 16:48:55.981293,2400.0,mustard
2024-09-29 16:48:55.981293,2400.0,mustard
2024-09-30 16:48:55.981293,2400.0,mustard
2024-10-01 16:48:55.981293,2400.0,mustard
2024-10-02 16:48:55.981293,2400.0,mustard
2024-10-03 16:48:55.981293,2400.0,mustard
2024-10-04 16:48:55.981293,2400.0,mustard
2024-10-05 16:48:55.981293,2400.0,mustard
2024-10-06 16:48:55.981293,2400.0,mustard
2024-10-07 16:48:55.981293,2400.0,mustard
2024-10-08 16:48:55.981293,2400.0,mustard
2024-10-09 16:48:55.981293,2400.0,mustard
2024-10-10 16:48:55.981293,2400.0,mustard
2024-10-11 16:48:55.981293,2400.0,mustard
2024-10-12 16:48:55.981293,2400.0,mustard
2024-10-13 16:48:55.981293,2400.0,mustard
2024-10-14 16:48:55.981293,2400.0,mustard
2024-10-15 16:48:55.981293,2400.0,mustard
2024-10-16 16:48:55.981293,2400.0,mustard
2024-10-17 16:48:55.981293,2400.0,mustard
2024-10-18 16:48:55.981293,2400.0,mustard
2024-10-19 16:48:55.981293,2400.0,mustard
2024-10-20 16:48:55.981293,2400.0,mustard
2024-10-21 16:48:55.981293,2400.0,mustard
2024-10-22 16:48:55.981293,2400.0,mustard
2024-10-23 16:48:55.981293,2400.0,mustard
2024-10-24 16:48:55.981293,2400.0,mustard
2024-10-25 16:48:55.981293,2400.0,mustard
2024-10-26 16:48:55.981293,2400.0,mustard
2024-10-27 16:48:55.981293,2400.0,mustard
2024-10-28 16:48:55.981293,2400.0,mustard
2024-10-29 16:48:55.981293,2400.0,mustard
2024-10-30 16:48:55.981293,2400.0,mustard
2024-10-31 16:48:55.981293,2400.0,mustard
2024-11-01 16:48:55.981293,2400.0,mustard
2024-11-02 16:48:55.981293,2400.0,mustard
2024-11-03 16:48:55.981293,2400.0,mustard
2024-11-04 16:48:55.981293,2400.0,mustard
2024-11-05 16:48:55.981293,2400.0,mustard
2024-11-06 16:48:55.981293,2400.0,mustard
2024-11-07 16:48:55.981293,2400.0,mustard
2024-11-08 16:48:55.981293,2400.0,mustard
2024-11-09 16:48:55.981293,2400.0,mustard
2024-11-10 16:48:55.981293,2400.0,mustard
2024-11-11 16:48:55.981293,2400.0,mustard
2024-11-12 16:48:55.981293,2400.0,mustard
2024-11-13 16:48:55.981293,2400.0,mustard
2024-11-14 16:48:55.981293,2400.0,mustard
2024-11-15 16:48:55.981293,2400.0,mustard
2024-11-16 16:48:55.981293,2400.0,mustard
2024-11-17 16:48:55.981293,2400.0,mustard
2024-11-18 16:48:55.981293,2400.0,mustard
2024-11-19 16:48:55.981293,2400.0,mustard
2024-11-20 16:48:55.981293,2400.0,mustard
2024-11-21 16:48:55.981293,2400.0,mustard
2024-11-22 16:48:55.981293,2400.0,mustard
2024-11-23 16:48:55.981293,2400.0,mustard
2024-11-24 16:48:55.981293,2400.0,mustard
2024-11-25 16:48:55.981293,2400.0,mustard
2024-11-26 16:48:55.981293,2400.0,mustard
2024-11-27 16:48:55.981293,2414.22,mustard
2024-11-28 16:48:55.981293,2414.22,mustard
2024-11-29 16:48:55.981293,2414.22,mustard
2024-11-30 16:48:55.981293,2475.18,mustard
2024-12-01 16:48:55.981293,2613.17,mustard
2024-12-02 16:48:55.981293,2750.93,mustard
2024-12-03 16:48:55.981293,2798.49,mustard
2024-12-04 16:48:55.981293,2880.43,mustard
2024-12-05 16:48:55.981293,2986.14,mustard
2024-12-06 16:48:55.981293,3091.52,mustard
2024-12-07 16:48:55.981293,3153.92,mustard
2024-12-08 16:48:55.981293,3216.24,mustard
2024-12-09 16:48:55.981293,3276.15,mustard
2024-12-10 16:48:55.981293,3307.22,mustard
2024-12-11 16:48:55.981293,3352.55,mustard
2024-12-12 16:48:55.981293,3498.52,mustard
2024-12-13 16:48:55.981293,3666.77,mustard
2024-12-14 16:48:55.981293,3785.34,mustard
2024-12-15 16:48:55.981293,3884.08,mustard
2024-12-16 16:48:55.981293,3975.02,mustard
2024-12-17 16:48:55.981293,4155.5,mustard
2024-12-18 16:48:55.981293,4336.81,mustard
2024-12-19 16:48:55.981293,4492.27,mustard
2024-12-20 16:48:55.981293,4557.3,mustard
2024-12-21 16:48:55.981293,4579.96,mustard
2024-12-22 16:48:55.981293,4589.67,mustard
2024-12-23 16:48:55.981293,4577.04,mustard
2024-12-24 16:48:55.981293,4555.88,mustard
2024-12-25 16:48:55.981293,4504.96,mustard
2024-12-26 16:48:55.981293,4499.64,mustard
2024-12-27 16:48:55.981293,4511.45,mustard
2024-12-28 16:48:55.981293,4572.59,mustard
2024-12-29 16:48:55.981293,4574.23,mustard
2024-12-30 16:48:55.981293,4565.39,mustard
2024-12-31 16:48:55.981293,4581.27,mustard
2025-01-01 16:48:55.981293,4733.95,mustard
2025-01-02 16:48:55.981293,4950.54,mustard
2025-01-03 16:48:55.981293,5218.04,mustard
2025-01-04 16:48:55.981293,5518.85,mustard
2025-01-05 16:48:55.981293,5847.76,mustard
2025-01-06 16:48:55.981293,6179.23,mustard
2025-01-07 16:48:55.981293,6492.7,mustard
2025-01-08 16:48:55.981293,6770.71,mustard
2025-01-09 16:48:55.981293,7003.07,mustard
2025-01-10 16:48:55.981293,7213.59,mustard
2025-01-11 16:48:55.981293,7446.83,mustard
2025-01-12 16:48:55.981293,7667.7,mustard
2025-01-13 16:48:55.981293,7897.63,mustard
2025-01-14 16:48:55.981293,8095.02,mustard
2025-01-15 16:48:55.981293,8373.32,mustard
2025-01-16 16:48:55.981293,8618.8,mustard
2025-01-17 16:48:55.981293,8849.83,mustard
2025-01-18 16:48:55.981293,9001.02,mustard
2025-01-19 16:48:55.981293,9131.33,mustard
2025-01-20 16:48:55.981293,9287.37,mustard
2025-01-21 16:48:55.981293,9477.67,mustard
2025-01-22 16:48:55.981293,9643.15,mustard
2025-01-23 16:48:55.981293,9819.64,mustard
2025-01-24 16:48:55.981293,9959.37,mustard
2025-01-25 16:48:55.981293,10091.88,mustard
2025-01-26 16:48:55.981293,10196.3,mustard
2025-01-27 16:48:55.981293,10317.94,mustard
2025-01-28 16:48:55.981293,10513.92,mustard
2025-01-29 16:48:55.981293,10752.12,mustard
2025-01-30 16:48:55.981293,10976.79,mustard
2025-01-31 16:48:55.981293,11262.36,mustard
2025-02-01 16:48:55.981293,11535.79,mustard
2025-02-02 16:48:55.981293,11880.34,mustard
2025-02-03 16:48:55.981293,12192.78,mustard
2025-02-04 16:48:55.981293,12542.97,mustard
2025-02-05 16:48:55.981293,12894.58,mustard
2025-02-06 16:48:55.981293,13259.38,mustard
2025-02-07 16:48:55.981293,13612.12,mustard
2025-02-08 16:48:55.981293,13941.62,mustard
2025-02-09 16:48:55.981293,14248.69,mustard
2025-02-10 16:48:55.981293,14479.14,mustard
2025-02-11 16:48:55.981293,14692.51,mustard
2025-02-12 16:48:55.981293,14894.8,mustard
2025-02-13 16:48:55.981293,15129.09,mustard
2025-02-14 16:48:55.981293,15332.86,mustard
2025-02-15 16:48:55.981293,15480.97,mustard
2025-02-16 16:48:55.981293,15632.1,mustard
2025-02-17 16:48:55.981293,15783.57,mustard
2025-02-18 16:48:55.981293,15947.15,mustard
2025-02-19 16:48:55.981293,16121.9,mustard
2025-02-20 16:48:55.981293,16264.47,mustard
2025-02-21 16:48:55.981293,16384.91,mustard
2025-02-22 16:48:55.981293,16488.64,mustard
2025-02-23 16:48:55.981293,16628.13,mustard
2025-02-24 16:48:55.981293,16847.97,mustard
2025-02-25 16:48:55.981293,17012.58,mustard
2025-02-26 16:48:55.981293,17168.88,mustard
2025-02-27 16:48:55.981293,17274.01,mustard
2025-02-28 16:48:55.981293,17474.79,mustard
2025-03-01 16:48:55.981293,17655.51,mustard
2025-03-02 16:48:55.981293,17912.79,mustard
2025-03-03 16:48:55.981293,18097.89,mustard
2025-03-04 16:48:55.981293,18290.2,mustard
2025-03-05 16:48:55.981293,18395.28,mustard
2025-03-06 16:48:55.981293,18552.29,mustard
2025-03-07 16:48:55.981293,18728.12,mustard
2025-03-08 16:48:55.981293,18909.22,mustard
2025-03-09 16:48:55.981293,19020.66,mustard
2025-03-10 16:48:55.981293,19133.42,mustard
2025-03-11 16:48:55.981293,19229.29,mustard
2025-03-12 16:48:55.981293,19330.86,mustard
2025-03-13 16:48:55.981293,19410.68,mustard
2025-03-14 16:48:55.981293,19543.0,mustard
2025-03-15 16:48:55.981293,19714.57,mustard
2025-03-16 16:48:55.981293,19917.27,mustard
2025-03-17 16:48:55.981293,20070.1,mustard
2025-03-18 16:48:55.981293,20174.99,mustard
2025-03-19 16:48:55.981293,20277.52,mustard
2025-03-20 16:48:55.981293,20403.49,mustard
2025-03-21 16:48:55.981293,20516.75,mustard
2025-03-22 16:48:55.981293,20629.09,mustard
2025-03-23 16:48:55.981293,20672.06,mustard
2025-03-24 16:48:55.981293,20764.18,mustard
2025-03-25 16:48:55.981293,20873.2,mustard
2025-03-26 16:48:55.981293,21018.8,mustard
2025-03-27 16:48:55.981293,21144.66,mustard
2025-03-28 16:48:55.981293,21219.77,mustard
2025-03-29 16:48:55.981293,21275.19,mustard
2025-03-30 16:48:55.981293,21355.77,mustard
2025-03-31 16:48:55.981293,21403.76,mustard
2025-04-01 16:48:55.981293,21459.28,mustard
2025-04-02 16:48:55.981293,21471.21,mustard
2025-04-03 16:48:55.981293,21523.55,mustard
2025-04-04 16:48:55.981293,21572.99,mustard
2025-04-05 16:48:55.981293,21654.62,mustard
2025-04-06 16:48:55.981293,21707.54,mustard
2025-04-07 16:48:55.981293,21752.09,mustard
2025-04-08 16:48:55.981293,21757.06,mustard
2025-04-09 16:48:55.981293,21744.32,mustard
2025-04-10 16:48:55.981293,21708.62,mustard
2025-04-11 16:48:55.981293,21663.1,mustard
2025-04-12 16:48:55.981293,21657.76,mustard
2025-04-13 16:48:55.981293,21640.87,mustard
2025-04-14 16:48:55.981293,21636.2,mustard
2025-04-15 16:48:55.981293,21609.48,mustard
2025-04-16 16:48:55.981293,21590.72,mustard
2025-04-17 16:48:55.981293,21568.68,mustard
2025-04-18 16:48:55.981293,21579.8,mustard
2025-04-19 16:48:55.981293,21605.07,mustard
2025-04-20 16:48:55.981293,21630.92,mustard
2025-04-21 16:48:55.981293,21614.08,mustard
2025-04-22 16:48:55.981293,21615.13,mustard
2025-04-23 16:48:55.981293,21607.66,mustard
2025-04-24 16:48:55.981293,21613.35,mustard
2025-04-25 16:48:55.981293,21630.36,mustard
2025-04-26 16:48:55.981293,21706.78,mustard
2025-04-27 16:48:55.981293,21722.41,mustard
2025-04-28 16:48:55.981293,21712.71,mustard
2025-04-29 16:48:55.981293,21636.74,mustard
2025-04-30 16:48:55.981293,21542.63,mustard
2025-05-01 16:48:55.981293,21396.71,mustard
2025-05-02 16:48:55.981293,21188.85,mustard
2025-05-03 16:48:55.981293,20990.48,mustard
2025-05-04 16:48:55.981293,20796.66,mustard
2025-05-05 16:48:55.981293,20645.84,mustard
2025-05-06 16:48:55.981293,20480.83,mustard
2025-05-07 16:48:55.981293,20300.03,mustard
2025-05-08 16:48:55.981293,20063.46,mustard
2025-05-09 16:48:55.981293,19836.88,mustard
2025-05-10 16:48:55.981293,19612.37,mustard
2025-05-11 16:48:55.981293,19441.69,mustard
2025-05-12 16:48:55.981293,19274.56,mustard
2025-05-13 16:48:55.981293,19175.77,mustard
2025-05-14 16:48:55.981293,19045.21,mustard
2025-05-15 16:48:55.981293,18944.22,mustard
2025-05-16 16:48:55.981293,18799.81,mustard
2025-05-17 16:48:55.981293,18701.1,mustard
2025-05-18 16:48:55.981293,18625.68,mustard
2025-05-19 16:48:55.981293,18638.89,mustard
2025-05-20 16:48:55.981293,18597.09,mustard
2025-05-21 16:48:55.981293,18539.05,mustard
2025-05-22 16:48:55.981293,18379.86,mustard
2025-05-23 16:48:55.981293,18214.42,mustard
2025-05-24 16:48:55.981293,18028.7,mustard
2025-05-25 16:48:55.981293,17929.92,mustard
2025-05-26 16:48:55.981293,17844.67,mustard
2025-05-27 16:48:55.981293,17808.08,mustard
2025-05-28 16:48:55.981293,17730.85,mustard
2025-05-29 16:48:55.981293,17707.22,mustard
2025-05-30 16:48:55.981293,17677.08,mustard
2025-05-31 16:48:55.981293,17537.46,mustard
2025-06-01 16:48:55.981293,17240.06,mustard
2025-06-02 16:48:55.981293,16808.75,mustard
2025-06-03 16:48:55.981293,16420.13,mustard
2025-06-04 16:48:55.981293,16101.03,mustard
2025-06-05 16:48:55.981293,15816.75,mustard
2025-06-06 16:48:55.981293,15548.55,mustard
2025-06-07 16:48:55.981293,15264.06,mustard
2025-06-08 16:48:55.981293,15035.61,mustard
2025-06-09 16:48:55.981293,14799.63,mustard
2025-06-10 16:48:55.981293,14580.08,mustard
2025-06-11 16:48:55.981293,14340.25,mustard
2025-06-12 16:48:55.981293,14129.0,mustard
2025-06-13 16:48:55.981293,13947.9,mustard
2025-06-14 16:48:55.981293,13761.58,mustard
2025-06-15 16:48:55.981293,13541.88,mustard
2025-06-16 16:48:55.981293,13294.61,mustard
2025-06-17 16:48:55.981293,13078.96,mustard
2025-06-18 16:48:55.981293,12850.55,mustard
2025-06-19 16:48:55.981293,12664.97,mustard
2025-06-20 16:48:55.981293,12416.89,mustard
2025-06-21 16:48:55.981293,12203.97,mustard
2025-06-22 16:48:55.981293,11983.5,mustard
2025-06-23 16:48:55.981293,11792.67,mustard
2025-06-24 16:48:55.981293,11577.26,mustard
2025-06-25 16:48:55.981293,11336.86,mustard
2025-06-26 16:48:55.981293,11105.37,mustard
2025-06-27 16:48:55.981293,10868.51,mustard
2025-06-28 16:48:55.981293,10653.18,mustard
2025-06-29 16:48:55.981293,10475.77,mustard
2025-06-30 16:48:55.981293,10230.64,mustard
2025-07-01 16:48:55.981293,9962.57,mustard
2025-07-02 16:48:55.981293,9557.81,mustard
2025-07-03 16:48:55.981293,9178.14,mustard
2025-07-04 16:48:55.981293,8724.86,mustard
2025-07-05 16:48:55.981293,8304.24,mustard
2025-07-06 16:48:55.981293,7958.08,mustard
2025-07-07 16:48:55.981293,7636.59,mustard
2025-07-08 16:48:55.981293,7276.7,mustard
2025-07-09 16:48:55.981293,6838.83,mustard
2025-07-10 16:48:55.981293,6427.44,mustard
2025-07-11 16:48:55.981293,6148.2,mustard
2025-07-12 16:48:55.981293,5868.92,mustard
2025-07-13 16:48:55.981293,5623.96,mustard
2025-07-14 16:48:55.981293,5335.25,mustard
2025-07-15 16:48:55.981293,5122.23,mustard
2025-07-16 16:48:55.981293,4860.42,mustard
2025-07-17 16:48:55.981293,4596.1,mustard
2025-07-18 16:48:55.981293,4242.06,mustard
2025-07-19 16:48:55.981293,3925.95,mustard
2025-07-20 16:48:55.981293,3631.66,mustard
2025-07-21 16:48:55.981293,3383.06,mustard
2025-07-22 16:48:55.981293,3112.87,mustard
2025-07-23 16:48:55.981293,2822.16,mustard
2025-07-24 16:48:55.981293,2581.61,mustard
2025-07-25 16:48:55.981293,2447.44,mustard
2025-07-26 16:48:55.981293,2400.0,mustard
2025-07-27 16:48:55.981293,2400.0,mustard
2025-07-28 16:48:55.981293,2400.0,mustard
2025-07-29 16:48:55.981293,2400.0,mustard
2025-07-30 16:48:55.981293,2400.0,mustard
2025-07-31 16:48:55.981293,2400.0,mustard
2025-08-01 16:48:55.981293,2400.0,mustard
2025-08-02 16:48:55.981293,2400.0,mustard
2025-08-03 16:48:55.981293,2400.0,mustard
2025-08-04 16:48:55.981293,2400.0,mustard
2025-08-05 16:48:55.981293,2400.0,mustard
2025-08-06 16:48:55.981293,2400.0,mustard
2025-08-07 16:48:55.981293,2400.0,mustard
2025-08-08 16:48:55.981293,2400.0,mustard
2025-08-09 16:48:55.981293,2400.0,mustard
2025-08-10 16:48:55.981293,2400.0,mustard
2025-08-11 16:48:55.981293,2400.0,mustard
2025-08-12 16:48:55.981293,2400.0,mustard
2025-08-13 16:48:55.981293,2400.0,mustard
2025-08-14 16:48:55.981293,2400.0,mustard
2025-08-15 16:48:55.981293,2400.0,mustard
2025-08-16 16:48:55.981293,2400.0,mustard
2025-08-17 16:48:55.981293,2400.0,mustard
2025-08-18 16:48:55.981293,2400.0,mustard
2025-08-19 16:48:55.981293,2400.0,mustard
2025-08-20 16:48:55.981293,2400.0,mustard
2025-08-21 16:48:55.981293,2400.0,mustard
2025-08-22 16:48:55.981293,2400.0,mustard
2025-08-23 16:48:55.981293,2400.0,mustard
2025-08-24 16:48:55.981293,2400.0,mustard
2025-08-25 16:48:55.981293,2400.0,mustard
2025-08-26 16:48:55.981293,2400.0,mustard
2025-08-27 16:48:55.981293,2400.0,mustard
2025-08-28 16:48:55.981293,2400.0,mustard
2025-08-29 16:48:55.981293,2400.0,mustard
2025-08-30 16:48:55.981293,2400.0,mustard
2025-08-31 16:48:55.981293,2400.0,mustard
2025-09-01 16:48:55.981293,2400.0,mustard
2025-09-02 16:48:55.981293,2400.0,mustard
2025-09-03 16:48:55.981293,2400.0,mustard
2025-09-04 16:48:55.981293,2400.0,mustard
2025-09-05 16:48:55.981293,2400.0,mustard
2025-09-06 16:48:55.981293,2400.0,mustard
2025-09-07 16:48:55.981293,2400.0,mustard
2025-09-08 16:48:55.981293,2400.0,mustard
2025-09-09 16:48:55.981293,2400.0,mustard
2025-09-10 16:48:55.981293,2400.0,mustard
2025-09-11 16:48:55.981293,2400.0,mustard
2025-09-12 16:48:55.981293,2400.0,mustard
2025-09-13 16:48:55.981293,2400.0,mustard
2025-09-14 16:48:55.981293,2400.0,mustard
2025-09-15 16:48:55.981293,2400.0,mustard
2025-09-16 16:48:55.981293,2400.0,mustard
2025-09-17 16:48:55.981293,2400.0,mustard
2025-09-18 16:48:55.981293,2400.0,mustard
2025-09-19 16:48:55.981293,2400.0,mustard
2025-09-20 16:48:55.981293,2400.0,mustard
2025-09-21 16:48:55.981293,2400.0,mustard
2025-09-22 16:48:55.981293,2400.0,mustard
2025-09-23 16:48:55.981293,2400.0,mustard
2025-09-24 16:48:55.981293,2400.0,mustard
2025-09-25 16:48:55.981293,2400.0,mustard
2025-09-26 16:48:55.981293,2400.0,mustard
2025-09-27 16:48:55.981293,2400.0,mustard
2025-09-28 16:48:55.981293,2400.0,mustard
2025-09-29 16:48:55.981293,2400.0,mustard
2025-09-30 16:48:55.981293,2400.0,mustard
2025-10-01 16:48:55.981293,2400.0,mustard
2025-10-02 16:48:55.981293,2400.0,mustard
2025-10-03 16:48:55.981293,2400.0,mustard
2025-10-04 16:48:55.981293,2400.0,mustard
2025-10-05 16:48:55.981293,2400.0,mustard
2025-10-06 16:48:55.981293,2400.0,mustard
2025-10-07 16:48:55.981293,2400.0,mustard
2025-10-08 16:48:55.981293,2400.0,mustard
2025-10-09 16:48:55.981293,2400.0,mustard
2025-10-10 16:48:55.981293,2400.0,mustard
2025-10-11 16:48:55.981293,2400.0,mustard
2025-10-12 16:48:55.981293,2400.0,mustard
2025-10-13 16:48:55.981293,2400.0,mustard
2025-10-14 16:48:55.981293,2400.0,mustard
2025-10-15 16:48:55.981293,2400.0,mustard
2025-10-16 16:48:55.981293,2400.0,mustard
2025-10-17 16:48:55.981293,2400.0,mustard
2025-10-18 16:48:55.981293,2400.0,mustard
2025-10-19 16:48:55.981293,2400.0,mustard
2025-10-20 16:48:55.981293,2400.0,mustard
2025-10-21 16:48:55.981293,2400.0,mustard
2025-10-22 16:48:55.981293,2400.0,mustard
2025-10-23 16:48:55.981293,2400.0,mustard
2025-10-24 16:48:55.981293,2400.0,mustard
2025-10-25 16:48:55.981293,2400.0,mustard
2025-10-26 16:48:55.981293,2400.0,mustard
2025-10-27 16:48:55.981293,2400.0,mustard
2025-10-28 16:48:55.981293,2400.0,mustard
2025-10-29 16:48:55.981293,2400.0,mustard
2025-10-30 16:48:55.981293,2400.0,mustard
2025-10-31 16:48:55.981293,2400.0,mustard
2025-11-01 16:48:55.981293,2400.0,mustard
2025-11-02 16:48:55.981293,2400.0,mustard
2025-11-03 16:48:55.981293,2400.0,mustard
2025-11-04 16:48:55.981293,2400.0,mustard
2025-11-05 16:48:55.981293,2400.0,mustard
2025-11-06 16:48:55.981293,2400.0,mustard
2025-11-07 16:48:55.981293,2400.0,mustard
2025-11-08 16:48:55.981293,2400.0,mustard
2025-11-09 16:48:55.981293,2400.0,mustard
2025-11-10 16:48:55.981293,2400.0,mustard
2025-11-11 16:48:55.981293,2400.0,mustard
2025-11-12 16:48:55.981293,2400.0,mustard
2025-11-13 16:48:55.981293,2400.0,mustard
2025-11-14 16:48:55.981293,2400.0,mustard
2025-11-15 16:48:55.981293,2400.0,mustard
2025-11-16 16:48:55.981293,2400.0,mustard
2025-11-17 16:48:55.981293,2400.0,mustard
2025-11-18 16:48:55.981293,2400.0,mustard
2025-11-19 16:48:55.981293,2400.0,mustard
2025-11-20 16:48:55.981293,2400.0,mustard
2025-11-21 16:48:55.981293,2400.0,mustard
2025-11-22 16:48:55.981293,2400.0,mustard
2025-11-23 16:48:55.981293,2400.0,mustard
2025-11-24 16:48:55.981293,2400.0,mustard
2025-11-25 16:48:55.981293,2400.0,mustard
2025-11-26 16:48:55.981293,2400.0,mustard
2025-11-27 16:48:55.981293,2400.0,mustard
2025-11-28 16:48:55.981293,2400.0,mustard
2025-11-29 16:48:55.981293,2400.0,mustard
2025-11-30 16:48:55.981293,2457.42,mustard
2025-12-01 16:48:55.981293,2546.06,mustard
2025-12-02 16:48:55.981293,2634.04,mustard
2025-12-03 16:48:55.981293,2679.26,mustard
2025-12-04 16:48:55.981293,2708.92,mustard
2025-12-05 16:48:55.981293,2750.57,mustard
2025-12-06 16:48:55.981293,2810.85,mustard
2025-12-07 16:48:55.981293,2903.84,mustard
2025-12-08 16:48:55.981293,3037.95,mustard
2025-12-09 16:48:55.981293,3221.14,mustard
2025-12-10 16:48:55.981293,3352.27,mustard
2025-12-11 16:48:55.981293,3463.61,mustard
2025-12-12 16:48:55.981293,3525.46,mustard
2025-12-13 16:48:55.981293,3652.14,mustard
2025-12-14 16:48:55.981293,3742.82,mustard
2025-12-15 16:48:55.981293,3868.49,mustard
2025-12-16 16:48:55.981293,3928.15,mustard
2025-12-17 16:48:55.981293,3959.25,mustard
2025-12-18 16:48:55.981293,3932.72,mustard
2025-12-19 16:48:55.981293,3916.12,mustard
2025-12-20 16:48:55.981293,3975.54,mustard
2025-12-21 16:48:55.981293,4026.38,mustard
2025-12-22 16:48:55.981293,4070.34,mustard
2025-12-23 16:48:55.981293,4038.71,mustard
2025-12-24 16:48:55.981293,4047.71,mustard
2025-12-25 16:48:55.981293,4090.34,mustard
2025-12-26 16:48:55.981293,4162.31,mustard
2025-12-27 16:48:55.981293,4197.05,mustard
2025-12-28 16:48:55.981293,4192.17,mustard
2025-12-29 16:48:55.981293,4227.58,mustard
2025-12-30 16:48:55.981293,4263.91,mustard
2025-12-31 16:48:55.981293,4463.9,mustard
2026-01-01 16:48:55.981293,4734.99,mustard
2026-01-02 16:48:55.981293,5061.89,mustard
2026-01-03 16:48:55.981293,5333.56,mustard
2026-01-04 16:48:55.981293,5649.23,mustard
2026-01-05 16:48:55.981293,6023.14,mustard
2026-01-06 16:48:55.981293,6369.13,mustard
2026-01-07 16:48:55.981293,6665.7,mustard
2026-01-08 16:48:55.981293,6924.18,mustard
2026-01-09 16:48:55.981293,7157.89,mustard
2026-01-10 16:48:55.981293,7344.37,mustard
2026-01-11 16:48:55.981293,7506.1,mustard
2026-01-12 16:48:55.981293,7728.51,mustard
2026-01-13 16:48:55.981293,7957.61,mustard
2026-01-14 16:48:55.981293,8188.73,mustard
2026-01-15 16:48:55.981293,8381.52,mustard
2026-01-16 16:48:55.981293,8578.78,mustard
2026-01-17 16:48:55.981293,8778.26,mustard
2026-01-18 16:48:55.981293,8978.17,mustard
2026-01-19 16:48:55.981293,9162.19,mustard
2026-01-20 16:48:55.981293,9346.01,mustard
2026-01-21 16:48:55.981293,9581.89,mustard
2026-01-22 16:48:55.981293,9812.57,mustard
2026-01-23 16:48:55.981293,10015.21,mustard
2026-01-24 16:48:55.981293,10135.93,mustard
2026-01-25 16:48:55.981293,10244.73,mustard
2026-01-26 16:48:55.981293,10387.79,mustard
2026-01-27 16:48:55.981293,10564.3,mustard
2026-01-28 16:48:55.981293,10767.63,mustard
2026-01-29 16:48:55.981293,10919.73,mustard
2026-01-30 16:48:55.981293,11036.58,mustard
2026-01-31 16:48:55.981293,11175.36,mustard
2026-02-01 16:48:55.981293,11409.42,mustard
2026-02-02 16:48:55.981293,11757.94,mustard
2026-02-03 16:48:55.981293,12143.95,mustard
2026-02-04 16:48:55.981293,12538.87,mustard
2026-02-05 16:48:55.981293,12861.9,mustard
2026-02-06 16:48:55.981293,13134.56,mustard
2026-02-07 16:48:55.981293,13375.73,mustard
2026-02-08 16:48:55.981293,13674.64,mustard
2026-02-09 16:48:55.981293,13987.64,mustard
2026-02-10 16:48:55.981293,14277.52,mustard
2026-02-11 16:48:55.981293,14481.27,mustard
2026-02-12 16:48:55.981293,14639.16,mustard
2026-02-13 16:48:55.981293,14762.03,mustard
2026-02-14 16:48:55.981293,14905.57,mustard
2026-02-15 16:48:55.981293,15061.72,mustard
2026-02-16 16:48:55.981293,15241.03,mustard
2026-02-17 16:48:55.981293,15412.88,mustard
2026-02-18 16:48:55.981293,15613.97,mustard
2026-02-19 16:48:55.981293,15818.36,mustard
2026-02-20 16:48:55.981293,16057.26,mustard
2026-02-21 16:48:55.981293,16256.15,mustard
2026-02-22 16:48:55.981293,16505.34,mustard
2026-02-23 16:48:55.981293,16685.26,mustard
2026-02-24 16:48:55.981293,16913.24,mustard
2026-02-25 16:48:55.981293,17065.82,mustard
2026-02-26 16:48:55.981293,17237.48,mustard
2026-02-27 16:48:55.981293,17361.03,mustard
2026-02-28 16:48:55.981293,17474.72,mustard
2026-03-01 16:48:55.981293,17601.47,mustard
2026-03-02 16:48:55.981293,17765.4,mustard
2026-03-03 16:48:55.981293,17997.87,mustard
2026-03-04 16:48:55.981293,18222.86,mustard
2026-03-05 16:48:55.981293,18409.43,mustard
2026-03-06 16:48:55.981293,18567.84,mustard
2026-03-07 16:48:55.981293,18710.49,mustard
2026-03-08 16:48:55.981293,18911.48,mustard
2026-03-09 16:48:55.981293,19101.69,mustard
2026-03-10 16:48:55.981293,19267.34,mustard
2026-03-11 16:48:55.981293,19359.4,mustard
2026-03-12 16:48:55.981293,19446.08,mustard
2026-03-13 16:48:55.981293,19565.39,mustard
2026-03-14 16:48:55.981293,19724.45,mustard
2026-03-15 16:48:55.981293,19912.14,mustard
2026-03-16 16:48:55.981293,20083.37,mustard
2026-03-17 16:48:55.981293,20252.16,mustard
2026-03-18 16:48:55.981293,20426.0,mustard
2026-03-19 16:48:55.981293,20631.47,mustard
2026-03-20 16:48:55.981293,20817.71,mustard
2026-03-21 16:48:55.981293,20946.66,mustard
2026-03-22 16:48:55.981293,21071.16,mustard
2026-03-23 16:48:55.981293,21225.79,mustard
2026-03-24 16:48:55.981293,21366.85,mustard
2026-03-25 16:48:55.981293,21500.09,mustard
2026-03-26 16:48:55.981293,21592.87,mustard
2026-03-27 16:48:55.981293,21703.75,mustard
2026-03-28 16:48:55.981293,21783.2,mustard
2026-03-29 16:48:55.981293,21847.7,mustard
2026-03-30 16:48:55.981293,21854.91,mustard
2026-03-31 16:48:55.981293,21848.07,mustard
2026-04-01 16:48:55.981293,21880.4,mustard
2026-04-02 16:48:55.981293,21932.61,mustard
2026-04-03 16:48:55.981293,22056.26,mustard
2026-04-04 16:48:55.981293,22121.5,mustard
2026-04-05 16:48:55.981293,22209.39,mustard
2026-04-06 16:48:55.981293,22170.52,mustard
2026-04-07 16:48:55.981293,22124.77,mustard
2026-04-08 16:48:55.981293,22081.61,mustard
2026-04-09 16:48:55.981293,22104.23,mustard
2026-04-10 16:48:55.981293,22133.67,mustard
2026-04-11 16:48:55.981293,14766.03,mustard
2023-04-12 16:48:55.989906,3505.23,chickpea
2023-04-13 16:48:55.989906,5475.99,chickpea
2023-04-14 16:48:55.989906,5939.07,chickpea
2023-04-15 16:48:55.989906,6320.98,chickpea
2023-04-16 16:48:55.989906,6747.97,chickpea
2023-04-17 16:48:55.989906,7190.08,chickpea
2023-04-18 16:48:55.989906,7630.23,chickpea
2023-04-19 16:48:55.989906,8010.75,chickpea
2023-04-20 16:48:55.989906,8357.21,chickpea
2023-04-21 16:48:55.989906,8696.31,chickpea
2023-04-22 16:48:55.989906,9051.92,chickpea
2023-04-23 16:48:55.989906,9395.26,chickpea
2023-04-24 16:48:55.989906,9737.48,chickpea
2023-04-25 16:48:55.989906,10040.03,chickpea
2023-04-26 16:48:55.989906,10323.61,chickpea
2023-04-27 16:48:55.989906,10630.07,chickpea
2023-04-28 16:48:55.989906,10952.51,chickpea
2023-04-29 16:48:55.989906,11241.57,chickpea
2023-04-30 16:48:55.989906,11459.81,chickpea
2023-05-01 16:48:55.989906,11628.82,chickpea
2023-05-02 16:48:55.989906,11779.38,chickpea
2023-05-03 16:48:55.989906,11900.07,chickpea
2023-05-04 16:48:55.989906,12005.11,chickpea
2023-05-05 16:48:55.989906,12076.68,chickpea
2023-05-06 16:48:55.989906,12186.13,chickpea
2023-05-07 16:48:55.989906,12316.48,chickpea
2023-05-08 16:48:55.989906,12470.89,chickpea
2023-05-09 16:48:55.989906,12624.51,chickpea
2023-05-10 16:48:55.989906,12796.4,chickpea
2023-05-11 16:48:55.989906,13007.67,chickpea
2023-05-12 16:48:55.989906,13206.44,chickpea
2023-05-13 16:48:55.989906,13383.07,chickpea
2023-05-14 16:48:55.989906,13525.39,chickpea
2023-05-15 16:48:55.989906,13628.21,chickpea
2023-05-16 16:48:55.989906,13717.37,chickpea
2023-05-17 16:48:55.989906,13812.95,chickpea
2023-05-18 16:48:55.989906,13930.88,chickpea
2023-05-19 16:48:55.989906,14022.12,chickpea
2023-05-20 16:48:55.989906,14100.98,chickpea
2023-05-21 16:48:55.989906,14176.33,chickpea
2023-05-22 16:48:55.989906,14278.0,chickpea
2023-05-23 16:48:55.989906,14394.2,chickpea
2023-05-24 16:48:55.989906,14503.02,chickpea
2023-05-25 16:48:55.989906,14591.91,chickpea
2023-05-26 16:48:55.989906,14685.17,chickpea
2023-05-27 16:48:55.989906,14721.26,chickpea
2023-05-28 16:48:55.989906,14750.12,chickpea
2023-05-29 16:48:55.989906,14758.9,chickpea
2023-05-30 16:48:55.989906,14818.84,chickpea
2023-05-31 16:48:55.989906,14864.68,chickpea
2023-06-01 16:48:55.989906,14856.35,chickpea
2023-06-02 16:48:55.989906,14818.82,chickpea
2023-06-03 16:48:55.989906,14729.41,chickpea
2023-06-04 16:48:55.989906,14661.04,chickpea
2023-06-05 16:48:55.989906,14580.67,chickpea
2023-06-06 16:48:55.989906,14547.86,chickpea
2023-06-07 16:48:55.989906,14477.61,chickpea
2023-06-08 16:48:55.989906,14397.81,chickpea
2023-06-09 16:48:55.989906,14287.2,chickpea
2023-06-10 16:48:55.989906,14209.18,chickpea
2023-06-11 16:48:55.989906,14086.91,chickpea
2023-06-12 16:48:55.989906,13988.41,chickpea
2023-06-13 16:48:55.989906,13867.61,chickpea
2023-06-14 16:48:55.989906,13773.94,chickpea
2023-06-15 16:48:55.989906,13686.24,chickpea
2023-06-16 16:48:55.989906,13606.87,chickpea
2023-06-17 16:48:55.989906,13545.91,chickpea
2023-06-18 16:48:55.989906,13479.06,chickpea
2023-06-19 16:48:55.989906,13412.98,chickpea
2023-06-20 16:48:55.989906,13355.19,chickpea
2023-06-21 16:48:55.989906,13274.83,chickpea
2023-06-22 16:48:55.989906,13191.08,chickpea
2023-06-23 16:48:55.989906,13143.26,chickpea
2023-06-24 16:48:55.989906,13130.1,chickpea
2023-06-25 16:48:55.989906,13083.1,chickpea
2023-06-26 16:48:55.989906,13011.28,chickpea
2023-06-27 16:48:55.989906,12984.01,chickpea
2023-06-28 16:48:55.989906,13011.16,chickpea
2023-06-29 16:48:55.989906,12989.41,chickpea
2023-06-30 16:48:55.989906,12858.49,chickpea
2023-07-01 16:48:55.989906,12640.28,chickpea
2023-07-02 16:48:55.989906,12379.65,chickpea
2023-07-03 16:48:55.989906,12091.53,chickpea
2023-07-04 16:48:55.989906,11846.77,chickpea
2023-07-05 16:48:55.989906,11593.56,chickpea
2023-07-06 16:48:55.989906,11367.74,chickpea
2023-07-07 16:48:55.989906,11068.99,chickpea
2023-07-08 16:48:55.989906,10823.64,chickpea
2023-07-09 16:48:55.989906,10631.54,chickpea
2023-07-10 16:48:55.989906,10472.48,chickpea
2023-07-11 16:48:55.989906,10273.96,chickpea
2023-07-12 16:48:55.989906,10053.59,chickpea
2023-07-13 16:48:55.989906,9880.22,chickpea
2023-07-14 16:48:55.989906,9729.99,chickpea
2023-07-15 16:48:55.989906,9590.66,chickpea
2023-07-16 16:48:55.989906,9445.21,chickpea
2023-07-17 16:48:55.989906,9311.63,chickpea
2023-07-18 16:48:55.989906,9142.83,chickpea
2023-07-19 16:48:55.989906,9007.63,chickpea
2023-07-20 16:48:55.989906,8848.97,chickpea
2023-07-21 16:48:55.989906,8704.38,chickpea
2023-07-22 16:48:55.989906,8524.97,chickpea
2023-07-23 16:48:55.989906,8374.62,chickpea
2023-07-24 16:48:55.989906,8235.22,chickpea
2023-07-25 16:48:55.989906,8072.08,chickpea
2023-07-26 16:48:55.989906,7914.31,chickpea
2023-07-27 16:48:55.989906,7762.57,chickpea
2023-07-28 16:48:55.989906,7657.22,chickpea
2023-07-29 16:48:55.989906,7610.51,chickpea
2023-07-30 16:48:55.989906,7591.28,chickpea
2023-07-31 16:48:55.989906,7472.1,chickpea
2023-08-01 16:48:55.989906,7222.89,chickpea
2023-08-02 16:48:55.989906,6908.4,chickpea
2023-08-03 16:48:55.989906,6590.3,chickpea
2023-08-04 16:48:55.989906,6257.36,chickpea
2023-08-05 16:48:55.989906,5925.12,chickpea
2023-08-06 16:48:55.989906,5638.55,chickpea
2023-08-07 16:48:55.989906,5410.53,chickpea
2023-08-08 16:48:55.989906,5183.79,chickpea
2023-08-09 16:48:55.989906,4966.07,chickpea
2023-08-10 16:48:55.989906,4769.42,chickpea
2023-08-11 16:48:55.989906,4532.23,chickpea
2023-08-12 16:48:55.989906,4323.28,chickpea
2023-08-13 16:48:55.989906,4053.27,chickpea
2023-08-14 16:48:55.989906,3816.73,chickpea
2023-08-15 16:48:55.989906,3585.17,chickpea
2023-08-16 16:48:55.989906,3395.5,chickpea
2023-08-17 16:48:55.989906,3221.87,chickpea
2023-08-18 16:48:55.989906,3010.39,chickpea
2023-08-19 16:48:55.989906,2840.64,chickpea
2023-08-20 16:48:55.989906,2654.83,chickpea
2023-08-21 16:48:55.989906,2481.65,chickpea
2023-08-22 16:48:55.989906,2329.87,chickpea
2023-08-23 16:48:55.989906,2256.18,chickpea
2023-08-24 16:48:55.989906,2250.0,chickpea
2023-08-25 16:48:55.989906,2250.0,chickpea
2023-08-26 16:48:55.989906,2250.0,chickpea
2023-08-27 16:48:55.989906,2250.0,chickpea
2023-08-28 16:48:55.989906,2250.0,chickpea
2023-08-29 16:48:55.989906,2250.0,chickpea
2023-08-30 16:48:55.989906,2250.0,chickpea
2023-08-31 16:48:55.989906,2250.0,chickpea
2023-09-01 16:48:55.989906,2250.0,chickpea
2023-09-02 16:48:55.989906,2250.0,chickpea
2023-09-03 16:48:55.989906,2250.0,chickpea
2023-09-04 16:48:55.989906,2250.0,chickpea
2023-09-05 16:48:55.989906,2250.0,chickpea
2023-09-06 16:48:55.989906,2250.0,chickpea
2023-09-07 16:48:55.989906,2250.0,chickpea
2023-09-08 16:48:55.989906,2250.0,chickpea
2023-09-09 16:48:55.989906,2250.0,chickpea
2023-09-10 16:48:55.989906,2250.0,chickpea
2023-09-11 16:48:55.989906,2250.0,chickpea
2023-09-12 16:48:55.989906,2250.0,chickpea
2023-09-13 16:48:55.989906,2250.0,chickpea
2023-09-14 16:48:55.989906,2250.0,chickpea
2023-09-15 16:48:55.989906,2250.0,chickpea
2023-09-16 16:48:55.989906,2250.0,chickpea
2023-09-17 16:48:55.989906,2250.0,chickpea
2023-09-18 16:48:55.989906,2250.0,chickpea
2023-09-19 16:48:55.989906,2250.0,chickpea
2023-09-20 16:48:55.989906,2250.0,chickpea
2023-09-21 16:48:55.989906,2250.0,chickpea
2023-09-22 16:48:55.989906,2250.0,chickpea
2023-09-23 16:48:55.989906,2250.0,chickpea
2023-09-24 16:48:55.989906,2250.0,chickpea
2023-09-25 16:48:55.989906,2250.0,chickpea
2023-09-26 16:48:55.989906,2250.0,chickpea
2023-09-27 16:48:55.989906,2250.0,chickpea
2023-09-28 16:48:55.989906,2250.0,chickpea
2023-09-29 16:48:55.989906,2250.0,chickpea
2023-09-30 16:48:55.989906,2250.0,chickpea
2023-10-01 16:48:55.989906,2250.0,chickpea
2023-10-02 16:48:55.989906,2250.0,chickpea
2023-10-03 16:48:55.989906,2250.0,chickpea
2023-10-04 16:48:55.989906,2250.0,chickpea
2023-10-05 16:48:55.989906,2250.0,chickpea
2023-10-06 16:48:55.989906,2250.0,chickpea
2023-10-07 16:48:55.989906,2250.0,chickpea
2023-10-08 16:48:55.989906,2250.0,chickpea
2023-10-09 16:48:55.989906,2250.0,chickpea
2023-10-10 16:48:55.989906,2250.0,chickpea
2023-10-11 16:48:55.989906,2250.0,chickpea
2023-10-12 16:48:55.989906,2250.0,chickpea
2023-10-13 16:48:55.989906,2250.0,chickpea
2023-10-14 16:48:55.989906,2250.0,chickpea
2023-10-15 16:48:55.989906,2250.0,chickpea
2023-10-16 16:48:55.989906,2250.0,chickpea
2023-10-17 16:48:55.989906,2250.0,chickpea
2023-10-18 16:48:55.989906,2250.0,chickpea
2023-10-19 16:48:55.989906,2250.0,chickpea
2023-10-20 16:48:55.989906,2250.0,chickpea
2023-10-21 16:48:55.989906,2250.0,chickpea
2023-10-22 16:48:55.989906,2250.0,chickpea
2023-10-23 16:48:55.989906,2250.0,chickpea
2023-10-24 16:48:55.989906,2250.0,chickpea
2023-10-25 16:48:55.989906,2250.0,chickpea
2023-10-26 16:48:55.989906,2250.0,chickpea
2023-10-27 16:48:55.989906,2250.0,chickpea
2023-10-28 16:48:55.989906,2250.0,chickpea
2023-10-29 16:48:55.989906,2250.0,chickpea
2023-10-30 16:48:55.989906,2250.0,chickpea
2023-10-31 16:48:55.989906,2250.0,chickpea
2023-11-01 16:48:55.989906,2250.0,chickpea
2023-11-02 16:48:55.989906,2250.0,chickpea
2023-11-03 16:48:55.989906,2250.0,chickpea
2023-11-04 16:48:55.989906,2250.0,chickpea
2023-11-05 16:48:55.989906,2250.0,chickpea
2023-11-06 16:48:55.989906,2250.0,chickpea
2023-11-07 16:48:55.989906,2250.0,chickpea
2023-11-08 16:48:55.989906,2250.0,chickpea
2023-11-09 16:48:55.989906,2250.0,chickpea
2023-11-10 16:48:55.989906,2250.0,chickpea
2023-11-11 16:48:55.989906,2250.0,chickpea
2023-11-12 16:48:55.989906,2250.0,chickpea
2023-11-13 16:48:55.989906,2250.0,chickpea
2023-11-14 16:48:55.989906,2250.0,chickpea
2023-11-15 16:48:55.989906,2250.0,chickpea
2023-11-16 16:48:55.989906,2250.0,chickpea
2023-11-17 16:48:55.989906,2250.0,chickpea
2023-11-18 16:48:55.989906,2250.0,chickpea
2023-11-19 16:48:55.989906,2250.0,chickpea
2023-11-20 16:48:55.989906,2250.0,chickpea
2023-11-21 16:48:55.989906,2250.0,chickpea
2023-11-22 16:48:55.989906,2250.0,chickpea
2023-11-23 16:48:55.989906,2250.0,chickpea
2023-11-24 16:48:55.989906,2250.0,chickpea
2023-11-25 16:48:55.989906,2250.0,chickpea
2023-11-26 16:48:55.989906,2250.0,chickpea
2023-11-27 16:48:55.989906,2250.0,chickpea
2023-11-28 16:48:55.989906,2250.0,chickpea
2023-11-29 16:48:55.989906,2250.0,chickpea
2023-11-30 16:48:55.989906,2250.0,chickpea
2023-12-01 16:48:55.989906,2250.0,chickpea
2023-12-02 16:48:55.989906,2250.0,chickpea
2023-12-03 16:48:55.989906,2250.0,chickpea
2023-12-04 16:48:55.989906,2250.0,chickpea
2023-12-05 16:48:55.989906,2250.0,chickpea
2023-12-06 16:48:55.989906,2250.0,chickpea
2023-12-07 16:48:55.989906,2250.0,chickpea
2023-12-08 16:48:55.989906,2250.0,chickpea
2023-12-09 16:48:55.989906,2250.0,chickpea
2023-12-10 16:48:55.989906,2250.0,chickpea
2023-12-11 16:48:55.989906,2250.0,chickpea
2023-12-12 16:48:55.989906,2250.0,chickpea
2023-12-13 16:48:55.989906,2250.0,chickpea
2023-12-14 16:48:55.989906,2250.0,chickpea
2023-12-15 16:48:55.989906,2250.0,chickpea
2023-12-16 16:48:55.989906,2250.0,chickpea
2023-12-17 16:48:55.989906,2250.0,chickpea
2023-12-18 16:48:55.989906,2250.0,chickpea
2023-12-19 16:48:55.989906,2250.0,chickpea
2023-12-20 16:48:55.989906,2250.0,chickpea
2023-12-21 16:48:55.989906,2250.0,chickpea
2023-12-22 16:48:55.989906,2250.0,chickpea
2023-12-23 16:48:55.989906,2250.0,chickpea
2023-12-24 16:48:55.989906,2250.0,chickpea
2023-12-25 16:48:55.989906,2250.0,chickpea
2023-12-26 16:48:55.989906,2250.0,chickpea
2023-12-27 16:48:55.989906,2250.0,chickpea
2023-12-28 16:48:55.989906,2250.0,chickpea
2023-12-29 16:48:55.989906,2250.0,chickpea
2023-12-30 16:48:55.989906,2250.0,chickpea
2023-12-31 16:48:55.989906,2307.27,chickpea
2024-01-01 16:48:55.989906,2348.67,chickpea
2024-01-02 16:48:55.989906,2420.03,chickpea
2024-01-03 16:48:55.989906,2466.18,chickpea
2024-01-04 16:48:55.989906,2501.25,chickpea
2024-01-05 16:48:55.989906,2506.47,chickpea
2024-01-06 16:48:55.989906,2500.4,chickpea
2024-01-07 16:48:55.989906,2569.4,chickpea
2024-01-08 16:48:55.989906,2677.45,chickpea
2024-01-09 16:48:55.989906,2759.8,chickpea
2024-01-10 16:48:55.989906,2811.3,chickpea
2024-01-11 16:48:55.989906,2862.39,chickpea
2024-01-12 16:48:55.989906,2932.93,chickpea
2024-01-13 16:48:55.989906,3016.04,chickpea
2024-01-14 16:48:55.989906,3063.04,chickpea
2024-01-15 16:48:55.989906,3119.96,chickpea
2024-01-16 16:48:55.989906,3129.56,chickpea
2024-01-17 16:48:55.989906,3184.3,chickpea
2024-01-18 16:48:55.989906,3233.05,chickpea
2024-01-19 16:48:55.989906,3322.39,chickpea
2024-01-20 16:48:55.989906,3367.51,chickpea
2024-01-21 16:48:55.989906,3411.94,chickpea
2024-01-22 16:48:55.989906,3433.1,chickpea
2024-01-23 16:48:55.989906,3470.64,chickpea
2024-01-24 16:48:55.989906,3529.27,chickpea
2024-01-25 16:48:55.989906,3596.68,chickpea
2024-01-26 16:48:55.989906,3667.72,chickpea
2024-01-27 16:48:55.989906,3720.38,chickpea
2024-01-28 16:48:55.989906,3786.54,chickpea
2024-01-29 16:48:55.989906,3880.44,chickpea
2024-01-30 16:48:55.989906,3937.43,chickpea
2024-01-31 16:48:55.989906,4085.45,chickpea
2024-02-01 16:48:55.989906,4240.53,chickpea
2024-02-02 16:48:55.989906,4530.49,chickpea
2024-02-03 16:48:55.989906,4801.75,chickpea
2024-02-04 16:48:55.989906,5106.22,chickpea
2024-02-05 16:48:55.989906,5371.34,chickpea
2024-02-06 16:48:55.989906,5610.13,chickpea
2024-02-07 16:48:55.989906,5799.64,chickpea
2024-02-08 16:48:55.989906,5956.5,chickpea
2024-02-09 16:48:55.989906,6078.86,chickpea
2024-02-10 16:48:55.989906,6239.97,chickpea
2024-02-11 16:48:55.989906,6379.96,chickpea
2024-02-12 16:48:55.989906,6566.23,chickpea
2024-02-13 16:48:55.989906,6727.59,chickpea
2024-02-14 16:48:55.989906,6932.78,chickpea
2024-02-15 16:48:55.989906,7141.42,chickpea
2024-02-16 16:48:55.989906,7339.01,chickpea
2024-02-17 16:48:55.989906,7535.9,chickpea
2024-02-18 16:48:55.989906,7700.33,chickpea
2024-02-19 16:48:55.989906,7897.14,chickpea
2024-02-20 16:48:55.989906,8065.5,chickpea
2024-02-21 16:48:55.989906,8191.12,chickpea
2024-02-22 16:48:55.989906,8251.71,chickpea
2024-02-23 16:48:55.989906,8368.34,chickpea
2024-02-24 16:48:55.989906,8490.81,chickpea
2024-02-25 16:48:55.989906,8670.68,chickpea
2024-02-26 16:48:55.989906,8812.04,chickpea
2024-02-27 16:48:55.989906,8937.44,chickpea
2024-02-28 16:48:55.989906,9008.55,chickpea
2024-02-29 16:48:55.989906,9110.47,chickpea
2024-03-01 16:48:55.989906,9271.18,chickpea
2024-03-02 16:48:55.989906,9518.57,chickpea
2024-03-03 16:48:55.989906,9776.46,chickpea
2024-03-04 16:48:55.989906,10044.36,chickpea
2024-03-05 16:48:55.989906,10298.02,chickpea
2024-03-06 16:48:55.989906,10536.89,chickpea
2024-03-07 16:48:55.989906,10761.01,chickpea
2024-03-08 16:48:55.989906,10961.15,chickpea
2024-03-09 16:48:55.989906,11147.91,chickpea
2024-03-10 16:48:55.989906,11315.95,chickpea
2024-03-11 16:48:55.989906,11479.47,chickpea
2024-03-12 16:48:55.989906,11621.05,chickpea
2024-03-13 16:48:55.989906,11832.95,chickpea
2024-03-14 16:48:55.989906,12048.69,chickpea
2024-03-15 16:48:55.989906,12282.07,chickpea
2024-03-16 16:48:55.989906,12431.32,chickpea
2024-03-17 16:48:55.989906,12564.78,chickpea
2024-03-18 16:48:55.989906,12688.85,chickpea
2024-03-19 16:48:55.989906,12863.94,chickpea
2024-03-20 16:48:55.989906,13053.23,chickpea
2024-03-21 16:48:55.989906,13250.8,chickpea
2024-03-22 16:48:55.989906,13419.87,chickpea
2024-03-23 16:48:55.989906,13538.08,chickpea
2024-03-24 16:48:55.989906,13624.77,chickpea
2024-03-25 16:48:55.989906,13729.18,chickpea
2024-03-26 16:48:55.989906,13844.01,chickpea
2024-03-27 16:48:55.989906,13901.83,chickpea
2024-03-28 16:48:55.989906,13976.54,chickpea
2024-03-29 16:48:55.989906,14081.78,chickpea
2024-03-30 16:48:55.989906,14241.43,chickpea
2024-03-31 16:48:55.989906,14386.33,chickpea
2024-04-01 16:48:55.989906,14537.89,chickpea
2024-04-02 16:48:55.989906,14682.53,chickpea
2024-04-03 16:48:55.989906,14814.08,chickpea
2024-04-04 16:48:55.989906,14929.71,chickpea
2024-04-05 16:48:55.989906,15081.49,chickpea
2024-04-06 16:48:55.989906,15259.54,chickpea
2024-04-07 16:48:55.989906,15409.51,chickpea
2024-04-08 16:48:55.989906,15579.42,chickpea
2024-04-09 16:48:55.989906,15691.07,chickpea
2024-04-10 16:48:55.989906,15853.06,chickpea
2024-04-11 16:48:55.989906,16001.4,chickpea
2024-04-12 16:48:55.989906,16186.1,chickpea
2024-04-13 16:48:55.989906,16323.72,chickpea
2024-04-14 16:48:55.989906,16447.17,chickpea
2024-04-15 16:48:55.989906,16563.21,chickpea
2024-04-16 16:48:55.989906,16701.87,chickpea
2024-04-17 16:48:55.989906,16819.61,chickpea
2024-04-18 16:48:55.989906,16954.02,chickpea
2024-04-19 16:48:55.989906,17085.11,chickpea
2024-04-20 16:48:55.989906,17225.85,chickpea
2024-04-21 16:48:55.989906,17337.81,chickpea
2024-04-22 16:48:55.989906,17441.38,chickpea
2024-04-23 16:48:55.989906,17512.5,chickpea
2024-04-24 16:48:55.989906,17594.77,chickpea
2024-04-25 16:48:55.989906,17660.54,chickpea
2024-04-26 16:48:55.989906,17768.58,chickpea
2024-04-27 16:48:55.989906,17825.02,chickpea
2024-04-28 16:48:55.989906,17899.63,chickpea
2024-04-29 16:48:55.989906,17935.83,chickpea
2024-04-30 16:48:55.989906,17932.46,chickpea
2024-05-01 16:48:55.989906,17901.3,chickpea
2024-05-02 16:48:55.989906,17882.11,chickpea
2024-05-03 16:48:55.989906,17926.93,chickpea
2024-05-04 16:48:55.989906,17950.25,chickpea
2024-05-05 16:48:55.989906,17948.5,chickpea
2024-05-06 16:48:55.989906,17928.25,chickpea
2024-05-07 16:48:55.989906,17915.17,chickpea
2024-05-08 16:48:55.989906,17891.35,chickpea
2024-05-09 16:48:55.989906,17882.68,chickpea
2024-05-10 16:48:55.989906,17885.37,chickpea
2024-05-11 16:48:55.989906,17899.96,chickpea
2024-05-12 16:48:55.989906,17868.58,chickpea
2024-05-13 16:48:55.989906,17842.16,chickpea
2024-05-14 16:48:55.989906,17812.29,chickpea
2024-05-15 16:48:55.989906,17794.23,chickpea
2024-05-16 16:48:55.989906,17754.13,chickpea
2024-05-17 16:48:55.989906,17715.49,chickpea
2024-05-18 16:48:55.989906,17691.27,chickpea
2024-05-19 16:48:55.989906,17697.57,chickpea
2024-05-20 16:48:55.989906,17674.28,chickpea
2024-05-21 16:48:55.989906,17665.23,chickpea
2024-05-22 16:48:55.989906,17658.84,chickpea
2024-05-23 16:48:55.989906,17697.4,chickpea
2024-05-24 16:48:55.989906,17685.05,chickpea
2024-05-25 16:48:55.989906,17620.7,chickpea
2024-05-26 16:48:55.989906,17577.74,chickpea
2024-05-27 16:48:55.989906,17512.14,chickpea
2024-05-28 16:48:55.989906,17494.26,chickpea
2024-05-29 16:48:55.989906,17414.49,chickpea
2024-05-30 16:48:55.989906,17371.93,chickpea
2024-05-31 16:48:55.989906,17260.52,chickpea
2024-06-01 16:48:55.989906,17121.02,chickpea
2024-06-02 16:48:55.989906,16927.82,chickpea
2024-06-03 16:48:55.989906,16728.93,chickpea
2024-06-04 16:48:55.989906,16551.99,chickpea
2024-06-05 16:48:55.989906,16435.56,chickpea
2024-06-06 16:48:55.989906,16338.81,chickpea
2024-06-07 16:48:55.989906,16192.26,chickpea
2024-06-08 16:48:55.989906,16015.46,chickpea
2024-06-09 16:48:55.989906,15916.94,chickpea
2024-06-10 16:48:55.989906,15881.37,chickpea
2024-06-11 16:48:55.989906,15871.19,chickpea
2024-06-12 16:48:55.989906,15810.24,chickpea
2024-06-13 16:48:55.989906,15734.87,chickpea
2024-06-14 16:48:55.989906,15645.04,chickpea
2024-06-15 16:48:55.989906,15538.82,chickpea
2024-06-16 16:48:55.989906,15402.78,chickpea
2024-06-17 16:48:55.989906,15279.14,chickpea
2024-06-18 16:48:55.989906,15154.33,chickpea
2024-06-19 16:48:55.989906,15055.18,chickpea
2024-06-20 16:48:55.989906,14956.25,chickpea
2024-06-21 16:48:55.989906,14835.48,chickpea
2024-06-22 16:48:55.989906,14722.63,chickpea
2024-06-23 16:48:55.989906,14590.59,chickpea
2024-06-24 16:48:55.989906,14504.71,chickpea
2024-06-25 16:48:55.989906,14429.96,chickpea
2024-06-26 16:48:55.989906,14390.2,chickpea
2024-06-27 16:48:55.989906,14342.32,chickpea
2024-06-28 16:48:55.989906,14333.38,chickpea
2024-06-29 16:48:55.989906,14320.9,chickpea
2024-06-30 16:48:55.989906,14254.76,chickpea
2024-07-01 16:48:55.989906,14090.67,chickpea
2024-07-02 16:48:55.989906,13848.66,chickpea
2024-07-03 16:48:55.989906,13592.51,chickpea
2024-07-04 16:48:55.989906,13374.4,chickpea
2024-07-05 16:48:55.989906,13143.66,chickpea
2024-07-06 16:48:55.989906,12902.84,chickpea
2024-07-07 16:48:55.989906,12656.06,chickpea
2024-07-08 16:48:55.989906,12465.74,chickpea
2024-07-09 16:48:55.989906,12269.96,chickpea
2024-07-10 16:48:55.989906,11999.5,chickpea
2024-07-11 16:48:55.989906,11697.47,chickpea
2024-07-12 16:48:55.989906,11450.97,chickpea
2024-07-13 16:48:55.989906,11292.35,chickpea
2024-07-14 16:48:55.989906,11165.11,chickpea
2024-07-15 16:48:55.989906,11001.12,chickpea
2024-07-16 16:48:55.989906,10808.15,chickpea
2024-07-17 16:48:55.989906,10600.12,chickpea
2024-07-18 16:48:55.989906,10416.25,chickpea
2024-07-19 16:48:55.989906,10297.4,chickpea
2024-07-20 16:48:55.989906,10174.77,chickpea
2024-07-21 16:48:55.989906,10100.94,chickpea
2024-07-22 16:48:55.989906,9993.33,chickpea
2024-07-23 16:48:55.989906,9893.69,chickpea
2024-07-24 16:48:55.989906,9697.28,chickpea
2024-07-25 16:48:55.989906,9493.88,chickpea
2024-07-26 16:48:55.989906,9306.97,chickpea
2024-07-27 16:48:55.989906,9192.05,chickpea
2024-07-28 16:48:55.989906,9069.2,chickpea
2024-07-29 16:48:55.989906,8935.59,chickpea
2024-07-30 16:48:55.989906,8777.45,chickpea
2024-07-31 16:48:55.989906,8523.85,chickpea
2024-08-01 16:48:55.989906,8242.35,chickpea
2024-08-02 16:48:55.989906,7881.13,chickpea
2024-08-03 16:48:55.989906,7572.08,chickpea
2024-08-04 16:48:55.989906,7257.94,chickpea
2024-08-05 16:48:55.989906,7002.96,chickpea
2024-08-06 16:48:55.989906,6731.36,chickpea
2024-08-07 16:48:55.989906,6472.41,chickpea
2024-08-08 16:48:55.989906,6213.87,chickpea
2024-08-09 16:48:55.989906,5963.07,chickpea
2024-08-10 16:48:55.989906,5705.24,chickpea
2024-08-11 16:48:55.989906,5455.9,chickpea
2024-08-12 16:48:55.989906,5261.64,chickpea
2024-08-13 16:48:55.989906,5078.98,chickpea
2024-08-14 16:48:55.989906,4873.9,chickpea
2024-08-15 16:48:55.989906,4598.67,chickpea
2024-08-16 16:48:55.989906,4309.51,chickpea
2024-08-17 16:48:55.989906,4031.86,chickpea
2024-08-18 16:48:55.989906,3802.01,chickpea
2024-08-19 16:48:55.989906,3631.46,chickpea
2024-08-20 16:48:55.989906,3486.82,chickpea
2024-08-21 16:48:55.989906,3306.26,chickpea
2024-08-22 16:48:55.989906,3089.06,chickpea
2024-08-23 16:48:55.989906,2885.45,chickpea
2024-08-24 16:48:55.989906,2746.18,chickpea
2024-08-25 16:48:55.989906,2635.51,chickpea
2024-08-26 16:48:55.989906,2505.03,chickpea
2024-08-27 16:48:55.989906,2405.75,chickpea
2024-08-28 16:48:55.989906,2311.37,chickpea
2024-08-29 16:48:55.989906,2278.13,chickpea
2024-08-30 16:48:55.989906,2250.0,chickpea
2024-08-31 16:48:55.989906,2250.0,chickpea
2024-09-01 16:48:55.989906,2250.0,chickpea
2024-09-02 16:48:55.989906,2250.0,chickpea
2024-09-03 16:48:55.989906,2250.0,chickpea
2024-09-04 16:48:55.989906,2250.0,chickpea
2024-09-05 16:48:55.989906,2250.0,chickpea
2024-09-06 16:48:55.989906,2250.0,chickpea
2024-09-07 16:48:55.989906,2250.0,chickpea
2024-09-08 16:48:55.989906,2250.0,chickpea
2024-09-09 16:48:55.989906,2250.0,chickpea
2024-09-10 16:48:55.989906,2250.0,chickpea
2024-09-11 16:48:55.989906,2250.0,chickpea
2024-09-12 16:48:55.989906,2250.0,chickpea
2024-09-13 16:48:55.989906,2250.0,chickpea
2024-09-14 16:48:55.989906,2250.0,chickpea
2024-09-15 16:48:55.989906,2250.0,chickpea
2024-09-16 16:48:55.989906,2250.0,chickpea
2024-09-17 16:48:55.989906,2250.0,chickpea
2024-09-18 16:48:55.989906,2250.0,chickpea
2024-09-19 16:48:55.989906,2250.0,chickpea
2024-09-20 16:48:55.989906,2250.0,chickpea
2024-09-21 16:48:55.989906,2250.0,chickpea
2024-09-22 16:48:55.989906,2250.0,chickpea
2024-09-23 16:48:55.989906,2250.0,chickpea
2024-09-24 16:48:55.989906,2250.0,chickpea
2024-09-25 16:48:55.989906,2250.0,chickpea
2024-09-26 16:48:55.989906,2250.0,chickpea
2024-09-27 16:48:55.989906,2250.0,chickpea
2024-09-28 16:48:55.989906,2250.0,chickpea
2024-09-29 16:48:55.989906,2250.0,chickpea
2024-09-30 16:48:55.989906,2250.0,chickpea
2024-10-01 16:48:55.989906,2250.0,chickpea
2024-10-02 16:48:55.989906,2250.0,chickpea
2024-10-03 16:48:55.989906,2250.0,chickpea
2024-10-04 16:48:55.989906,2250.0,chickpea
2024-10-05 16:48:55.989906,2250.0,chickpea
2024-10-06 16:48:55.989906,2250.0,chickpea
2024-10-07 16:48:55.989906,2250.0,chickpea
2024-10-08 16:48:55.989906,2250.0,chickpea
2024-10-09 16:48:55.989906,2250.0,chickpea
2024-10-10 16:48:55.989906,2250.0,chickpea
2024-10-11 16:48:55.989906,2250.0,chickpea
2024-10-12 16:48:55.989906,2250.0,chickpea
2024-10-13 16:48:55.989906,2250.0,chickpea
2024-10-14 16:48:55.989906,2250.0,chickpea
2024-10-15 16:48:55.989906,2250.0,chickpea
2024-10-16 16:48:55.989906,2250.0,chickpea
2024-10-17 16:48:55.989906,2250.0,chickpea
2024-10-18 16:48:55.989906,2250.0,chickpea
2024-10-19 16:48:55.989906,2250.0,chickpea
2024-10-20 16:48:55.989906,2250.0,chickpea
2024-10-21 16:48:55.989906,2250.0,chickpea
2024-10-22 16:48:55.989906,2250.0,chickpea
2024-10-23 16:48:55.989906,2250.0,chickpea
2024-10-24 16:48:55.989906,2250.0,chickpea
2024-10-25 16:48:55.989906,2250.0,chickpea
2024-10-26 16:48:55.989906,2250.0,chickpea
2024-10-27 16:48:55.989906,2250.0,chickpea
2024-10-28 16:48:55.989906,2250.0,chickpea
2024-10-29 16:48:55.989906,2250.0,chickpea
2024-10-30 16:48:55.989906,2250.0,chickpea
2024-10-31 16:48:55.989906,2250.0,chickpea
2024-11-01 16:48:55.989906,2250.0,chickpea
2024-11-02 16:48:55.989906,2250.0,chickpea
2024-11-03 16:48:55.989906,2250.0,chickpea
2024-11-04 16:48:55.989906,2250.0,chickpea
2024-11-05 16:48:55.989906,2250.0,chickpea
2024-11-06 16:48:55.989906,2250.0,chickpea
2024-11-07 16:48:55.989906,2250.0,chickpea
2024-11-08 16:48:55.989906,2250.0,chickpea
2024-11-09 16:48:55.989906,2250.0,chickpea
2024-11-10 16:48:55.989906,2250.0,chickpea
2024-11-11 16:48:55.989906,2250.0,chickpea
2024-11-12 16:48:55.989906,2250.0,chickpea
2024-11-13 16:48:55.989906,2250.0,chickpea
2024-11-14 16:48:55.989906,2250.0,chickpea
2024-11-15 16:48:55.989906,2250.0,chickpea
2024-11-16 16:48:55.989906,2250.0,chickpea
2024-11-17 16:48:55.989906,2250.0,chickpea
2024-11-18 16:48:55.989906,2250.0,chickpea
2024-11-19 16:48:55.989906,2250.0,chickpea
2024-11-20 16:48:55.989906,2250.0,chickpea
2024-11-21 16:48:55.989906,2250.0,chickpea
2024-11-22 16:48:55.989906,2250.0,chickpea
2024-11-23 16:48:55.989906,2250.0,chickpea
2024-11-24 16:48:55.989906,2250.0,chickpea
2024-11-25 16:48:55.989906,2250.0,chickpea
2024-11-26 16:48:55.989906,2250.0,chickpea
2024-11-27 16:48:55.989906,2250.0,chickpea
2024-11-28 16:48:55.989906,2250.0,chickpea
2024-11-29 16:48:55.989906,2250.0,chickpea
2024-11-30 16:48:55.989906,2250.0,chickpea
2024-12-01 16:48:55.989906,2250.0,chickpea
2024-12-02 16:48:55.989906,2250.0,chickpea
2024-12-03 16:48:55.989906,2250.0,chickpea
2024-12-04 16:48:55.989906,2250.0,chickpea
2024-12-05 16:48:55.989906,2250.0,chickpea
2024-12-06 16:48:55.989906,2250.0,chickpea
2024-12-07 16:48:55.989906,2250.0,chickpea
2024-12-08 16:48:55.989906,2250.0,chickpea
2024-12-09 16:48:55.989906,2250.0,chickpea
2024-12-10 16:48:55.989906,2250.0,chickpea
2024-12-11 16:48:55.989906,2250.0,chickpea
2024-12-12 16:48:55.989906,2250.0,chickpea
2024-12-13 16:48:55.989906,2250.0,chickpea
2024-12-14 16:48:55.989906,2250.0,chickpea
2024-12-15 16:48:55.989906,2250.0,chickpea
2024-12-16 16:48:55.989906,2250.0,chickpea
2024-12-17 16:48:55.989906,2250.0,chickpea
2024-12-18 16:48:55.989906,2250.0,chickpea
2024-12-19 16:48:55.989906,2250.0,chickpea
2024-12-20 16:48:55.989906,2250.0,chickpea
2024-12-21 16:48:55.989906,2250.0,chickpea
2024-12-22 16:48:55.989906,2250.0,chickpea
2024-12-23 16:48:55.989906,2250.0,chickpea
2024-12-24 16:48:55.989906,2250.0,chickpea
2024-12-25 16:48:55.989906,2250.0,chickpea
2024-12-26 16:48:55.989906,2250.0,chickpea
2024-12-27 16:48:55.989906,2250.0,chickpea
2024-12-28 16:48:55.989906,2250.0,chickpea
2024-12-29 16:48:55.989906,2250.0,chickpea
2024-12-30 16:48:55.989906,2250.0,chickpea
2024-12-31 16:48:55.989906,2279.17,chickpea
2025-01-01 16:48:55.989906,2328.65,chickpea
2025-01-02 16:48:55.989906,2421.75,chickpea
2025-01-03 16:48:55.989906,2495.29,chickpea
2025-01-04 16:48:55.989906,2571.99,chickpea
2025-01-05 16:48:55.989906,2609.22,chickpea
2025-01-06 16:48:55.989906,2688.27,chickpea
2025-01-07 16:48:55.989906,2785.15,chickpea
2025-01-08 16:48:55.989906,2892.3,chickpea
2025-01-09 16:48:55.989906,3033.72,chickpea
2025-01-10 16:48:55.989906,3161.55,chickpea
2025-01-11 16:48:55.989906,3293.13,chickpea
2025-01-12 16:48:55.989906,3343.85,chickpea
2025-01-13 16:48:55.989906,3375.54,chickpea
2025-01-14 16:48:55.989906,3415.73,chickpea
2025-01-15 16:48:55.989906,3437.49,chickpea
2025-01-16 16:48:55.989906,3479.81,chickpea
2025-01-17 16:48:55.989906,3480.01,chickpea
2025-01-18 16:48:55.989906,3515.33,chickpea
2025-01-19 16:48:55.989906,3572.23,chickpea
2025-01-20 16:48:55.989906,3656.49,chickpea
2025-01-21 16:48:55.989906,3789.91,chickpea
2025-01-22 16:48:55.989906,3875.12,chickpea
2025-01-23 16:48:55.989906,3933.71,chickpea
2025-01-24 16:48:55.989906,3912.1,chickpea
2025-01-25 16:48:55.989906,3879.34,chickpea
2025-01-26 16:48:55.989906,3840.63,chickpea
2025-01-27 16:48:55.989906,3801.14,chickpea
2025-01-28 16:48:55.989906,3813.7,chickpea
2025-01-29 16:48:55.989906,3872.86,chickpea
2025-01-30 16:48:55.989906,4001.14,chickpea
2025-01-31 16:48:55.989906,4193.69,chickpea
2025-02-01 16:48:55.989906,4443.21,chickpea
2025-02-02 16:48:55.989906,4719.31,chickpea
2025-02-03 16:48:55.989906,5006.21,chickpea
2025-02-04 16:48:55.989906,5310.94,chickpea
2025-02-05 16:48:55.989906,5564.49,chickpea
2025-02-06 16:48:55.989906,5728.68,chickpea
2025-02-07 16:48:55.989906,5880.37,chickpea
2025-02-08 16:48:55.989906,6053.42,chickpea
2025-02-09 16:48:55.989906,6252.88,chickpea
2025-02-10 16:48:55.989906,6400.46,chickpea
2025-02-11 16:48:55.989906,6544.15,chickpea
2025-02-12 16:48:55.989906,6695.32,chickpea
2025-02-13 16:48:55.989906,6852.04,chickpea
2025-02-14 16:48:55.989906,7032.79,chickpea
2025-02-15 16:48:55.989906,7212.21,chickpea
2025-02-16 16:48:55.989906,7382.19,chickpea
2025-02-17 16:48:55.989906,7550.21,chickpea
2025-02-18 16:48:55.989906,7655.57,chickpea
2025-02-19 16:48:55.989906,7753.63,chickpea
2025-02-20 16:48:55.989906,7842.14,chickpea
2025-02-21 16:48:55.989906,7984.21,chickpea
2025-02-22 16:48:55.989906,8141.4,chickpea
2025-02-23 16:48:55.989906,8288.31,chickpea
2025-02-24 16:48:55.989906,8443.63,chickpea
2025-02-25 16:48:55.989906,8596.64,chickpea
2025-02-26 16:48:55.989906,8738.86,chickpea
2025-02-27 16:48:55.989906,8841.73,chickpea
2025-02-28 16:48:55.989906,8982.29,chickpea
2025-03-01 16:48:55.989906,9196.29,chickpea
2025-03-02 16:48:55.989906,9448.79,chickpea
2025-03-03 16:48:55.989906,9719.85,chickpea
2025-03-04 16:48:55.989906,9971.96,chickpea
2025-03-05 16:48:55.989906,10247.68,chickpea
2025-03-06 16:48:55.989906,10565.83,chickpea
2025-03-07 16:48:55.989906,10844.24,chickpea
2025-03-08 16:48:55.989906,11109.08,chickpea
2025-03-09 16:48:55.989906,11309.85,chickpea
2025-03-10 16:48:55.989906,11502.97,chickpea
2025-03-11 16:48:55.989906,11705.83,chickpea
2025-03-12 16:48:55.989906,11935.9,chickpea
2025-03-13 16:48:55.989906,12166.61,chickpea
2025-03-14 16:48:55.989906,12365.87,chickpea
2025-03-15 16:48:55.989906,12493.64,chickpea
2025-03-16 16:48:55.989906,12618.4,chickpea
2025-03-17 16:48:55.989906,12785.65,chickpea
2025-03-18 16:48:55.989906,12953.07,chickpea
2025-03-19 16:48:55.989906,13097.66,chickpea
2025-03-20 16:48:55.989906,13216.34,chickpea
2025-03-21 16:48:55.989906,13385.32,chickpea
2025-03-22 16:48:55.989906,13551.71,chickpea
2025-03-23 16:48:55.989906,13699.66,chickpea
2025-03-24 16:48:55.989906,13833.94,chickpea
2025-03-25 16:48:55.989906,13983.48,chickpea
2025-03-26 16:48:55.989906,14159.53,chickpea
2025-03-27 16:48:55.989906,14316.26,chickpea
2025-03-28 16:48:55.989906,14494.45,chickpea
2025-03-29 16:48:55.989906,14607.11,chickpea
2025-03-30 16:48:55.989906,14689.43,chickpea
2025-03-31 16:48:55.989906,14754.3,chickpea
2025-04-01 16:48:55.989906,14851.89,chickpea
2025-04-02 16:48:55.989906,14955.61,chickpea
2025-04-03 16:48:55.989906,15054.64,chickpea
2025-04-04 16:48:55.989906,15143.01,chickpea
2025-04-05 16:48:55.989906,15283.17,chickpea
2025-04-06 16:48:55.989906,15437.85,chickpea
2025-04-07 16:48:55.989906,15626.47,chickpea
2025-04-08 16:48:55.989906,15760.89,chickpea
2025-04-09 16:48:55.989906,15854.0,chickpea
2025-04-10 16:48:55.989906,15967.8,chickpea
2025-04-11 16:48:55.989906,16120.1,chickpea
2025-04-12 16:48:55.989906,16299.75,chickpea
2025-04-13 16:48:55.989906,16390.14,chickpea
2025-04-14 16:48:55.989906,16426.81,chickpea
2025-04-15 16:48:55.989906,16454.61,chickpea
2025-04-16 16:48:55.989906,16570.7,chickpea
2025-04-17 16:48:55.989906,16724.91,chickpea
2025-04-18 16:48:55.989906,16886.45,chickpea
2025-04-19 16:48:55.989906,17010.9,chickpea
2025-04-20 16:48:55.989906,17152.95,chickpea
2025-04-21 16:48:55.989906,17274.41,chickpea
2025-04-22 16:48:55.989906,17392.1,chickpea
2025-04-23 16:48:55.989906,17485.71,chickpea
2025-04-24 16:48:55.989906,17580.96,chickpea
2025-04-25 16:48:55.989906,17617.58,chickpea
2025-04-26 16:48:55.989906,17631.18,chickpea
2025-04-27 16:48:55.989906,17670.57,chickpea
2025-04-28 16:48:55.989906,17754.79,chickpea
2025-04-29 16:48:55.989906,17789.24,chickpea
2025-04-30 16:48:55.989906,17789.58,chickpea
2025-05-01 16:48:55.989906,17737.92,chickpea
2025-05-02 16:48:55.989906,17745.51,chickpea
2025-05-03 16:48:55.989906,17756.91,chickpea
2025-05-04 16:48:55.989906,17781.02,chickpea
2025-05-05 16:48:55.989906,17804.87,chickpea
2025-05-06 16:48:55.989906,17820.52,chickpea
2025-05-07 16:48:55.989906,17815.22,chickpea
2025-05-08 16:48:55.989906,17820.36,chickpea
2025-05-09 16:48:55.989906,17833.52,chickpea
2025-05-10 16:48:55.989906,17847.49,chickpea
2025-05-11 16:48:55.989906,17823.16,chickpea
2025-05-12 16:48:55.989906,17835.84,chickpea
2025-05-13 16:48:55.989906,17883.33,chickpea
2025-05-14 16:48:55.989906,17967.52,chickpea
2025-05-15 16:48:55.989906,17971.13,chickpea
2025-05-16 16:48:55.989906,17983.47,chickpea
2025-05-17 16:48:55.989906,17916.03,chickpea
2025-05-18 16:48:55.989906,17894.0,chickpea
2025-05-19 16:48:55.989906,17860.17,chickpea
2025-05-20 16:48:55.989906,17862.59,chickpea
2025-05-21 16:48:55.989906,17820.09,chickpea
2025-05-22 16:48:55.989906,17763.29,chickpea
2025-05-23 16:48:55.989906,17745.3,chickpea
2025-05-24 16:48:55.989906,17713.1,chickpea
2025-05-25 16:48:55.989906,17651.3,chickpea
2025-05-26 16:48:55.989906,17586.76,chickpea
2025-05-27 16:48:55.989906,17549.51,chickpea
2025-05-28 16:48:55.989906,17532.39,chickpea
2025-05-29 16:48:55.989906,17495.9,chickpea
2025-05-30 16:48:55.989906,17483.02,chickpea
2025-05-31 16:48:55.989906,17473.56,chickpea
2025-06-01 16:48:55.989906,17453.82,chickpea
2025-06-02 16:48:55.989906,17351.38,chickpea
2025-06-03 16:48:55.989906,17236.3,chickpea
2025-06-04 16:48:55.989906,17055.55,chickpea
2025-06-05 16:48:55.989906,16932.45,chickpea
2025-06-06 16:48:55.989906,16746.57,chickpea
2025-06-07 16:48:55.989906,16572.64,chickpea
2025-06-08 16:48:55.989906,16361.4,chickpea
2025-06-09 16:48:55.989906,16196.62,chickpea
2025-06-10 16:48:55.989906,16036.76,chickpea
2025-06-11 16:48:55.989906,15898.77,chickpea
2025-06-12 16:48:55.989906,15800.01,chickpea
2025-06-13 16:48:55.989906,15714.97,chickpea
2025-06-14 16:48:55.989906,15674.64,chickpea
2025-06-15 16:48:55.989906,15617.28,chickpea
2025-06-16 16:48:55.989906,15592.82,chickpea
2025-06-17 16:48:55.989906,15528.03,chickpea
2025-06-18 16:48:55.989906,15479.86,chickpea
2025-06-19 16:48:55.989906,15433.91,chickpea
2025-06-20 16:48:55.989906,15395.37,chickpea
2025-06-21 16:48:55.989906,15307.3,chickpea
2025-06-22 16:48:55.989906,15213.91,chickpea
2025-06-23 16:48:55.989906,15141.15,chickpea
2025-06-24 16:48:55.989906,15108.83,chickpea
2025-06-25 16:48:55.989906,15067.78,chickpea
2025-06-26 16:48:55.989906,14991.26,chickpea
2025-06-27 16:48:55.989906,14919.1,chickpea
2025-06-28 16:48:55.989906,14829.82,chickpea
2025-06-29 16:48:55.989906,14752.77,chickpea
2025-06-30 16:48:55.989906,14566.51,chickpea
2025-07-01 16:48:55.989906,14337.58,chickpea
2025-07-02 16:48:55.989906,14062.57,chickpea
2025-07-03 16:48:55.989906,13815.87,chickpea
2025-07-04 16:48:55.989906,13488.82,chickpea
2025-07-05 16:48:55.989906,13139.61,chickpea
2025-07-06 16:48:55.989906,12806.23,chickpea
2025-07-07 16:48:55.989906,12558.23,chickpea
2025-07-08 16:48:55.989906,12369.1,chickpea
2025-07-09 16:48:55.989906,12213.96,chickpea
2025-07-10 16:48:55.989906,12078.17,chickpea
2025-07-11 16:48:55.989906,11923.79,chickpea
2025-07-12 16:48:55.989906,11782.31,chickpea
2025-07-13 16:48:55.989906,11637.54,chickpea
2025-07-14 16:48:55.989906,11508.3,chickpea
2025-07-15 16:48:55.989906,11326.29,chickpea
2025-07-16 16:48:55.989906,11120.93,chickpea
2025-07-17 16:48:55.989906,10889.52,chickpea
2025-07-18 16:48:55.989906,10699.63,chickpea
2025-07-19 16:48:55.989906,10520.63,chickpea
2025-07-20 16:48:55.989906,10371.13,chickpea
2025-07-21 16:48:55.989906,10225.25,chickpea
2025-07-22 16:48:55.989906,10134.1,chickpea
2025-07-23 16:48:55.989906,10016.13,chickpea
2025-07-24 16:48:55.989906,9911.47,chickpea
2025-07-25 16:48:55.989906,9795.85,chickpea
2025-07-26 16:48:55.989906,9700.89,chickpea
2025-07-27 16:48:55.989906,9557.08,chickpea
2025-07-28 16:48:55.989906,9425.43,chickpea
2025-07-29 16:48:55.989906,9260.32,chickpea
2025-07-30 16:48:55.989906,9118.96,chickpea
2025-07-31 16:48:55.989906,8885.35,chickpea
2025-08-01 16:48:55.989906,8629.11,chickpea
2025-08-02 16:48:55.989906,8318.85,chickpea
2025-08-03 16:48:55.989906,7998.51,chickpea
2025-08-04 16:48:55.989906,7668.37,chickpea
2025-08-05 16:48:55.989906,7370.34,chickpea
2025-08-06 16:48:55.989906,7064.59,chickpea
2025-08-07 16:48:55.989906,6789.26,chickpea
2025-08-08 16:48:55.989906,6493.57,chickpea
2025-08-09 16:48:55.989906,6185.87,chickpea
2025-08-10 16:48:55.989906,5880.63,chickpea
2025-08-11 16:48:55.989906,5572.68,chickpea
2025-08-12 16:48:55.989906,5300.68,chickpea
2025-08-13 16:48:55.989906,5025.5,chickpea
2025-08-14 16:48:55.989906,4767.33,chickpea
2025-08-15 16:48:55.989906,4535.84,chickpea
2025-08-16 16:48:55.989906,4339.11,chickpea
2025-08-17 16:48:55.989906,4138.44,chickpea
2025-08-18 16:48:55.989906,3967.79,chickpea
2025-08-19 16:48:55.989906,3758.63,chickpea
2025-08-20 16:48:55.989906,3584.29,chickpea
2025-08-21 16:48:55.989906,3400.62,chickpea
2025-08-22 16:48:55.989906,3226.4,chickpea
2025-08-23 16:48:55.989906,3015.0,chickpea
2025-08-24 16:48:55.989906,2789.31,chickpea
2025-08-25 16:48:55.989906,2565.6,chickpea
2025-08-26 16:48:55.989906,2391.59,chickpea
2025-08-27 16:48:55.989906,2286.33,chickpea
2025-08-28 16:48:55.989906,2250.0,chickpea
2025-08-29 16:48:55.989906,2250.0,chickpea
2025-08-30 16:48:55.989906,2250.0,chickpea
2025-08-31 16:48:55.989906,2250.0,chickpea
2025-09-01 16:48:55.989906,2250.0,chickpea
2025-09-02 16:48:55.989906,2250.0,chickpea
2025-09-03 16:48:55.989906,2250.0,chickpea
2025-09-04 16:48:55.989906,2250.0,chickpea
2025-09-05 16:48:55.989906,2250.0,chickpea
2025-09-06 16:48:55.989906,2250.0,chickpea
2025-09-07 16:48:55.989906,2250.0,chickpea
2025-09-08 16:48:55.989906,2250.0,chickpea
2025-09-09 16:48:55.989906,2250.0,chickpea
2025-09-10 16:48:55.989906,2250.0,chickpea
2025-09-11 16:48:55.989906,2250.0,chickpea
2025-09-12 16:48:55.989906,2250.0,chickpea
2025-09-13 16:48:55.989906,2250.0,chickpea
2025-09-14 16:48:55.989906,2250.0,chickpea
2025-09-15 16:48:55.989906,2250.0,chickpea
2025-09-16 16:48:55.989906,2250.0,chickpea
2025-09-17 16:48:55.989906,2250.0,chickpea
2025-09-18 16:48:55.989906,2250.0,chickpea
2025-09-19 16:48:55.989906,2250.0,chickpea
2025-09-20 16:48:55.989906,2250.0,chickpea
2025-09-21 16:48:55.989906,2250.0,chickpea
2025-09-22 16:48:55.989906,2250.0,chickpea
2025-09-23 16:48:55.989906,2250.0,chickpea
2025-09-24 16:48:55.989906,2250.0,chickpea
2025-09-25 16:48:55.989906,2250.0,chickpea
2025-09-26 16:48:55.989906,2250.0,chickpea
2025-09-27 16:48:55.989906,2250.0,chickpea
2025-09-28 16:48:55.989906,2250.0,chickpea
2025-09-29 16:48:55.989906,2250.0,chickpea
2025-09-30 16:48:55.989906,2250.0,chickpea
2025-10-01 16:48:55.989906,2250.0,chickpea
2025-10-02 16:48:55.989906,2250.0,chickpea
2025-10-03 16:48:55.989906,2250.0,chickpea
2025-10-04 16:48:55.989906,2250.0,chickpea
2025-10-05 16:48:55.989906,2250.0,chickpea
2025-10-06 16:48:55.989906,2250.0,chickpea
2025-10-07 16:48:55.989906,2250.0,chickpea
2025-10-08 16:48:55.989906,2250.0,chickpea
2025-10-09 16:48:55.989906,2250.0,chickpea
2025-10-10 16:48:55.989906,2250.0,chickpea
2025-10-11 16:48:55.989906,2250.0,chickpea
2025-10-12 16:48:55.989906,2250.0,chickpea
2025-10-13 16:48:55.989906,2250.0,chickpea
2025-10-14 16:48:55.989906,2250.0,chickpea
2025-10-15 16:48:55.989906,2250.0,chickpea
2025-10-16 16:48:55.989906,2250.0,chickpea
2025-10-17 16:48:55.989906,2250.0,chickpea
2025-10-18 16:48:55.989906,2250.0,chickpea
2025-10-19 16:48:55.989906,2250.0,chickpea
2025-10-20 16:48:55.989906,2250.0,chickpea
2025-10-21 16:48:55.989906,2250.0,chickpea
2025-10-22 16:48:55.989906,2250.0,chickpea
2025-10-23 16:48:55.989906,2250.0,chickpea
2025-10-24 16:48:55.989906,2250.0,chickpea
2025-10-25 16:48:55.989906,2250.0,chickpea
2025-10-26 16:48:55.989906,2250.0,chickpea
2025-10-27 16:48:55.989906,2250.0,chickpea
2025-10-28 16:48:55.989906,2250.0,chickpea
2025-10-29 16:48:55.989906,2250.0,chickpea
2025-10-30 16:48:55.989906,2250.0,chickpea
2025-10-31 16:48:55.989906,2250.0,chickpea
2025-11-01 16:48:55.989906,2250.0,chickpea
2025-11-02 16:48:55.989906,2250.0,chickpea
2025-11-03 16:48:55.989906,2250.0,chickpea
2025-11-04 16:48:55.989906,2250.0,chickpea
2025-11-05 16:48:55.989906,2250.0,chickpea
2025-11-06 16:48:55.989906,2250.0,chickpea
2025-11-07 16:48:55.989906,2250.0,chickpea
2025-11-08 16:48:55.989906,2250.0,chickpea
2025-11-09 16:48:55.989906,2250.0,chickpea
2025-11-10 16:48:55.989906,2250.0,chickpea
2025-11-11 16:48:55.989906,2250.0,chickpea
2025-11-12 16:48:55.989906,2250.0,chickpea
2025-11-13 16:48:55.989906,2250.0,chickpea
2025-11-14 16:48:55.989906,2250.0,chickpea
2025-11-15 16:48:55.989906,2250.0,chickpea
2025-11-16 16:48:55.989906,2250.0,chickpea
2025-11-17 16:48:55.989906,2250.0,chickpea
2025-11-18 16:48:55.989906,2250.0,chickpea
2025-11-19 16:48:55.989906,2250.0,chickpea
2025-11-20 16:48:55.989906,2250.0,chickpea
2025-11-21 16:48:55.989906,2250.0,chickpea
2025-11-22 16:48:55.989906,2250.0,chickpea
2025-11-23 16:48:55.989906,2250.0,chickpea
2025-11-24 16:48:55.989906,2250.0,chickpea
2025-11-25 16:48:55.989906,2250.0,chickpea
2025-11-26 16:48:55.989906,2250.0,chickpea
2025-11-27 16:48:55.989906,2250.0,chickpea
2025-11-28 16:48:55.989906,2250.0,chickpea
2025-11-29 16:48:55.989906,2250.0,chickpea
2025-11-30 16:48:55.989906,2250.0,chickpea
2025-12-01 16:48:55.989906,2250.0,chickpea
2025-12-02 16:48:55.989906,2250.0,chickpea
2025-12-03 16:48:55.989906,2250.0,chickpea
2025-12-04 16:48:55.989906,2250.0,chickpea
2025-12-05 16:48:55.989906,2250.0,chickpea
2025-12-06 16:48:55.989906,2250.0,chickpea
2025-12-07 16:48:55.989906,2250.0,chickpea
2025-12-08 16:48:55.989906,2250.0,chickpea
2025-12-09 16:48:55.989906,2250.0,chickpea
2025-12-10 16:48:55.989906,2250.0,chickpea
2025-12-11 16:48:55.989906,2250.0,chickpea
2025-12-12 16:48:55.989906,2250.0,chickpea
2025-12-13 16:48:55.989906,2250.0,chickpea
2025-12-14 16:48:55.989906,2250.0,chickpea
2025-12-15 16:48:55.989906,2250.0,chickpea
2025-12-16 16:48:55.989906,2250.0,chickpea
2025-12-17 16:48:55.989906,2250.0,chickpea
2025-12-18 16:48:55.989906,2250.0,chickpea
2025-12-19 16:48:55.989906,2250.0,chickpea
2025-12-20 16:48:55.989906,2250.0,chickpea
2025-12-21 16:48:55.989906,2250.0,chickpea
2025-12-22 16:48:55.989906,2250.0,chickpea
2025-12-23 16:48:55.989906,2250.0,chickpea
2025-12-24 16:48:55.989906,2250.0,chickpea
2025-12-25 16:48:55.989906,2250.0,chickpea
2025-12-26 16:48:55.989906,2250.0,chickpea
2025-12-27 16:48:55.989906,2250.0,chickpea
2025-12-28 16:48:55.989906,2250.0,chickpea
2025-12-29 16:48:55.989906,2250.0,chickpea
2025-12-30 16:48:55.989906,2250.0,chickpea
2025-12-31 16:48:55.989906,2266.12,chickpea
2026-01-01 16:48:55.989906,2339.03,chickpea
2026-01-02 16:48:55.989906,2459.78,chickpea
2026-01-03 16:48:55.989906,2587.87,chickpea
2026-01-04 16:48:55.989906,2678.91,chickpea
2026-01-05 16:48:55.989906,2747.41,chickpea
2026-01-06 16:48:55.989906,2812.37,chickpea
2026-01-07 16:48:55.989906,2863.45,chickpea
2026-01-08 16:48:55.989906,2911.91,chickpea
2026-01-09 16:48:55.989906,2988.71,chickpea
2026-01-10 16:48:55.989906,3052.41,chickpea
2026-01-11 16:48:55.989906,3094.51,chickpea
2026-01-12 16:48:55.989906,3113.44,chickpea
2026-01-13 16:48:55.989906,3139.03,chickpea
2026-01-14 16:48:55.989906,3208.03,chickpea
2026-01-15 16:48:55.989906,3250.68,chickpea
2026-01-16 16:48:55.989906,3286.5,chickpea
2026-01-17 16:48:55.989906,3333.72,chickpea
2026-01-18 16:48:55.989906,3443.68,chickpea
2026-01-19 16:48:55.989906,3566.9,chickpea
2026-01-20 16:48:55.989906,3661.21,chickpea
2026-01-21 16:48:55.989906,3708.1,chickpea
2026-01-22 16:48:55.989906,3764.96,chickpea
2026-01-23 16:48:55.989906,3790.12,chickpea
2026-01-24 16:48:55.989906,3785.92,chickpea
2026-01-25 16:48:55.989906,3744.46,chickpea
2026-01-26 16:48:55.989906,3699.9,chickpea
2026-01-27 16:48:55.989906,3691.49,chickpea
2026-01-28 16:48:55.989906,3761.58,chickpea
2026-01-29 16:48:55.989906,3863.97,chickpea
2026-01-30 16:48:55.989906,3957.91,chickpea
2026-01-31 16:48:55.989906,4142.22,chickpea
2026-02-01 16:48:55.989906,4411.74,chickpea
2026-02-02 16:48:55.989906,4723.6,chickpea
2026-02-03 16:48:55.989906,4955.74,chickpea
2026-02-04 16:48:55.989906,5177.41,chickpea
2026-02-05 16:48:55.989906,5380.96,chickpea
2026-02-06 16:48:55.989906,5568.42,chickpea
2026-02-07 16:48:55.989906,5733.61,chickpea
2026-02-08 16:48:55.989906,5914.23,chickpea
2026-02-09 16:48:55.989906,6142.05,chickpea
2026-02-10 16:48:55.989906,6354.83,chickpea
2026-02-11 16:48:55.989906,6612.02,chickpea
2026-02-12 16:48:55.989906,6791.2,chickpea
2026-02-13 16:48:55.989906,7016.89,chickpea
2026-02-14 16:48:55.989906,7210.67,chickpea
2026-02-15 16:48:55.989906,7402.7,chickpea
2026-02-16 16:48:55.989906,7516.12,chickpea
2026-02-17 16:48:55.989906,7586.05,chickpea
2026-02-18 16:48:55.989906,7703.22,chickpea
2026-02-19 16:48:55.989906,7812.64,chickpea
2026-02-20 16:48:55.989906,7941.2,chickpea
2026-02-21 16:48:55.989906,8081.16,chickpea
2026-02-22 16:48:55.989906,8212.54,chickpea
2026-02-23 16:48:55.989906,8366.87,chickpea
2026-02-24 16:48:55.989906,8496.22,chickpea
2026-02-25 16:48:55.989906,8622.48,chickpea
2026-02-26 16:48:55.989906,8732.39,chickpea
2026-02-27 16:48:55.989906,8837.18,chickpea
2026-02-28 16:48:55.989906,9041.43,chickpea
2026-03-01 16:48:55.989906,9289.32,chickpea
2026-03-02 16:48:55.989906,9571.57,chickpea
2026-03-03 16:48:55.989906,9818.4,chickpea
2026-03-04 16:48:55.989906,10052.44,chickpea
2026-03-05 16:48:55.989906,10314.41,chickpea
2026-03-06 16:48:55.989906,10579.52,chickpea
2026-03-07 16:48:55.989906,10883.21,chickpea
2026-03-08 16:48:55.989906,11160.29,chickpea
2026-03-09 16:48:55.989906,11425.02,chickpea
2026-03-10 16:48:55.989906,11647.97,chickpea
2026-03-11 16:48:55.989906,11816.6,chickpea
2026-03-12 16:48:55.989906,12011.41,chickpea
2026-03-13 16:48:55.989906,12158.85,chickpea
2026-03-14 16:48:55.989906,12351.59,chickpea
2026-03-15 16:48:55.989906,12464.46,chickpea
2026-03-16 16:48:55.989906,12555.52,chickpea
2026-03-17 16:48:55.989906,12638.25,chickpea
2026-03-18 16:48:55.989906,12782.35,chickpea
2026-03-19 16:48:55.989906,12974.38,chickpea
2026-03-20 16:48:55.989906,13140.02,chickpea
2026-03-21 16:48:55.989906,13214.21,chickpea
2026-03-22 16:48:55.989906,13310.86,chickpea
2026-03-23 16:48:55.989906,13404.29,chickpea
2026-03-24 16:48:55.989906,13593.77,chickpea
2026-03-25 16:48:55.989906,13718.41,chickpea
2026-03-26 16:48:55.989906,13889.65,chickpea
2026-03-27 16:48:55.989906,14028.76,chickpea
2026-03-28 16:48:55.989906,14203.82,chickpea
2026-03-29 16:48:55.989906,14300.2,chickpea
2026-03-30 16:48:55.989906,14434.74,chickpea
2026-03-31 16:48:55.989906,14578.98,chickpea
2026-04-01 16:48:55.989906,14770.83,chickpea
2026-04-02 16:48:55.989906,14922.93,chickpea
2026-04-03 16:48:55.989906,15038.95,chickpea
2026-04-04 16:48:55.989906,15154.46,chickpea
2026-04-05 16:48:55.989906,15293.48,chickpea
2026-04-06 16:48:55.989906,15474.84,chickpea
2026-04-07 16:48:55.989906,15682.15,chickpea
2026-04-08 16:48:55.989906,15854.3,chickpea
2026-04-09 16:48:55.989906,15977.65,chickpea
2026-04-10 16:48:55.989906,16057.99,chickpea
2026-04-11 16:48:55.989906,10726.09,chickpea
2023-04-12 16:48:55.998034,3673.73,pigeon_pea
2023-04-13 16:48:55.998034,5423.94,pigeon_pea
2023-04-14 16:48:55.998034,5262.01,pigeon_pea
2023-04-15 16:48:55.998034,5114.5,pigeon_pea
2023-04-16 16:48:55.998034,4917.94,pigeon_pea
2023-04-17 16:48:55.998034,4706.52,pigeon_pea
2023-04-18 16:48:55.998034,4449.46,pigeon_pea
2023-04-19 16:48:55.998034,4186.68,pigeon_pea
2023-04-20 16:48:55.998034,3941.49,pigeon_pea
2023-04-21 16:48:55.998034,3676.85,pigeon_pea
2023-04-22 16:48:55.998034,3448.15,pigeon_pea
2023-04-23 16:48:55.998034,3236.48,pigeon_pea
2023-04-24 16:48:55.998034,3054.61,pigeon_pea
2023-04-25 16:48:55.998034,2959.13,pigeon_pea
2023-04-26 16:48:55.998034,2900.0,pigeon_pea
2023-04-27 16:48:55.998034,2900.0,pigeon_pea
2023-04-28 16:48:55.998034,2900.0,pigeon_pea
2023-04-29 16:48:55.998034,2900.0,pigeon_pea
2023-04-30 16:48:55.998034,2900.0,pigeon_pea
2023-05-01 16:48:55.998034,2900.0,pigeon_pea
2023-05-02 16:48:55.998034,2900.0,pigeon_pea
2023-05-03 16:48:55.998034,2900.0,pigeon_pea
2023-05-04 16:48:55.998034,2900.0,pigeon_pea
2023-05-05 16:48:55.998034,2900.0,pigeon_pea
2023-05-06 16:48:55.998034,2900.0,pigeon_pea
2023-05-07 16:48:55.998034,2900.0,pigeon_pea
2023-05-08 16:48:55.998034,2900.0,pigeon_pea
2023-05-09 16:48:55.998034,2900.0,pigeon_pea
2023-05-10 16:48:55.998034,2900.0,pigeon_pea
2023-05-11 16:48:55.998034,2900.0,pigeon_pea
2023-05-12 16:48:55.998034,2900.0,pigeon_pea
2023-05-13 16:48:55.998034,2900.0,pigeon_pea
2023-05-14 16:48:55.998034,2900.0,pigeon_pea
2023-05-15 16:48:55.998034,2900.0,pigeon_pea
2023-05-16 16:48:55.998034,2900.0,pigeon_pea
2023-05-17 16:48:55.998034,2900.0,pigeon_pea
2023-05-18 16:48:55.998034,2900.0,pigeon_pea
2023-05-19 16:48:55.998034,2900.0,pigeon_pea
2023-05-20 16:48:55.998034,2900.0,pigeon_pea
2023-05-21 16:48:55.998034,2900.0,pigeon_pea
2023-05-22 16:48:55.998034,2900.0,pigeon_pea
2023-05-23 16:48:55.998034,2900.0,pigeon_pea
2023-05-24 16:48:55.998034,2900.0,pigeon_pea
2023-05-25 16:48:55.998034,2900.0,pigeon_pea
2023-05-26 16:48:55.998034,2900.0,pigeon_pea
2023-05-27 16:48:55.998034,2900.0,pigeon_pea
2023-05-28 16:48:55.998034,2900.0,pigeon_pea
2023-05-29 16:48:55.998034,2900.0,pigeon_pea
2023-05-30 16:48:55.998034,2900.0,pigeon_pea
2023-05-31 16:48:55.998034,2900.0,pigeon_pea
2023-06-01 16:48:55.998034,2900.0,pigeon_pea
2023-06-02 16:48:55.998034,2900.0,pigeon_pea
2023-06-03 16:48:55.998034,2900.0,pigeon_pea
2023-06-04 16:48:55.998034,2900.0,pigeon_pea
2023-06-05 16:48:55.998034,2900.0,pigeon_pea
2023-06-06 16:48:55.998034,2900.0,pigeon_pea
2023-06-07 16:48:55.998034,2900.0,pigeon_pea
2023-06-08 16:48:55.998034,2900.0,pigeon_pea
2023-06-09 16:48:55.998034,2900.0,pigeon_pea
2023-06-10 16:48:55.998034,2900.0,pigeon_pea
2023-06-11 16:48:55.998034,2900.0,pigeon_pea
2023-06-12 16:48:55.998034,2900.0,pigeon_pea
2023-06-13 16:48:55.998034,2900.0,pigeon_pea
2023-06-14 16:48:55.998034,2900.0,pigeon_pea
2023-06-15 16:48:55.998034,2900.0,pigeon_pea
2023-06-16 16:48:55.998034,2900.0,pigeon_pea
2023-06-17 16:48:55.998034,2900.0,pigeon_pea
2023-06-18 16:48:55.998034,2900.0,pigeon_pea
2023-06-19 16:48:55.998034,2900.0,pigeon_pea
2023-06-20 16:48:55.998034,2900.0,pigeon_pea
2023-06-21 16:48:55.998034,2900.0,pigeon_pea
2023-06-22 16:48:55.998034,2900.0,pigeon_pea
2023-06-23 16:48:55.998034,2900.0,pigeon_pea
2023-06-24 16:48:55.998034,2900.0,pigeon_pea
2023-06-25 16:48:55.998034,2900.0,pigeon_pea
2023-06-26 16:48:55.998034,2900.0,pigeon_pea
2023-06-27 16:48:55.998034,2900.0,pigeon_pea
2023-06-28 16:48:55.998034,2900.0,pigeon_pea
2023-06-29 16:48:55.998034,2900.0,pigeon_pea
2023-06-30 16:48:55.998034,2900.0,pigeon_pea
2023-07-01 16:48:55.998034,2900.0,pigeon_pea
2023-07-02 16:48:55.998034,2900.0,pigeon_pea
2023-07-03 16:48:55.998034,2900.0,pigeon_pea
2023-07-04 16:48:55.998034,2900.0,pigeon_pea
2023-07-05 16:48:55.998034,2900.0,pigeon_pea
2023-07-06 16:48:55.998034,2900.0,pigeon_pea
2023-07-07 16:48:55.998034,2900.0,pigeon_pea
2023-07-08 16:48:55.998034,2900.0,pigeon_pea
2023-07-09 16:48:55.998034,2900.0,pigeon_pea
2023-07-10 16:48:55.998034,2900.0,pigeon_pea
2023-07-11 16:48:55.998034,2900.0,pigeon_pea
2023-07-12 16:48:55.998034,2900.0,pigeon_pea
2023-07-13 16:48:55.998034,2900.0,pigeon_pea
2023-07-14 16:48:55.998034,2900.0,pigeon_pea
2023-07-15 16:48:55.998034,2900.0,pigeon_pea
2023-07-16 16:48:55.998034,2900.0,pigeon_pea
2023-07-17 16:48:55.998034,2900.0,pigeon_pea
2023-07-18 16:48:55.998034,2900.0,pigeon_pea
2023-07-19 16:48:55.998034,2900.0,pigeon_pea
2023-07-20 16:48:55.998034,2900.0,pigeon_pea
2023-07-21 16:48:55.998034,2900.0,pigeon_pea
2023-07-22 16:48:55.998034,2900.0,pigeon_pea
2023-07-23 16:48:55.998034,2900.0,pigeon_pea
2023-07-24 16:48:55.998034,2900.0,pigeon_pea
2023-07-25 16:48:55.998034,2900.0,pigeon_pea
2023-07-26 16:48:55.998034,2900.0,pigeon_pea
2023-07-27 16:48:55.998034,2900.0,pigeon_pea
2023-07-28 16:48:55.998034,2900.0,pigeon_pea
2023-07-29 16:48:55.998034,2900.0,pigeon_pea
2023-07-30 16:48:55.998034,2900.0,pigeon_pea
2023-07-31 16:48:55.998034,2900.0,pigeon_pea
2023-08-01 16:48:55.998034,2916.35,pigeon_pea
2023-08-02 16:48:55.998034,2916.35,pigeon_pea
2023-08-03 16:48:55.998034,2916.35,pigeon_pea
2023-08-04 16:48:55.998034,2900.0,pigeon_pea
2023-08-05 16:48:55.998034,2900.0,pigeon_pea
2023-08-06 16:48:55.998034,2942.65,pigeon_pea
2023-08-07 16:48:55.998034,2970.81,pigeon_pea
2023-08-08 16:48:55.998034,2971.51,pigeon_pea
2023-08-09 16:48:55.998034,2928.86,pigeon_pea
2023-08-10 16:48:55.998034,2900.7,pigeon_pea
2023-08-11 16:48:55.998034,2900.0,pigeon_pea
2023-08-12 16:48:55.998034,2900.0,pigeon_pea
2023-08-13 16:48:55.998034,2900.0,pigeon_pea
2023-08-14 16:48:55.998034,2900.0,pigeon_pea
2023-08-15 16:48:55.998034,2900.0,pigeon_pea
2023-08-16 16:48:55.998034,2900.0,pigeon_pea
2023-08-17 16:48:55.998034,2900.0,pigeon_pea
2023-08-18 16:48:55.998034,2900.0,pigeon_pea
2023-08-19 16:48:55.998034,2900.0,pigeon_pea
2023-08-20 16:48:55.998034,2900.0,pigeon_pea
2023-08-21 16:48:55.998034,2900.0,pigeon_pea
2023-08-22 16:48:55.998034,2900.0,pigeon_pea
2023-08-23 16:48:55.998034,2900.0,pigeon_pea
2023-08-24 16:48:55.998034,2900.0,pigeon_pea
2023-08-25 16:48:55.998034,2900.0,pigeon_pea
2023-08-26 16:48:55.998034,2900.0,pigeon_pea
2023-08-27 16:48:55.998034,2900.0,pigeon_pea
2023-08-28 16:48:55.998034,2900.0,pigeon_pea
2023-08-29 16:48:55.998034,2900.0,pigeon_pea
2023-08-30 16:48:55.998034,2900.0,pigeon_pea
2023-08-31 16:48:55.998034,2963.14,pigeon_pea
2023-09-01 16:48:55.998034,3028.45,pigeon_pea
2023-09-02 16:48:55.998034,3112.38,pigeon_pea
2023-09-03 16:48:55.998034,3157.11,pigeon_pea
2023-09-04 16:48:55.998034,3214.64,pigeon_pea
2023-09-05 16:48:55.998034,3319.35,pigeon_pea
2023-09-06 16:48:55.998034,3420.97,pigeon_pea
2023-09-07 16:48:55.998034,3514.24,pigeon_pea
2023-09-08 16:48:55.998034,3573.0,pigeon_pea
2023-09-09 16:48:55.998034,3596.4,pigeon_pea
2023-09-10 16:48:55.998034,3633.59,pigeon_pea
2023-09-11 16:48:55.998034,3663.05,pigeon_pea
2023-09-12 16:48:55.998034,3719.47,pigeon_pea
2023-09-13 16:48:55.998034,3773.0,pigeon_pea
2023-09-14 16:48:55.998034,3789.84,pigeon_pea
2023-09-15 16:48:55.998034,3796.1,pigeon_pea
2023-09-16 16:48:55.998034,3796.23,pigeon_pea
2023-09-17 16:48:55.998034,3770.6,pigeon_pea
2023-09-18 16:48:55.998034,3783.11,pigeon_pea
2023-09-19 16:48:55.998034,3805.36,pigeon_pea
2023-09-20 16:48:55.998034,3900.06,pigeon_pea
2023-09-21 16:48:55.998034,3993.26,pigeon_pea
2023-09-22 16:48:55.998034,4104.63,pigeon_pea
2023-09-23 16:48:55.998034,4243.59,pigeon_pea
2023-09-24 16:48:55.998034,4333.66,pigeon_pea
2023-09-25 16:48:55.998034,4351.8,pigeon_pea
2023-09-26 16:48:55.998034,4318.69,pigeon_pea
2023-09-27 16:48:55.998034,4280.01,pigeon_pea
2023-09-28 16:48:55.998034,4300.44,pigeon_pea
2023-09-29 16:48:55.998034,4373.53,pigeon_pea
2023-09-30 16:48:55.998034,4524.65,pigeon_pea
2023-10-01 16:48:55.998034,4767.58,pigeon_pea
2023-10-02 16:48:55.998034,5052.96,pigeon_pea
2023-10-03 16:48:55.998034,5309.03,pigeon_pea
2023-10-04 16:48:55.998034,5486.34,pigeon_pea
2023-10-05 16:48:55.998034,5652.04,pigeon_pea
2023-10-06 16:48:55.998034,5806.24,pigeon_pea
2023-10-07 16:48:55.998034,5999.3,pigeon_pea
2023-10-08 16:48:55.998034,6206.69,pigeon_pea
2023-10-09 16:48:55.998034,6464.6,pigeon_pea
2023-10-10 16:48:55.998034,6719.92,pigeon_pea
2023-10-11 16:48:55.998034,6919.62,pigeon_pea
2023-10-12 16:48:55.998034,7104.47,pigeon_pea
2023-10-13 16:48:55.998034,7289.36,pigeon_pea
2023-10-14 16:48:55.998034,7446.13,pigeon_pea
2023-10-15 16:48:55.998034,7618.3,pigeon_pea
2023-10-16 16:48:55.998034,7769.24,pigeon_pea
2023-10-17 16:48:55.998034,7948.54,pigeon_pea
2023-10-18 16:48:55.998034,8069.88,pigeon_pea
2023-10-19 16:48:55.998034,8188.89,pigeon_pea
2023-10-20 16:48:55.998034,8289.46,pigeon_pea
2023-10-21 16:48:55.998034,8385.23,pigeon_pea
2023-10-22 16:48:55.998034,8489.45,pigeon_pea
2023-10-23 16:48:55.998034,8646.93,pigeon_pea
2023-10-24 16:48:55.998034,8883.93,pigeon_pea
2023-10-25 16:48:55.998034,9155.7,pigeon_pea
2023-10-26 16:48:55.998034,9405.1,pigeon_pea
2023-10-27 16:48:55.998034,9612.57,pigeon_pea
2023-10-28 16:48:55.998034,9771.01,pigeon_pea
2023-10-29 16:48:55.998034,9914.17,pigeon_pea
2023-10-30 16:48:55.998034,10059.21,pigeon_pea
2023-10-31 16:48:55.998034,10213.48,pigeon_pea
2023-11-01 16:48:55.998034,10394.16,pigeon_pea
2023-11-02 16:48:55.998034,10555.09,pigeon_pea
2023-11-03 16:48:55.998034,10725.2,pigeon_pea
2023-11-04 16:48:55.998034,10860.15,pigeon_pea
2023-11-05 16:48:55.998034,11066.6,pigeon_pea
2023-11-06 16:48:55.998034,11312.92,pigeon_pea
2023-11-07 16:48:55.998034,11637.52,pigeon_pea
2023-11-08 16:48:55.998034,11912.69,pigeon_pea
2023-11-09 16:48:55.998034,12144.85,pigeon_pea
2023-11-10 16:48:55.998034,12281.55,pigeon_pea
2023-11-11 16:48:55.998034,12388.55,pigeon_pea
2023-11-12 16:48:55.998034,12516.67,pigeon_pea
2023-11-13 16:48:55.998034,12701.94,pigeon_pea
2023-11-14 16:48:55.998034,12922.18,pigeon_pea
2023-11-15 16:48:55.998034,13102.32,pigeon_pea
2023-11-16 16:48:55.998034,13235.29,pigeon_pea
2023-11-17 16:48:55.998034,13436.7,pigeon_pea
2023-11-18 16:48:55.998034,13650.86,pigeon_pea
2023-11-19 16:48:55.998034,13901.1,pigeon_pea
2023-11-20 16:48:55.998034,14113.22,pigeon_pea
2023-11-21 16:48:55.998034,14308.8,pigeon_pea
2023-11-22 16:48:55.998034,14501.78,pigeon_pea
2023-11-23 16:48:55.998034,14706.51,pigeon_pea
2023-11-24 16:48:55.998034,14954.01,pigeon_pea
2023-11-25 16:48:55.998034,15176.5,pigeon_pea
2023-11-26 16:48:55.998034,15356.66,pigeon_pea
2023-11-27 16:48:55.998034,15536.24,pigeon_pea
2023-11-28 16:48:55.998034,15700.44,pigeon_pea
2023-11-29 16:48:55.998034,15798.57,pigeon_pea
2023-11-30 16:48:55.998034,15850.25,pigeon_pea
2023-12-01 16:48:55.998034,15933.99,pigeon_pea
2023-12-02 16:48:55.998034,16071.98,pigeon_pea
2023-12-03 16:48:55.998034,16245.33,pigeon_pea
2023-12-04 16:48:55.998034,16395.22,pigeon_pea
2023-12-05 16:48:55.998034,16523.36,pigeon_pea
2023-12-06 16:48:55.998034,16626.4,pigeon_pea
2023-12-07 16:48:55.998034,16740.68,pigeon_pea
2023-12-08 16:48:55.998034,16879.61,pigeon_pea
2023-12-09 16:48:55.998034,17027.13,pigeon_pea
2023-12-10 16:48:55.998034,17152.6,pigeon_pea
2023-12-11 16:48:55.998034,17294.08,pigeon_pea
2023-12-12 16:48:55.998034,17380.88,pigeon_pea
2023-12-13 16:48:55.998034,17533.52,pigeon_pea
2023-12-14 16:48:55.998034,17728.98,pigeon_pea
2023-12-15 16:48:55.998034,17987.53,pigeon_pea
2023-12-16 16:48:55.998034,18181.44,pigeon_pea
2023-12-17 16:48:55.998034,18271.51,pigeon_pea
2023-12-18 16:48:55.998034,18321.12,pigeon_pea
2023-12-19 16:48:55.998034,18393.2,pigeon_pea
2023-12-20 16:48:55.998034,18494.31,pigeon_pea
2023-12-21 16:48:55.998034,18623.21,pigeon_pea
2023-12-22 16:48:55.998034,18722.13,pigeon_pea
2023-12-23 16:48:55.998034,18789.78,pigeon_pea
2023-12-24 16:48:55.998034,18847.25,pigeon_pea
2023-12-25 16:48:55.998034,18924.71,pigeon_pea
2023-12-26 16:48:55.998034,19030.58,pigeon_pea
2023-12-27 16:48:55.998034,19139.46,pigeon_pea
2023-12-28 16:48:55.998034,19219.43,pigeon_pea
2023-12-29 16:48:55.998034,19280.68,pigeon_pea
2023-12-30 16:48:55.998034,19270.88,pigeon_pea
2023-12-31 16:48:55.998034,19281.86,pigeon_pea
2024-01-01 16:48:55.998034,19251.06,pigeon_pea
2024-01-02 16:48:55.998034,19265.73,pigeon_pea
2024-01-03 16:48:55.998034,19220.21,pigeon_pea
2024-01-04 16:48:55.998034,19182.79,pigeon_pea
2024-01-05 16:48:55.998034,19141.74,pigeon_pea
2024-01-06 16:48:55.998034,19076.93,pigeon_pea
2024-01-07 16:48:55.998034,19018.2,pigeon_pea
2024-01-08 16:48:55.998034,18942.74,pigeon_pea
2024-01-09 16:48:55.998034,18917.2,pigeon_pea
2024-01-10 16:48:55.998034,18955.62,pigeon_pea
2024-01-11 16:48:55.998034,18955.18,pigeon_pea
2024-01-12 16:48:55.998034,18937.98,pigeon_pea
2024-01-13 16:48:55.998034,18897.07,pigeon_pea
2024-01-14 16:48:55.998034,18889.55,pigeon_pea
2024-01-15 16:48:55.998034,18909.37,pigeon_pea
2024-01-16 16:48:55.998034,18881.95,pigeon_pea
2024-01-17 16:48:55.998034,18888.41,pigeon_pea
2024-01-18 16:48:55.998034,18863.79,pigeon_pea
2024-01-19 16:48:55.998034,18843.2,pigeon_pea
2024-01-20 16:48:55.998034,18838.87,pigeon_pea
2024-01-21 16:48:55.998034,18823.13,pigeon_pea
2024-01-22 16:48:55.998034,18858.9,pigeon_pea
2024-01-23 16:48:55.998034,18834.79,pigeon_pea
2024-01-24 16:48:55.998034,18862.67,pigeon_pea
2024-01-25 16:48:55.998034,18826.0,pigeon_pea
2024-01-26 16:48:55.998034,18791.36,pigeon_pea
2024-01-27 16:48:55.998034,18748.87,pigeon_pea
2024-01-28 16:48:55.998034,18733.89,pigeon_pea
2024-01-29 16:48:55.998034,18760.83,pigeon_pea
2024-01-30 16:48:55.998034,18749.3,pigeon_pea
2024-01-31 16:48:55.998034,18663.4,pigeon_pea
2024-02-01 16:48:55.998034,18518.52,pigeon_pea
2024-02-02 16:48:55.998034,18426.74,pigeon_pea
2024-02-03 16:48:55.998034,18376.47,pigeon_pea
2024-02-04 16:48:55.998034,18345.33,pigeon_pea
2024-02-05 16:48:55.998034,18293.76,pigeon_pea
2024-02-06 16:48:55.998034,18227.04,pigeon_pea
2024-02-07 16:48:55.998034,18177.58,pigeon_pea
2024-02-08 16:48:55.998034,18069.63,pigeon_pea
2024-02-09 16:48:55.998034,17956.25,pigeon_pea
2024-02-10 16:48:55.998034,17762.84,pigeon_pea
2024-02-11 16:48:55.998034,17551.73,pigeon_pea
2024-02-12 16:48:55.998034,17363.08,pigeon_pea
2024-02-13 16:48:55.998034,17205.57,pigeon_pea
2024-02-14 16:48:55.998034,17108.0,pigeon_pea
2024-02-15 16:48:55.998034,17028.41,pigeon_pea
2024-02-16 16:48:55.998034,16974.24,pigeon_pea
2024-02-17 16:48:55.998034,16913.96,pigeon_pea
2024-02-18 16:48:55.998034,16829.15,pigeon_pea
2024-02-19 16:48:55.998034,16764.21,pigeon_pea
2024-02-20 16:48:55.998034,16679.68,pigeon_pea
2024-02-21 16:48:55.998034,16627.24,pigeon_pea
2024-02-22 16:48:55.998034,16594.72,pigeon_pea
2024-02-23 16:48:55.998034,16577.98,pigeon_pea
2024-02-24 16:48:55.998034,16538.45,pigeon_pea
2024-02-25 16:48:55.998034,16510.91,pigeon_pea
2024-02-26 16:48:55.998034,16474.09,pigeon_pea
2024-02-27 16:48:55.998034,16452.83,pigeon_pea
2024-02-28 16:48:55.998034,16349.54,pigeon_pea
2024-02-29 16:48:55.998034,16210.43,pigeon_pea
2024-03-01 16:48:55.998034,15998.87,pigeon_pea
2024-03-02 16:48:55.998034,15735.87,pigeon_pea
2024-03-03 16:48:55.998034,15414.22,pigeon_pea
2024-03-04 16:48:55.998034,15060.04,pigeon_pea
2024-03-05 16:48:55.998034,14713.74,pigeon_pea
2024-03-06 16:48:55.998034,14426.34,pigeon_pea
2024-03-07 16:48:55.998034,14144.3,pigeon_pea
2024-03-08 16:48:55.998034,13887.24,pigeon_pea
2024-03-09 16:48:55.998034,13598.71,pigeon_pea
2024-03-10 16:48:55.998034,13350.31,pigeon_pea
2024-03-11 16:48:55.998034,13060.85,pigeon_pea
2024-03-12 16:48:55.998034,12816.89,pigeon_pea
2024-03-13 16:48:55.998034,12597.09,pigeon_pea
2024-03-14 16:48:55.998034,12424.23,pigeon_pea
2024-03-15 16:48:55.998034,12213.04,pigeon_pea
2024-03-16 16:48:55.998034,11977.97,pigeon_pea
2024-03-17 16:48:55.998034,11782.03,pigeon_pea
2024-03-18 16:48:55.998034,11629.6,pigeon_pea
2024-03-19 16:48:55.998034,11537.68,pigeon_pea
2024-03-20 16:48:55.998034,11388.14,pigeon_pea
2024-03-21 16:48:55.998034,11250.8,pigeon_pea
2024-03-22 16:48:55.998034,11067.81,pigeon_pea
2024-03-23 16:48:55.998034,10867.48,pigeon_pea
2024-03-24 16:48:55.998034,10629.51,pigeon_pea
2024-03-25 16:48:55.998034,10434.92,pigeon_pea
2024-03-26 16:48:55.998034,10317.36,pigeon_pea
2024-03-27 16:48:55.998034,10232.57,pigeon_pea
2024-03-28 16:48:55.998034,10079.0,pigeon_pea
2024-03-29 16:48:55.998034,9892.96,pigeon_pea
2024-03-30 16:48:55.998034,9709.7,pigeon_pea
2024-03-31 16:48:55.998034,9540.05,pigeon_pea
2024-04-01 16:48:55.998034,9343.02,pigeon_pea
2024-04-02 16:48:55.998034,9048.74,pigeon_pea
2024-04-03 16:48:55.998034,8734.52,pigeon_pea
2024-04-04 16:48:55.998034,8394.1,pigeon_pea
2024-04-05 16:48:55.998034,8089.33,pigeon_pea
2024-04-06 16:48:55.998034,7760.35,pigeon_pea
2024-04-07 16:48:55.998034,7466.22,pigeon_pea
2024-04-08 16:48:55.998034,7158.27,pigeon_pea
2024-04-09 16:48:55.998034,6865.6,pigeon_pea
2024-04-10 16:48:55.998034,6525.33,pigeon_pea
2024-04-11 16:48:55.998034,6222.72,pigeon_pea
2024-04-12 16:48:55.998034,5982.6,pigeon_pea
2024-04-13 16:48:55.998034,5792.01,pigeon_pea
2024-04-14 16:48:55.998034,5589.2,pigeon_pea
2024-04-15 16:48:55.998034,5347.76,pigeon_pea
2024-04-16 16:48:55.998034,5121.08,pigeon_pea
2024-04-17 16:48:55.998034,4926.02,pigeon_pea
2024-04-18 16:48:55.998034,4726.27,pigeon_pea
2024-04-19 16:48:55.998034,4563.48,pigeon_pea
2024-04-20 16:48:55.998034,4394.6,pigeon_pea
2024-04-21 16:48:55.998034,4223.31,pigeon_pea
2024-04-22 16:48:55.998034,4007.7,pigeon_pea
2024-04-23 16:48:55.998034,3767.45,pigeon_pea
2024-04-24 16:48:55.998034,3516.28,pigeon_pea
2024-04-25 16:48:55.998034,3320.48,pigeon_pea
2024-04-26 16:48:55.998034,3148.07,pigeon_pea
2024-04-27 16:48:55.998034,3077.92,pigeon_pea
2024-04-28 16:48:55.998034,2976.77,pigeon_pea
2024-04-29 16:48:55.998034,2940.54,pigeon_pea
2024-04-30 16:48:55.998034,2900.0,pigeon_pea
2024-05-01 16:48:55.998034,2900.0,pigeon_pea
2024-05-02 16:48:55.998034,2900.0,pigeon_pea
2024-05-03 16:48:55.998034,2900.0,pigeon_pea
2024-05-04 16:48:55.998034,2900.0,pigeon_pea
2024-05-05 16:48:55.998034,2900.0,pigeon_pea
2024-05-06 16:48:55.998034,2900.0,pigeon_pea
2024-05-07 16:48:55.998034,2900.0,pigeon_pea
2024-05-08 16:48:55.998034,2900.0,pigeon_pea
2024-05-09 16:48:55.998034,2900.0,pigeon_pea
2024-05-10 16:48:55.998034,2900.0,pigeon_pea
2024-05-11 16:48:55.998034,2900.0,pigeon_pea
2024-05-12 16:48:55.998034,2900.0,pigeon_pea
2024-05-13 16:48:55.998034,2900.0,pigeon_pea
2024-05-14 16:48:55.998034,2900.0,pigeon_pea
2024-05-15 16:48:55.998034,2900.0,pigeon_pea
2024-05-16 16:48:55.998034,2900.0,pigeon_pea
2024-05-17 16:48:55.998034,2900.0,pigeon_pea
2024-05-18 16:48:55.998034,2900.0,pigeon_pea
2024-05-19 16:48:55.998034,2900.0,pigeon_pea
2024-05-20 16:48:55.998034,2900.0,pigeon_pea
2024-05-21 16:48:55.998034,2900.0,pigeon_pea
2024-05-22 16:48:55.998034,2900.0,pigeon_pea
2024-05-23 16:48:55.998034,2900.0,pigeon_pea
2024-05-24 16:48:55.998034,2900.0,pigeon_pea
2024-05-25 16:48:55.998034,2900.0,pigeon_pea
2024-05-26 16:48:55.998034,2900.0,pigeon_pea
2024-05-27 16:48:55.998034,2900.0,pigeon_pea
2024-05-28 16:48:55.998034,2900.0,pigeon_pea
2024-05-29 16:48:55.998034,2900.0,pigeon_pea
2024-05-30 16:48:55.998034,2900.0,pigeon_pea
2024-05-31 16:48:55.998034,2900.0,pigeon_pea
2024-06-01 16:48:55.998034,2900.0,pigeon_pea
2024-06-02 16:48:55.998034,2900.0,pigeon_pea
2024-06-03 16:48:55.998034,2900.0,pigeon_pea
2024-06-04 16:48:55.998034,2900.0,pigeon_pea
2024-06-05 16:48:55.998034,2900.0,pigeon_pea
2024-06-06 16:48:55.998034,2900.0,pigeon_pea
2024-06-07 16:48:55.998034,2900.0,pigeon_pea
2024-06-08 16:48:55.998034,2900.0,pigeon_pea
2024-06-09 16:48:55.998034,2900.0,pigeon_pea
2024-06-10 16:48:55.998034,2900.0,pigeon_pea
2024-06-11 16:48:55.998034,2900.0,pigeon_pea
2024-06-12 16:48:55.998034,2900.0,pigeon_pea
2024-06-13 16:48:55.998034,2900.0,pigeon_pea
2024-06-14 16:48:55.998034,2900.0,pigeon_pea
2024-06-15 16:48:55.998034,2900.0,pigeon_pea
2024-06-16 16:48:55.998034,2900.0,pigeon_pea
2024-06-17 16:48:55.998034,2900.0,pigeon_pea
2024-06-18 16:48:55.998034,2900.0,pigeon_pea
2024-06-19 16:48:55.998034,2900.0,pigeon_pea
2024-06-20 16:48:55.998034,2900.0,pigeon_pea
2024-06-21 16:48:55.998034,2900.0,pigeon_pea
2024-06-22 16:48:55.998034,2900.0,pigeon_pea
2024-06-23 16:48:55.998034,2900.0,pigeon_pea
2024-06-24 16:48:55.998034,2900.0,pigeon_pea
2024-06-25 16:48:55.998034,2900.0,pigeon_pea
2024-06-26 16:48:55.998034,2900.0,pigeon_pea
2024-06-27 16:48:55.998034,2900.0,pigeon_pea
2024-06-28 16:48:55.998034,2900.0,pigeon_pea
2024-06-29 16:48:55.998034,2900.0,pigeon_pea
2024-06-30 16:48:55.998034,2900.0,pigeon_pea
2024-07-01 16:48:55.998034,2900.0,pigeon_pea
2024-07-02 16:48:55.998034,2900.0,pigeon_pea
2024-07-03 16:48:55.998034,2900.0,pigeon_pea
2024-07-04 16:48:55.998034,2900.0,pigeon_pea
2024-07-05 16:48:55.998034,2900.0,pigeon_pea
2024-07-06 16:48:55.998034,2900.0,pigeon_pea
2024-07-07 16:48:55.998034,2900.0,pigeon_pea
2024-07-08 16:48:55.998034,2900.0,pigeon_pea
2024-07-09 16:48:55.998034,2900.0,pigeon_pea
2024-07-10 16:48:55.998034,2900.0,pigeon_pea
2024-07-11 16:48:55.998034,2900.0,pigeon_pea
2024-07-12 16:48:55.998034,2900.0,pigeon_pea
2024-07-13 16:48:55.998034,2900.0,pigeon_pea
2024-07-14 16:48:55.998034,2900.0,pigeon_pea
2024-07-15 16:48:55.998034,2900.0,pigeon_pea
2024-07-16 16:48:55.998034,2900.0,pigeon_pea
2024-07-17 16:48:55.998034,2900.0,pigeon_pea
2024-07-18 16:48:55.998034,2900.0,pigeon_pea
2024-07-19 16:48:55.998034,2900.0,pigeon_pea
2024-07-20 16:48:55.998034,2900.0,pigeon_pea
2024-07-21 16:48:55.998034,2900.0,pigeon_pea
2024-07-22 16:48:55.998034,2900.0,pigeon_pea
2024-07-23 16:48:55.998034,2900.0,pigeon_pea
2024-07-24 16:48:55.998034,2900.0,pigeon_pea
2024-07-25 16:48:55.998034,2900.0,pigeon_pea
2024-07-26 16:48:55.998034,2900.0,pigeon_pea
2024-07-27 16:48:55.998034,2900.0,pigeon_pea
2024-07-28 16:48:55.998034,2900.0,pigeon_pea
2024-07-29 16:48:55.998034,2900.0,pigeon_pea
2024-07-30 16:48:55.998034,2900.0,pigeon_pea
2024-07-31 16:48:55.998034,2900.0,pigeon_pea
2024-08-01 16:48:55.998034,2900.0,pigeon_pea
2024-08-02 16:48:55.998034,2900.0,pigeon_pea
2024-08-03 16:48:55.998034,2900.0,pigeon_pea
2024-08-04 16:48:55.998034,2900.0,pigeon_pea
2024-08-05 16:48:55.998034,2900.0,pigeon_pea
2024-08-06 16:48:55.998034,2900.0,pigeon_pea
2024-08-07 16:48:55.998034,2900.0,pigeon_pea
2024-08-08 16:48:55.998034,2900.0,pigeon_pea
2024-08-09 16:48:55.998034,2900.0,pigeon_pea
2024-08-10 16:48:55.998034,2900.0,pigeon_pea
2024-08-11 16:48:55.998034,2900.0,pigeon_pea
2024-08-12 16:48:55.998034,2900.0,pigeon_pea
2024-08-13 16:48:55.998034,2904.18,pigeon_pea
2024-08-14 16:48:55.998034,2904.18,pigeon_pea
2024-08-15 16:48:55.998034,2904.18,pigeon_pea
2024-08-16 16:48:55.998034,2900.0,pigeon_pea
2024-08-17 16:48:55.998034,2900.0,pigeon_pea
2024-08-18 16:48:55.998034,2900.0,pigeon_pea
2024-08-19 16:48:55.998034,2900.0,pigeon_pea
2024-08-20 16:48:55.998034,2900.0,pigeon_pea
2024-08-21 16:48:55.998034,2900.0,pigeon_pea
2024-08-22 16:48:55.998034,2900.0,pigeon_pea
2024-08-23 16:48:55.998034,2900.0,pigeon_pea
2024-08-24 16:48:55.998034,2900.0,pigeon_pea
2024-08-25 16:48:55.998034,2900.0,pigeon_pea
2024-08-26 16:48:55.998034,2900.0,pigeon_pea
2024-08-27 16:48:55.998034,2900.0,pigeon_pea
2024-08-28 16:48:55.998034,2900.0,pigeon_pea
2024-08-29 16:48:55.998034,2900.0,pigeon_pea
2024-08-30 16:48:55.998034,2900.0,pigeon_pea
2024-08-31 16:48:55.998034,2955.2,pigeon_pea
2024-09-01 16:48:55.998034,2992.09,pigeon_pea
2024-09-02 16:48:55.998034,3078.3,pigeon_pea
2024-09-03 16:48:55.998034,3114.67,pigeon_pea
2024-09-04 16:48:55.998034,3209.02,pigeon_pea
2024-09-05 16:48:55.998034,3282.65,pigeon_pea
2024-09-06 16:48:55.998034,3408.75,pigeon_pea
2024-09-07 16:48:55.998034,3489.53,pigeon_pea
2024-09-08 16:48:55.998034,3566.94,pigeon_pea
2024-09-09 16:48:55.998034,3626.69,pigeon_pea
2024-09-10 16:48:55.998034,3699.17,pigeon_pea
2024-09-11 16:48:55.998034,3788.61,pigeon_pea
2024-09-12 16:48:55.998034,3803.86,pigeon_pea
2024-09-13 16:48:55.998034,3854.24,pigeon_pea
2024-09-14 16:48:55.998034,3909.6,pigeon_pea
2024-09-15 16:48:55.998034,3994.48,pigeon_pea
2024-09-16 16:48:55.998034,4024.04,pigeon_pea
2024-09-17 16:48:55.998034,4032.72,pigeon_pea
2024-09-18 16:48:55.998034,4021.68,pigeon_pea
2024-09-19 16:48:55.998034,4003.95,pigeon_pea
2024-09-20 16:48:55.998034,3919.44,pigeon_pea
2024-09-21 16:48:55.998034,3844.86,pigeon_pea
2024-09-22 16:48:55.998034,3854.9,pigeon_pea
2024-09-23 16:48:55.998034,3967.76,pigeon_pea
2024-09-24 16:48:55.998034,4056.62,pigeon_pea
2024-09-25 16:48:55.998034,4108.37,pigeon_pea
2024-09-26 16:48:55.998034,4126.14,pigeon_pea
2024-09-27 16:48:55.998034,4187.59,pigeon_pea
2024-09-28 16:48:55.998034,4230.85,pigeon_pea
2024-09-29 16:48:55.998034,4303.2,pigeon_pea
2024-09-30 16:48:55.998034,4465.71,pigeon_pea
2024-10-01 16:48:55.998034,4684.02,pigeon_pea
2024-10-02 16:48:55.998034,4965.04,pigeon_pea
2024-10-03 16:48:55.998034,5205.31,pigeon_pea
2024-10-04 16:48:55.998034,5438.42,pigeon_pea
2024-10-05 16:48:55.998034,5644.72,pigeon_pea
2024-10-06 16:48:55.998034,5846.79,pigeon_pea
2024-10-07 16:48:55.998034,6048.18,pigeon_pea
2024-10-08 16:48:55.998034,6192.29,pigeon_pea
2024-10-09 16:48:55.998034,6374.62,pigeon_pea
2024-10-10 16:48:55.998034,6574.97,pigeon_pea
2024-10-11 16:48:55.998034,6781.24,pigeon_pea
2024-10-12 16:48:55.998034,7018.21,pigeon_pea
2024-10-13 16:48:55.998034,7286.07,pigeon_pea
2024-10-14 16:48:55.998034,7586.86,pigeon_pea
2024-10-15 16:48:55.998034,7825.16,pigeon_pea
2024-10-16 16:48:55.998034,8004.28,pigeon_pea
2024-10-17 16:48:55.998034,8161.16,pigeon_pea
2024-10-18 16:48:55.998034,8280.56,pigeon_pea
2024-10-19 16:48:55.998034,8424.72,pigeon_pea
2024-10-20 16:48:55.998034,8623.64,pigeon_pea
2024-10-21 16:48:55.998034,8829.68,pigeon_pea
2024-10-22 16:48:55.998034,9011.36,pigeon_pea
2024-10-23 16:48:55.998034,9116.39,pigeon_pea
2024-10-24 16:48:55.998034,9240.53,pigeon_pea
2024-10-25 16:48:55.998034,9365.01,pigeon_pea
2024-10-26 16:48:55.998034,9484.12,pigeon_pea
2024-10-27 16:48:55.998034,9603.67,pigeon_pea
2024-10-28 16:48:55.998034,9727.07,pigeon_pea
2024-10-29 16:48:55.998034,9854.46,pigeon_pea
2024-10-30 16:48:55.998034,9958.62,pigeon_pea
2024-10-31 16:48:55.998034,10185.42,pigeon_pea
2024-11-01 16:48:55.998034,10483.85,pigeon_pea
2024-11-02 16:48:55.998034,10748.76,pigeon_pea
2024-11-03 16:48:55.998034,10973.24,pigeon_pea
2024-11-04 16:48:55.998034,11243.04,pigeon_pea
2024-11-05 16:48:55.998034,11575.86,pigeon_pea
2024-11-06 16:48:55.998034,11856.73,pigeon_pea
2024-11-07 16:48:55.998034,12063.6,pigeon_pea
2024-11-08 16:48:55.998034,12314.93,pigeon_pea
2024-11-09 16:48:55.998034,12541.98,pigeon_pea
2024-11-10 16:48:55.998034,12802.01,pigeon_pea
2024-11-11 16:48:55.998034,13055.0,pigeon_pea
2024-11-12 16:48:55.998034,13305.31,pigeon_pea
2024-11-13 16:48:55.998034,13505.03,pigeon_pea
2024-11-14 16:48:55.998034,13704.75,pigeon_pea
2024-11-15 16:48:55.998034,13895.12,pigeon_pea
2024-11-16 16:48:55.998034,14142.25,pigeon_pea
2024-11-17 16:48:55.998034,14326.49,pigeon_pea
2024-11-18 16:48:55.998034,14522.07,pigeon_pea
2024-11-19 16:48:55.998034,14662.43,pigeon_pea
2024-11-20 16:48:55.998034,14798.35,pigeon_pea
2024-11-21 16:48:55.998034,14939.95,pigeon_pea
2024-11-22 16:48:55.998034,15094.51,pigeon_pea
2024-11-23 16:48:55.998034,15313.14,pigeon_pea
2024-11-24 16:48:55.998034,15461.4,pigeon_pea
2024-11-25 16:48:55.998034,15573.17,pigeon_pea
2024-11-26 16:48:55.998034,15650.39,pigeon_pea
2024-11-27 16:48:55.998034,15744.54,pigeon_pea
2024-11-28 16:48:55.998034,15844.05,pigeon_pea
2024-11-29 16:48:55.998034,15982.28,pigeon_pea
2024-11-30 16:48:55.998034,16157.47,pigeon_pea
2024-12-01 16:48:55.998034,16349.89,pigeon_pea
2024-12-02 16:48:55.998034,16504.42,pigeon_pea
2024-12-03 16:48:55.998034,16627.03,pigeon_pea
2024-12-04 16:48:55.998034,16759.25,pigeon_pea
2024-12-05 16:48:55.998034,16887.27,pigeon_pea
2024-12-06 16:48:55.998034,17039.39,pigeon_pea
2024-12-07 16:48:55.998034,17200.59,pigeon_pea
2024-12-08 16:48:55.998034,17329.1,pigeon_pea
2024-12-09 16:48:55.998034,17492.91,pigeon_pea
2024-12-10 16:48:55.998034,17642.12,pigeon_pea
2024-12-11 16:48:55.998034,17821.99,pigeon_pea
2024-12-12 16:48:55.998034,17962.57,pigeon_pea
2024-12-13 16:48:55.998034,18088.78,pigeon_pea
2024-12-14 16:48:55.998034,18252.98,pigeon_pea
2024-12-15 16:48:55.998034,18382.93,pigeon_pea
2024-12-16 16:48:55.998034,18514.14,pigeon_pea
2024-12-17 16:48:55.998034,18574.44,pigeon_pea
2024-12-18 16:48:55.998034,18733.36,pigeon_pea
2024-12-19 16:48:55.998034,18863.99,pigeon_pea
2024-12-20 16:48:55.998034,18999.99,pigeon_pea
2024-12-21 16:48:55.998034,19111.29,pigeon_pea
2024-12-22 16:48:55.998034,19225.79,pigeon_pea
2024-12-23 16:48:55.998034,19392.68,pigeon_pea
2024-12-24 16:48:55.998034,19516.25,pigeon_pea
2024-12-25 16:48:55.998034,19573.62,pigeon_pea
2024-12-26 16:48:55.998034,19596.21,pigeon_pea
2024-12-27 16:48:55.998034,19587.19,pigeon_pea
2024-12-28 16:48:55.998034,19656.02,pigeon_pea
2024-12-29 16:48:55.998034,19714.74,pigeon_pea
2024-12-30 16:48:55.998034,19754.75,pigeon_pea
2024-12-31 16:48:55.998034,19708.76,pigeon_pea
2025-01-01 16:48:55.998034,19671.95,pigeon_pea
2025-01-02 16:48:55.998034,19638.94,pigeon_pea
2025-01-03 16:48:55.998034,19621.25,pigeon_pea
2025-01-04 16:48:55.998034,19567.75,pigeon_pea
2025-01-05 16:48:55.998034,19552.18,pigeon_pea
2025-01-06 16:48:55.998034,19557.07,pigeon_pea
2025-01-07 16:48:55.998034,19528.36,pigeon_pea
2025-01-08 16:48:55.998034,19522.49,pigeon_pea
2025-01-09 16:48:55.998034,19504.88,pigeon_pea
2025-01-10 16:48:55.998034,19516.42,pigeon_pea
2025-01-11 16:48:55.998034,19458.07,pigeon_pea
2025-01-12 16:48:55.998034,19438.41,pigeon_pea
2025-01-13 16:48:55.998034,19474.17,pigeon_pea
2025-01-14 16:48:55.998034,19555.06,pigeon_pea
2025-01-15 16:48:55.998034,19610.86,pigeon_pea
2025-01-16 16:48:55.998034,19657.64,pigeon_pea
2025-01-17 16:48:55.998034,19688.04,pigeon_pea
2025-01-18 16:48:55.998034,19759.77,pigeon_pea
2025-01-19 16:48:55.998034,19786.79,pigeon_pea
2025-01-20 16:48:55.998034,19798.64,pigeon_pea
2025-01-21 16:48:55.998034,19847.93,pigeon_pea
2025-01-22 16:48:55.998034,19892.39,pigeon_pea
2025-01-23 16:48:55.998034,19914.78,pigeon_pea
2025-01-24 16:48:55.998034,19923.91,pigeon_pea
2025-01-25 16:48:55.998034,19930.58,pigeon_pea
2025-01-26 16:48:55.998034,19950.41,pigeon_pea
2025-01-27 16:48:55.998034,19900.56,pigeon_pea
2025-01-28 16:48:55.998034,19849.83,pigeon_pea
2025-01-29 16:48:55.998034,19832.35,pigeon_pea
2025-01-30 16:48:55.998034,19775.49,pigeon_pea
2025-01-31 16:48:55.998034,19680.6,pigeon_pea
2025-02-01 16:48:55.998034,19498.17,pigeon_pea
2025-02-02 16:48:55.998034,19280.83,pigeon_pea
2025-02-03 16:48:55.998034,19031.83,pigeon_pea
2025-02-04 16:48:55.998034,18829.37,pigeon_pea
2025-02-05 16:48:55.998034,18695.62,pigeon_pea
2025-02-06 16:48:55.998034,18528.24,pigeon_pea
2025-02-07 16:48:55.998034,18336.16,pigeon_pea
2025-02-08 16:48:55.998034,18204.17,pigeon_pea
2025-02-09 16:48:55.998034,18143.58,pigeon_pea
2025-02-10 16:48:55.998034,18136.11,pigeon_pea
2025-02-11 16:48:55.998034,18003.18,pigeon_pea
2025-02-12 16:48:55.998034,17899.72,pigeon_pea
2025-02-13 16:48:55.998034,17717.66,pigeon_pea
2025-02-14 16:48:55.998034,17621.56,pigeon_pea
2025-02-15 16:48:55.998034,17517.2,pigeon_pea
2025-02-16 16:48:55.998034,17439.09,pigeon_pea
2025-02-17 16:48:55.998034,17306.04,pigeon_pea
2025-02-18 16:48:55.998034,17176.43,pigeon_pea
2025-02-19 16:48:55.998034,17070.2,pigeon_pea
2025-02-20 16:48:55.998034,17028.53,pigeon_pea
2025-02-21 16:48:55.998034,16972.69,pigeon_pea
2025-02-22 16:48:55.998034,16903.0,pigeon_pea
2025-02-23 16:48:55.998034,16818.42,pigeon_pea
2025-02-24 16:48:55.998034,16724.67,pigeon_pea
2025-02-25 16:48:55.998034,16642.46,pigeon_pea
2025-02-26 16:48:55.998034,16519.88,pigeon_pea
2025-02-27 16:48:55.998034,16443.96,pigeon_pea
2025-02-28 16:48:55.998034,16269.02,pigeon_pea
2025-03-01 16:48:55.998034,16088.57,pigeon_pea
2025-03-02 16:48:55.998034,15851.18,pigeon_pea
2025-03-03 16:48:55.998034,15680.45,pigeon_pea
2025-03-04 16:48:55.998034,15468.97,pigeon_pea
2025-03-05 16:48:55.998034,15209.73,pigeon_pea
2025-03-06 16:48:55.998034,14925.28,pigeon_pea
2025-03-07 16:48:55.998034,14678.73,pigeon_pea
2025-03-08 16:48:55.998034,14469.13,pigeon_pea
2025-03-09 16:48:55.998034,14288.62,pigeon_pea
2025-03-10 16:48:55.998034,14051.16,pigeon_pea
2025-03-11 16:48:55.998034,13844.6,pigeon_pea
2025-03-12 16:48:55.998034,13561.08,pigeon_pea
2025-03-13 16:48:55.998034,13308.41,pigeon_pea
2025-03-14 16:48:55.998034,13008.13,pigeon_pea
2025-03-15 16:48:55.998034,12749.22,pigeon_pea
2025-03-16 16:48:55.998034,12521.97,pigeon_pea
2025-03-17 16:48:55.998034,12290.9,pigeon_pea
2025-03-18 16:48:55.998034,12106.11,pigeon_pea
2025-03-19 16:48:55.998034,11980.44,pigeon_pea
2025-03-20 16:48:55.998034,11922.47,pigeon_pea
2025-03-21 16:48:55.998034,11851.47,pigeon_pea
2025-03-22 16:48:55.998034,11763.43,pigeon_pea
2025-03-23 16:48:55.998034,11629.49,pigeon_pea
2025-03-24 16:48:55.998034,11492.22,pigeon_pea
2025-03-25 16:48:55.998034,11306.98,pigeon_pea
2025-03-26 16:48:55.998034,11160.26,pigeon_pea
2025-03-27 16:48:55.998034,11056.22,pigeon_pea
2025-03-28 16:48:55.998034,11000.52,pigeon_pea
2025-03-29 16:48:55.998034,10927.45,pigeon_pea
2025-03-30 16:48:55.998034,10821.89,pigeon_pea
2025-03-31 16:48:55.998034,10591.72,pigeon_pea
2025-04-01 16:48:55.998034,10215.28,pigeon_pea
2025-04-02 16:48:55.998034,9760.46,pigeon_pea
2025-04-03 16:48:55.998034,9320.3,pigeon_pea
2025-04-04 16:48:55.998034,8960.66,pigeon_pea
2025-04-05 16:48:55.998034,8630.4,pigeon_pea
2025-04-06 16:48:55.998034,8306.69,pigeon_pea
2025-04-07 16:48:55.998034,7982.78,pigeon_pea
2025-04-08 16:48:55.998034,7672.31,pigeon_pea
2025-04-09 16:48:55.998034,7363.0,pigeon_pea
2025-04-10 16:48:55.998034,7114.18,pigeon_pea
2025-04-11 16:48:55.998034,6858.25,pigeon_pea
2025-04-12 16:48:55.998034,6624.87,pigeon_pea
2025-04-13 16:48:55.998034,6330.49,pigeon_pea
2025-04-14 16:48:55.998034,6044.86,pigeon_pea
2025-04-15 16:48:55.998034,5787.47,pigeon_pea
2025-04-16 16:48:55.998034,5551.96,pigeon_pea
2025-04-17 16:48:55.998034,5368.33,pigeon_pea
2025-04-18 16:48:55.998034,5205.87,pigeon_pea
2025-04-19 16:48:55.998034,5048.48,pigeon_pea
2025-04-20 16:48:55.998034,4884.35,pigeon_pea
2025-04-21 16:48:55.998034,4680.43,pigeon_pea
2025-04-22 16:48:55.998034,4521.09,pigeon_pea
2025-04-23 16:48:55.998034,4406.21,pigeon_pea
2025-04-24 16:48:55.998034,4301.82,pigeon_pea
2025-04-25 16:48:55.998034,4201.1,pigeon_pea
2025-04-26 16:48:55.998034,4107.42,pigeon_pea
2025-04-27 16:48:55.998034,4029.61,pigeon_pea
2025-04-28 16:48:55.998034,3935.3,pigeon_pea
2025-04-29 16:48:55.998034,3775.26,pigeon_pea
2025-04-30 16:48:55.998034,3572.12,pigeon_pea
2025-05-01 16:48:55.998034,3306.81,pigeon_pea
2025-05-02 16:48:55.998034,3069.65,pigeon_pea
2025-05-03 16:48:55.998034,2929.69,pigeon_pea
2025-05-04 16:48:55.998034,2900.0,pigeon_pea
2025-05-05 16:48:55.998034,2900.0,pigeon_pea
2025-05-06 16:48:55.998034,2900.0,pigeon_pea
2025-05-07 16:48:55.998034,2900.0,pigeon_pea
2025-05-08 16:48:55.998034,2900.0,pigeon_pea
2025-05-09 16:48:55.998034,2900.0,pigeon_pea
2025-05-10 16:48:55.998034,2900.0,pigeon_pea
2025-05-11 16:48:55.998034,2900.0,pigeon_pea
2025-05-12 16:48:55.998034,2900.0,pigeon_pea
2025-05-13 16:48:55.998034,2900.0,pigeon_pea
2025-05-14 16:48:55.998034,2900.0,pigeon_pea
2025-05-15 16:48:55.998034,2900.0,pigeon_pea
2025-05-16 16:48:55.998034,2900.0,pigeon_pea
2025-05-17 16:48:55.998034,2900.0,pigeon_pea
2025-05-18 16:48:55.998034,2900.0,pigeon_pea
2025-05-19 16:48:55.998034,2900.0,pigeon_pea
2025-05-20 16:48:55.998034,2900.0,pigeon_pea
2025-05-21 16:48:55.998034,2900.0,pigeon_pea
2025-05-22 16:48:55.998034,2900.0,pigeon_pea
2025-05-23 16:48:55.998034,2900.0,pigeon_pea
2025-05-24 16:48:55.998034,2900.0,pigeon_pea
2025-05-25 16:48:55.998034,2900.0,pigeon_pea
2025-05-26 16:48:55.998034,2900.0,pigeon_pea
2025-05-27 16:48:55.998034,2900.0,pigeon_pea
2025-05-28 16:48:55.998034,2900.0,pigeon_pea
2025-05-29 16:48:55.998034,2900.0,pigeon_pea
2025-05-30 16:48:55.998034,2900.0,pigeon_pea
2025-05-31 16:48:55.998034,2900.0,pigeon_pea
2025-06-01 16:48:55.998034,2900.0,pigeon_pea
2025-06-02 16:48:55.998034,2900.0,pigeon_pea
2025-06-03 16:48:55.998034,2900.0,pigeon_pea
2025-06-04 16:48:55.998034,2900.0,pigeon_pea
2025-06-05 16:48:55.998034,2900.0,pigeon_pea
2025-06-06 16:48:55.998034,2900.0,pigeon_pea
2025-06-07 16:48:55.998034,2900.0,pigeon_pea
2025-06-08 16:48:55.998034,2900.0,pigeon_pea
2025-06-09 16:48:55.998034,2900.0,pigeon_pea
2025-06-10 16:48:55.998034,2900.0,pigeon_pea
2025-06-11 16:48:55.998034,2900.0,pigeon_pea
2025-06-12 16:48:55.998034,2900.0,pigeon_pea
2025-06-13 16:48:55.998034,2900.0,pigeon_pea
2025-06-14 16:48:55.998034,2900.0,pigeon_pea
2025-06-15 16:48:55.998034,2900.0,pigeon_pea
2025-06-16 16:48:55.998034,2900.0,pigeon_pea
2025-06-17 16:48:55.998034,2900.0,pigeon_pea
2025-06-18 16:48:55.998034,2900.0,pigeon_pea
2025-06-19 16:48:55.998034,2900.0,pigeon_pea
2025-06-20 16:48:55.998034,2900.0,pigeon_pea
2025-06-21 16:48:55.998034,2900.0,pigeon_pea
2025-06-22 16:48:55.998034,2900.0,pigeon_pea
2025-06-23 16:48:55.998034,2900.0,pigeon_pea
2025-06-24 16:48:55.998034,2900.0,pigeon_pea
2025-06-25 16:48:55.998034,2900.0,pigeon_pea
2025-06-26 16:48:55.998034,2900.0,pigeon_pea
2025-06-27 16:48:55.998034,2900.0,pigeon_pea
2025-06-28 16:48:55.998034,2900.0,pigeon_pea
2025-06-29 16:48:55.998034,2900.0,pigeon_pea
2025-06-30 16:48:55.998034,2900.0,pigeon_pea
2025-07-01 16:48:55.998034,2900.0,pigeon_pea
2025-07-02 16:48:55.998034,2900.0,pigeon_pea
2025-07-03 16:48:55.998034,2900.0,pigeon_pea
2025-07-04 16:48:55.998034,2900.0,pigeon_pea
2025-07-05 16:48:55.998034,2900.0,pigeon_pea
2025-07-06 16:48:55.998034,2900.0,pigeon_pea
2025-07-07 16:48:55.998034,2900.0,pigeon_pea
2025-07-08 16:48:55.998034,2900.0,pigeon_pea
2025-07-09 16:48:55.998034,2900.0,pigeon_pea
2025-07-10 16:48:55.998034,2900.0,pigeon_pea
2025-07-11 16:48:55.998034,2900.0,pigeon_pea
2025-07-12 16:48:55.998034,2900.0,pigeon_pea
2025-07-13 16:48:55.998034,2900.0,pigeon_pea
2025-07-14 16:48:55.998034,2900.0,pigeon_pea
2025-07-15 16:48:55.998034,2900.0,pigeon_pea
2025-07-16 16:48:55.998034,2900.0,pigeon_pea
2025-07-17 16:48:55.998034,2900.0,pigeon_pea
2025-07-18 16:48:55.998034,2900.0,pigeon_pea
2025-07-19 16:48:55.998034,2900.0,pigeon_pea
2025-07-20 16:48:55.998034,2900.0,pigeon_pea
2025-07-21 16:48:55.998034,2900.0,pigeon_pea
2025-07-22 16:48:55.998034,2900.0,pigeon_pea
2025-07-23 16:48:55.998034,2900.0,pigeon_pea
2025-07-24 16:48:55.998034,2900.0,pigeon_pea
2025-07-25 16:48:55.998034,2900.0,pigeon_pea
2025-07-26 16:48:55.998034,2900.0,pigeon_pea
2025-07-27 16:48:55.998034,2900.0,pigeon_pea
2025-07-28 16:48:55.998034,2900.0,pigeon_pea
2025-07-29 16:48:55.998034,2900.0,pigeon_pea
2025-07-30 16:48:55.998034,2900.0,pigeon_pea
2025-07-31 16:48:55.998034,2900.0,pigeon_pea
2025-08-01 16:48:55.998034,2900.0,pigeon_pea
2025-08-02 16:48:55.998034,2900.0,pigeon_pea
2025-08-03 16:48:55.998034,2900.0,pigeon_pea
2025-08-04 16:48:55.998034,2900.0,pigeon_pea
2025-08-05 16:48:55.998034,2900.0,pigeon_pea
2025-08-06 16:48:55.998034,2900.0,pigeon_pea
2025-08-07 16:48:55.998034,2900.0,pigeon_pea
2025-08-08 16:48:55.998034,2900.0,pigeon_pea
2025-08-09 16:48:55.998034,2900.0,pigeon_pea
2025-08-10 16:48:55.998034,2900.0,pigeon_pea
2025-08-11 16:48:55.998034,2900.0,pigeon_pea
2025-08-12 16:48:55.998034,2900.0,pigeon_pea
2025-08-13 16:48:55.998034,2900.0,pigeon_pea
2025-08-14 16:48:55.998034,2900.0,pigeon_pea
2025-08-15 16:48:55.998034,2900.0,pigeon_pea
2025-08-16 16:48:55.998034,2900.0,pigeon_pea
2025-08-17 16:48:55.998034,2900.0,pigeon_pea
2025-08-18 16:48:55.998034,2900.0,pigeon_pea
2025-08-19 16:48:55.998034,2900.0,pigeon_pea
2025-08-20 16:48:55.998034,2900.0,pigeon_pea
2025-08-21 16:48:55.998034,2900.0,pigeon_pea
2025-08-22 16:48:55.998034,2900.0,pigeon_pea
2025-08-23 16:48:55.998034,2900.0,pigeon_pea
2025-08-24 16:48:55.998034,2900.0,pigeon_pea
2025-08-25 16:48:55.998034,2900.0,pigeon_pea
2025-08-26 16:48:55.998034,2900.0,pigeon_pea
2025-08-27 16:48:55.998034,2918.13,pigeon_pea
2025-08-28 16:48:55.998034,2918.13,pigeon_pea
2025-08-29 16:48:55.998034,2918.13,pigeon_pea
2025-08-30 16:48:55.998034,2900.0,pigeon_pea
2025-08-31 16:48:55.998034,2979.18,pigeon_pea
2025-09-01 16:48:55.998034,3070.92,pigeon_pea
2025-09-02 16:48:55.998034,3246.02,pigeon_pea
2025-09-03 16:48:55.998034,3343.22,pigeon_pea
2025-09-04 16:48:55.998034,3438.76,pigeon_pea
2025-09-05 16:48:55.998034,3528.58,pigeon_pea
2025-09-06 16:48:55.998034,3631.2,pigeon_pea
2025-09-07 16:48:55.998034,3761.28,pigeon_pea
2025-09-08 16:48:55.998034,3856.77,pigeon_pea
2025-09-09 16:48:55.998034,3953.07,pigeon_pea
2025-09-10 16:48:55.998034,3998.0,pigeon_pea
2025-09-11 16:48:55.998034,4012.67,pigeon_pea
2025-09-12 16:48:55.998034,3995.29,pigeon_pea
2025-09-13 16:48:55.998034,4007.65,pigeon_pea
2025-09-14 16:48:55.998034,4046.65,pigeon_pea
2025-09-15 16:48:55.998034,4138.99,pigeon_pea
2025-09-16 16:48:55.998034,4245.12,pigeon_pea
2025-09-17 16:48:55.998034,4378.46,pigeon_pea
2025-09-18 16:48:55.998034,4545.63,pigeon_pea
2025-09-19 16:48:55.998034,4687.26,pigeon_pea
2025-09-20 16:48:55.998034,4751.86,pigeon_pea
2025-09-21 16:48:55.998034,4735.24,pigeon_pea
2025-09-22 16:48:55.998034,4756.02,pigeon_pea
2025-09-23 16:48:55.998034,4809.29,pigeon_pea
2025-09-24 16:48:55.998034,4884.84,pigeon_pea
2025-09-25 16:48:55.998034,4932.02,pigeon_pea
2025-09-26 16:48:55.998034,4942.26,pigeon_pea
2025-09-27 16:48:55.998034,4910.39,pigeon_pea
2025-09-28 16:48:55.998034,4888.3,pigeon_pea
2025-09-29 16:48:55.998034,4888.28,pigeon_pea
2025-09-30 16:48:55.998034,4989.26,pigeon_pea
2025-10-01 16:48:55.998034,5153.3,pigeon_pea
2025-10-02 16:48:55.998034,5358.94,pigeon_pea
2025-10-03 16:48:55.998034,5605.0,pigeon_pea
2025-10-04 16:48:55.998034,5876.84,pigeon_pea
2025-10-05 16:48:55.998034,6196.76,pigeon_pea
2025-10-06 16:48:55.998034,6491.72,pigeon_pea
2025-10-07 16:48:55.998034,6770.05,pigeon_pea
2025-10-08 16:48:55.998034,7029.29,pigeon_pea
2025-10-09 16:48:55.998034,7236.71,pigeon_pea
2025-10-10 16:48:55.998034,7384.01,pigeon_pea
2025-10-11 16:48:55.998034,7527.98,pigeon_pea
2025-10-12 16:48:55.998034,7719.57,pigeon_pea
2025-10-13 16:48:55.998034,7907.1,pigeon_pea
2025-10-14 16:48:55.998034,8079.37,pigeon_pea
2025-10-15 16:48:55.998034,8254.15,pigeon_pea
2025-10-16 16:48:55.998034,8458.08,pigeon_pea
2025-10-17 16:48:55.998034,8666.3,pigeon_pea
2025-10-18 16:48:55.998034,8810.86,pigeon_pea
2025-10-19 16:48:55.998034,8958.22,pigeon_pea
2025-10-20 16:48:55.998034,9105.17,pigeon_pea
2025-10-21 16:48:55.998034,9252.27,pigeon_pea
2025-10-22 16:48:55.998034,9356.25,pigeon_pea
2025-10-23 16:48:55.998034,9406.12,pigeon_pea
2025-10-24 16:48:55.998034,9517.78,pigeon_pea
2025-10-25 16:48:55.998034,9660.25,pigeon_pea
2025-10-26 16:48:55.998034,9857.24,pigeon_pea
2025-10-27 16:48:55.998034,9987.01,pigeon_pea
2025-10-28 16:48:55.998034,10087.22,pigeon_pea
2025-10-29 16:48:55.998034,10163.82,pigeon_pea
2025-10-30 16:48:55.998034,10239.12,pigeon_pea
2025-10-31 16:48:55.998034,10409.6,pigeon_pea
2025-11-01 16:48:55.998034,10620.44,pigeon_pea
2025-11-02 16:48:55.998034,10946.4,pigeon_pea
2025-11-03 16:48:55.998034,11199.4,pigeon_pea
2025-11-04 16:48:55.998034,11480.62,pigeon_pea
2025-11-05 16:48:55.998034,11699.35,pigeon_pea
2025-11-06 16:48:55.998034,11928.93,pigeon_pea
2025-11-07 16:48:55.998034,12185.96,pigeon_pea
2025-11-08 16:48:55.998034,12451.71,pigeon_pea
2025-11-09 16:48:55.998034,12705.76,pigeon_pea
2025-11-10 16:48:55.998034,12923.79,pigeon_pea
2025-11-11 16:48:55.998034,13113.07,pigeon_pea
2025-11-12 16:48:55.998034,13314.5,pigeon_pea
2025-11-13 16:48:55.998034,13509.37,pigeon_pea
2025-11-14 16:48:55.998034,13722.97,pigeon_pea
2025-11-15 16:48:55.998034,13994.51,pigeon_pea
2025-11-16 16:48:55.998034,14225.82,pigeon_pea
2025-11-17 16:48:55.998034,14380.04,pigeon_pea
2025-11-18 16:48:55.998034,14464.29,pigeon_pea
2025-11-19 16:48:55.998034,14561.79,pigeon_pea
2025-11-20 16:48:55.998034,14749.11,pigeon_pea
2025-11-21 16:48:55.998034,14959.34,pigeon_pea
2025-11-22 16:48:55.998034,15158.33,pigeon_pea
2025-11-23 16:48:55.998034,15303.8,pigeon_pea
2025-11-24 16:48:55.998034,15463.15,pigeon_pea
2025-11-25 16:48:55.998034,15618.47,pigeon_pea
2025-11-26 16:48:55.998034,15876.52,pigeon_pea
2025-11-27 16:48:55.998034,16053.91,pigeon_pea
2025-11-28 16:48:55.998034,16230.5,pigeon_pea
2025-11-29 16:48:55.998034,16349.95,pigeon_pea
2025-11-30 16:48:55.998034,16506.91,pigeon_pea
2025-12-01 16:48:55.998034,16696.11,pigeon_pea
2025-12-02 16:48:55.998034,16878.03,pigeon_pea
2025-12-03 16:48:55.998034,17070.7,pigeon_pea
2025-12-04 16:48:55.998034,17186.42,pigeon_pea
2025-12-05 16:48:55.998034,17256.32,pigeon_pea
2025-12-06 16:48:55.998034,17340.34,pigeon_pea
2025-12-07 16:48:55.998034,17422.32,pigeon_pea
2025-12-08 16:48:55.998034,17550.56,pigeon_pea
2025-12-09 16:48:55.998034,17666.04,pigeon_pea
2025-12-10 16:48:55.998034,17859.07,pigeon_pea
2025-12-11 16:48:55.998034,18053.5,pigeon_pea
2025-12-12 16:48:55.998034,18250.46,pigeon_pea
2025-12-13 16:48:55.998034,18416.89,pigeon_pea
2025-12-14 16:48:55.998034,18586.84,pigeon_pea
2025-12-15 16:48:55.998034,18747.02,pigeon_pea
2025-12-16 16:48:55.998034,18911.77,pigeon_pea
2025-12-17 16:48:55.998034,19030.28,pigeon_pea
2025-12-18 16:48:55.998034,19126.78,pigeon_pea
2025-12-19 16:48:55.998034,19225.95,pigeon_pea
2025-12-20 16:48:55.998034,19374.79,pigeon_pea
2025-12-21 16:48:55.998034,19505.49,pigeon_pea
2025-12-22 16:48:55.998034,19545.84,pigeon_pea
2025-12-23 16:48:55.998034,19542.3,pigeon_pea
2025-12-24 16:48:55.998034,19552.35,pigeon_pea
2025-12-25 16:48:55.998034,19642.83,pigeon_pea
2025-12-26 16:48:55.998034,19740.65,pigeon_pea
2025-12-27 16:48:55.998034,19866.16,pigeon_pea
2025-12-28 16:48:55.998034,19939.92,pigeon_pea
2025-12-29 16:48:55.998034,20030.77,pigeon_pea
2025-12-30 16:48:55.998034,20087.98,pigeon_pea
2025-12-31 16:48:55.998034,20126.67,pigeon_pea
2026-01-01 16:48:55.998034,20127.96,pigeon_pea
2026-01-02 16:48:55.998034,20057.05,pigeon_pea
2026-01-03 16:48:55.998034,19973.23,pigeon_pea
2026-01-04 16:48:55.998034,19918.86,pigeon_pea
2026-01-05 16:48:55.998034,19932.44,pigeon_pea
2026-01-06 16:48:55.998034,19979.5,pigeon_pea
2026-01-07 16:48:55.998034,20009.17,pigeon_pea
2026-01-08 16:48:55.998034,20003.18,pigeon_pea
2026-01-09 16:48:55.998034,19992.05,pigeon_pea
2026-01-10 16:48:55.998034,19969.14,pigeon_pea
2026-01-11 16:48:55.998034,19938.31,pigeon_pea
2026-01-12 16:48:55.998034,19867.97,pigeon_pea
2026-01-13 16:48:55.998034,19785.67,pigeon_pea
2026-01-14 16:48:55.998034,19752.13,pigeon_pea
2026-01-15 16:48:55.998034,19727.22,pigeon_pea
2026-01-16 16:48:55.998034,19712.46,pigeon_pea
2026-01-17 16:48:55.998034,19722.43,pigeon_pea
2026-01-18 16:48:55.998034,19754.53,pigeon_pea
2026-01-19 16:48:55.998034,19762.75,pigeon_pea
2026-01-20 16:48:55.998034,19699.44,pigeon_pea
2026-01-21 16:48:55.998034,19646.86,pigeon_pea
2026-01-22 16:48:55.998034,19621.88,pigeon_pea
2026-01-23 16:48:55.998034,19637.86,pigeon_pea
2026-01-24 16:48:55.998034,19677.12,pigeon_pea
2026-01-25 16:48:55.998034,19716.34,pigeon_pea
2026-01-26 16:48:55.998034,19745.98,pigeon_pea
2026-01-27 16:48:55.998034,19746.79,pigeon_pea
2026-01-28 16:48:55.998034,19746.98,pigeon_pea
2026-01-29 16:48:55.998034,19798.02,pigeon_pea
2026-01-30 16:48:55.998034,19841.76,pigeon_pea
2026-01-31 16:48:55.998034,19802.85,pigeon_pea
2026-02-01 16:48:55.998034,19722.88,pigeon_pea
2026-02-02 16:48:55.998034,19626.72,pigeon_pea
2026-02-03 16:48:55.998034,19526.8,pigeon_pea
2026-02-04 16:48:55.998034,19431.15,pigeon_pea
2026-02-05 16:48:55.998034,19302.31,pigeon_pea
2026-02-06 16:48:55.998034,19158.16,pigeon_pea
2026-02-07 16:48:55.998034,18976.76,pigeon_pea
2026-02-08 16:48:55.998034,18794.99,pigeon_pea
2026-02-09 16:48:55.998034,18595.18,pigeon_pea
2026-02-10 16:48:55.998034,18315.35,pigeon_pea
2026-02-11 16:48:55.998034,18054.3,pigeon_pea
2026-02-12 16:48:55.998034,17898.73,pigeon_pea
2026-02-13 16:48:55.998034,17812.24,pigeon_pea
2026-02-14 16:48:55.998034,17747.64,pigeon_pea
2026-02-15 16:48:55.998034,17645.1,pigeon_pea
2026-02-16 16:48:55.998034,17569.68,pigeon_pea
2026-02-17 16:48:55.998034,17508.48,pigeon_pea
2026-02-18 16:48:55.998034,17488.19,pigeon_pea
2026-02-19 16:48:55.998034,17446.18,pigeon_pea
2026-02-20 16:48:55.998034,17436.91,pigeon_pea
2026-02-21 16:48:55.998034,17329.23,pigeon_pea
2026-02-22 16:48:55.998034,17254.22,pigeon_pea
2026-02-23 16:48:55.998034,17137.06,pigeon_pea
2026-02-24 16:48:55.998034,17084.38,pigeon_pea
2026-02-25 16:48:55.998034,17017.16,pigeon_pea
2026-02-26 16:48:55.998034,16990.27,pigeon_pea
2026-02-27 16:48:55.998034,16960.34,pigeon_pea
2026-02-28 16:48:55.998034,16825.53,pigeon_pea
2026-03-01 16:48:55.998034,16562.71,pigeon_pea
2026-03-02 16:48:55.998034,16233.63,pigeon_pea
2026-03-03 16:48:55.998034,15926.59,pigeon_pea
2026-03-04 16:48:55.998034,15618.37,pigeon_pea
2026-03-05 16:48:55.998034,15303.41,pigeon_pea
2026-03-06 16:48:55.998034,15033.61,pigeon_pea
2026-03-07 16:48:55.998034,14786.41,pigeon_pea
2026-03-08 16:48:55.998034,14534.14,pigeon_pea
2026-03-09 16:48:55.998034,14290.42,pigeon_pea
2026-03-10 16:48:55.998034,14104.87,pigeon_pea
2026-03-11 16:48:55.998034,13939.53,pigeon_pea
2026-03-12 16:48:55.998034,13749.01,pigeon_pea
2026-03-13 16:48:55.998034,13494.02,pigeon_pea
2026-03-14 16:48:55.998034,13261.7,pigeon_pea
2026-03-15 16:48:55.998034,12990.9,pigeon_pea
2026-03-16 16:48:55.998034,12736.19,pigeon_pea
2026-03-17 16:48:55.998034,12487.08,pigeon_pea
2026-03-18 16:48:55.998034,12305.89,pigeon_pea
2026-03-19 16:48:55.998034,12165.66,pigeon_pea
2026-03-20 16:48:55.998034,12000.28,pigeon_pea
2026-03-21 16:48:55.998034,11870.05,pigeon_pea
2026-03-22 16:48:55.998034,11732.58,pigeon_pea
2026-03-23 16:48:55.998034,11617.09,pigeon_pea
2026-03-24 16:48:55.998034,11460.2,pigeon_pea
2026-03-25 16:48:55.998034,11292.2,pigeon_pea
2026-03-26 16:48:55.998034,11098.58,pigeon_pea
2026-03-27 16:48:55.998034,10894.15,pigeon_pea
2026-03-28 16:48:55.998034,10712.3,pigeon_pea
2026-03-29 16:48:55.998034,10589.83,pigeon_pea
2026-03-30 16:48:55.998034,10497.49,pigeon_pea
2026-03-31 16:48:55.998034,10308.76,pigeon_pea
2026-04-01 16:48:55.998034,10055.31,pigeon_pea
2026-04-02 16:48:55.998034,9741.49,pigeon_pea
2026-04-03 16:48:55.998034,9487.4,pigeon_pea
2026-04-04 16:48:55.998034,9306.77,pigeon_pea
2026-04-05 16:48:55.998034,9080.32,pigeon_pea
2026-04-06 16:48:55.998034,8824.46,pigeon_pea
2026-04-07 16:48:55.998034,8429.15,pigeon_pea
2026-04-08 16:48:55.998034,8101.26,pigeon_pea
2026-04-09 16:48:55.998034,7790.61,pigeon_pea
2026-04-10 16:48:55.998034,7559.74,pigeon_pea
2026-04-11 16:48:55.998034,4957.63,pigeon_pea
2023-04-12 16:48:56.006446,3413.91,moong
2023-04-13 16:48:56.006446,4643.62,moong
2023-04-14 16:48:56.006446,3885.28,moong
2023-04-15 16:48:56.006446,3396.37,moong
2023-04-16 16:48:56.006446,3250.0,moong
2023-04-17 16:48:56.006446,3250.0,moong
2023-04-18 16:48:56.006446,3250.0,moong
2023-04-19 16:48:56.006446,3250.0,moong
2023-04-20 16:48:56.006446,3250.0,moong
2023-04-21 16:48:56.006446,3250.0,moong
2023-04-22 16:48:56.006446,3250.0,moong
2023-04-23 16:48:56.006446,3250.0,moong
2023-04-24 16:48:56.006446,3250.0,moong
2023-04-25 16:48:56.006446,3250.0,moong
2023-04-26 16:48:56.006446,3250.0,moong
2023-04-27 16:48:56.006446,3250.0,moong
2023-04-28 16:48:56.006446,3250.0,moong
2023-04-29 16:48:56.006446,3250.0,moong
2023-04-30 16:48:56.006446,3250.0,moong
2023-05-01 16:48:56.006446,3250.0,moong
2023-05-02 16:48:56.006446,3250.0,moong
2023-05-03 16:48:56.006446,3250.0,moong
2023-05-04 16:48:56.006446,3250.0,moong
2023-05-05 16:48:56.006446,3250.0,moong
2023-05-06 16:48:56.006446,3250.0,moong
2023-05-07 16:48:56.006446,3250.0,moong
2023-05-08 16:48:56.006446,3250.0,moong
2023-05-09 16:48:56.006446,3250.0,moong
2023-05-10 16:48:56.006446,3250.0,moong
2023-05-11 16:48:56.006446,3250.0,moong
2023-05-12 16:48:56.006446,3250.0,moong
2023-05-13 16:48:56.006446,3250.0,moong
2023-05-14 16:48:56.006446,3250.0,moong
2023-05-15 16:48:56.006446,3250.0,moong
2023-05-16 16:48:56.006446,3250.0,moong
2023-05-17 16:48:56.006446,3250.0,moong
2023-05-18 16:48:56.006446,3250.0,moong
2023-05-19 16:48:56.006446,3250.0,moong
2023-05-20 16:48:56.006446,3250.0,moong
2023-05-21 16:48:56.006446,3250.0,moong
2023-05-22 16:48:56.006446,3250.0,moong
2023-05-23 16:48:56.006446,3250.0,moong
2023-05-24 16:48:56.006446,3250.0,moong
2023-05-25 16:48:56.006446,3250.0,moong
2023-05-26 16:48:56.006446,3250.0,moong
2023-05-27 16:48:56.006446,3250.0,moong
2023-05-28 16:48:56.006446,3250.0,moong
2023-05-29 16:48:56.006446,3250.0,moong
2023-05-30 16:48:56.006446,3250.0,moong
2023-05-31 16:48:56.006446,3250.0,moong
2023-06-01 16:48:56.006446,3250.0,moong
2023-06-02 16:48:56.006446,3250.0,moong
2023-06-03 16:48:56.006446,3250.0,moong
2023-06-04 16:48:56.006446,3250.0,moong
2023-06-05 16:48:56.006446,3250.0,moong
2023-06-06 16:48:56.006446,3250.0,moong
2023-06-07 16:48:56.006446,3250.0,moong
2023-06-08 16:48:56.006446,3250.0,moong
2023-06-09 16:48:56.006446,3250.0,moong
2023-06-10 16:48:56.006446,3250.0,moong
2023-06-11 16:48:56.006446,3250.0,moong
2023-06-12 16:48:56.006446,3250.0,moong
2023-06-13 16:48:56.006446,3250.0,moong
2023-06-14 16:48:56.006446,3250.0,moong
2023-06-15 16:48:56.006446,3250.0,moong
2023-06-16 16:48:56.006446,3250.0,moong
2023-06-17 16:48:56.006446,3250.0,moong
2023-06-18 16:48:56.006446,3250.0,moong
2023-06-19 16:48:56.006446,3250.0,moong
2023-06-20 16:48:56.006446,3250.0,moong
2023-06-21 16:48:56.006446,3250.0,moong
2023-06-22 16:48:56.006446,3250.0,moong
2023-06-23 16:48:56.006446,3250.0,moong
2023-06-24 16:48:56.006446,3250.0,moong
2023-06-25 16:48:56.006446,3250.0,moong
2023-06-26 16:48:56.006446,3250.0,moong
2023-06-27 16:48:56.006446,3250.0,moong
2023-06-28 16:48:56.006446,3250.0,moong
2023-06-29 16:48:56.006446,3250.0,moong
2023-06-30 16:48:56.006446,3288.97,moong
2023-07-01 16:48:56.006446,3383.44,moong
2023-07-02 16:48:56.006446,3579.82,moong
2023-07-03 16:48:56.006446,3776.52,moong
2023-07-04 16:48:56.006446,3988.22,moong
2023-07-05 16:48:56.006446,4060.29,moong
2023-07-06 16:48:56.006446,4149.07,moong
2023-07-07 16:48:56.006446,4238.74,moong
2023-07-08 16:48:56.006446,4394.15,moong
2023-07-09 16:48:56.006446,4552.01,moong
2023-07-10 16:48:56.006446,4740.15,moong
2023-07-11 16:48:56.006446,4979.23,moong
2023-07-12 16:48:56.006446,5169.46,moong
2023-07-13 16:48:56.006446,5318.57,moong
2023-07-14 16:48:56.006446,5462.59,moong
2023-07-15 16:48:56.006446,5602.04,moong
2023-07-16 16:48:56.006446,5606.43,moong
2023-07-17 16:48:56.006446,5453.22,moong
2023-07-18 16:48:56.006446,5348.0,moong
2023-07-19 16:48:56.006446,5363.84,moong
2023-07-20 16:48:56.006446,5405.26,moong
2023-07-21 16:48:56.006446,5349.1,moong
2023-07-22 16:48:56.006446,5201.76,moong
2023-07-23 16:48:56.006446,5157.41,moong
2023-07-24 16:48:56.006446,5234.63,moong
2023-07-25 16:48:56.006446,5420.48,moong
2023-07-26 16:48:56.006446,5608.33,moong
2023-07-27 16:48:56.006446,5721.9,moong
2023-07-28 16:48:56.006446,5821.94,moong
2023-07-29 16:48:56.006446,5860.72,moong
2023-07-30 16:48:56.006446,5927.06,moong
2023-07-31 16:48:56.006446,6195.16,moong
2023-08-01 16:48:56.006446,6621.1,moong
2023-08-02 16:48:56.006446,7149.55,moong
2023-08-03 16:48:56.006446,7507.07,moong
2023-08-04 16:48:56.006446,7781.32,moong
2023-08-05 16:48:56.006446,8049.17,moong
2023-08-06 16:48:56.006446,8464.89,moong
2023-08-07 16:48:56.006446,8916.65,moong
2023-08-08 16:48:56.006446,9388.68,moong
2023-08-09 16:48:56.006446,9747.95,moong
2023-08-10 16:48:56.006446,10177.71,moong
2023-08-11 16:48:56.006446,10535.67,moong
2023-08-12 16:48:56.006446,10898.59,moong
2023-08-13 16:48:56.006446,11227.69,moong
2023-08-14 16:48:56.006446,11624.64,moong
2023-08-15 16:48:56.006446,11977.13,moong
2023-08-16 16:48:56.006446,12285.58,moong
2023-08-17 16:48:56.006446,12540.84,moong
2023-08-18 16:48:56.006446,12798.93,moong
2023-08-19 16:48:56.006446,13074.41,moong
2023-08-20 16:48:56.006446,13395.61,moong
2023-08-21 16:48:56.006446,13757.74,moong
2023-08-22 16:48:56.006446,14055.22,moong
2023-08-23 16:48:56.006446,14239.15,moong
2023-08-24 16:48:56.006446,14376.38,moong
2023-08-25 16:48:56.006446,14560.92,moong
2023-08-26 16:48:56.006446,14796.58,moong
2023-08-27 16:48:56.006446,15053.03,moong
2023-08-28 16:48:56.006446,15281.35,moong
2023-08-29 16:48:56.006446,15493.66,moong
2023-08-30 16:48:56.006446,15727.48,moong
2023-08-31 16:48:56.006446,16023.71,moong
2023-09-01 16:48:56.006446,16394.61,moong
2023-09-02 16:48:56.006446,16798.15,moong
2023-09-03 16:48:56.006446,17267.09,moong
2023-09-04 16:48:56.006446,17773.3,moong
2023-09-05 16:48:56.006446,18244.94,moong
2023-09-06 16:48:56.006446,18711.12,moong
2023-09-07 16:48:56.006446,19146.8,moong
2023-09-08 16:48:56.006446,19635.42,moong
2023-09-09 16:48:56.006446,20099.28,moong
2023-09-10 16:48:56.006446,20526.63,moong
2023-09-11 16:48:56.006446,20945.47,moong
2023-09-12 16:48:56.006446,21315.68,moong
2023-09-13 16:48:56.006446,21692.53,moong
2023-09-14 16:48:56.006446,22053.68,moong
2023-09-15 16:48:56.006446,22362.81,moong
2023-09-16 16:48:56.006446,22704.31,moong
2023-09-17 16:48:56.006446,22943.14,moong
2023-09-18 16:48:56.006446,23242.65,moong
2023-09-19 16:48:56.006446,23485.14,moong
2023-09-20 16:48:56.006446,23840.59,moong
2023-09-21 16:48:56.006446,24219.0,moong
2023-09-22 16:48:56.006446,24654.88,moong
2023-09-23 16:48:56.006446,25104.32,moong
2023-09-24 16:48:56.006446,25541.95,moong
2023-09-25 16:48:56.006446,25946.5,moong
2023-09-26 16:48:56.006446,26330.51,moong
2023-09-27 16:48:56.006446,26623.79,moong
2023-09-28 16:48:56.006446,26792.78,moong
2023-09-29 16:48:56.006446,26892.51,moong
2023-09-30 16:48:56.006446,27140.82,moong
2023-10-01 16:48:56.006446,27637.62,moong
2023-10-02 16:48:56.006446,28235.29,moong
2023-10-03 16:48:56.006446,28770.98,moong
2023-10-04 16:48:56.006446,29232.94,moong
2023-10-05 16:48:56.006446,29651.28,moong
2023-10-06 16:48:56.006446,30000.06,moong
2023-10-07 16:48:56.006446,30321.29,moong
2023-10-08 16:48:56.006446,30588.14,moong
2023-10-09 16:48:56.006446,30858.12,moong
2023-10-10 16:48:56.006446,31132.83,moong
2023-10-11 16:48:56.006446,31432.34,moong
2023-10-12 16:48:56.006446,31679.5,moong
2023-10-13 16:48:56.006446,31836.02,moong
2023-10-14 16:48:56.006446,31947.01,moong
2023-10-15 16:48:56.006446,32190.62,moong
2023-10-16 16:48:56.006446,32449.88,moong
2023-10-17 16:48:56.006446,32726.81,moong
2023-10-18 16:48:56.006446,32943.63,moong
2023-10-19 16:48:56.006446,33109.7,moong
2023-10-20 16:48:56.006446,33174.25,moong
2023-10-21 16:48:56.006446,33233.92,moong
2023-10-22 16:48:56.006446,33333.11,moong
2023-10-23 16:48:56.006446,33481.02,moong
2023-10-24 16:48:56.006446,33644.02,moong
2023-10-25 16:48:56.006446,33807.31,moong
2023-10-26 16:48:56.006446,34025.62,moong
2023-10-27 16:48:56.006446,34207.21,moong
2023-10-28 16:48:56.006446,34384.46,moong
2023-10-29 16:48:56.006446,34526.64,moong
2023-10-30 16:48:56.006446,34622.43,moong
2023-10-31 16:48:56.006446,34723.94,moong
2023-11-01 16:48:56.006446,34802.46,moong
2023-11-02 16:48:56.006446,34928.27,moong
2023-11-03 16:48:56.006446,35068.7,moong
2023-11-04 16:48:56.006446,35135.89,moong
2023-11-05 16:48:56.006446,35140.54,moong
2023-11-06 16:48:56.006446,35056.75,moong
2023-11-07 16:48:56.006446,35011.05,moong
2023-11-08 16:48:56.006446,34979.05,moong
2023-11-09 16:48:56.006446,34907.41,moong
2023-11-10 16:48:56.006446,34848.54,moong
2023-11-11 16:48:56.006446,34770.99,moong
2023-11-12 16:48:56.006446,34799.07,moong
2023-11-13 16:48:56.006446,34868.3,moong
2023-11-14 16:48:56.006446,34979.35,moong
2023-11-15 16:48:56.006446,35018.43,moong
2023-11-16 16:48:56.006446,35020.96,moong
2023-11-17 16:48:56.006446,34963.73,moong
2023-11-18 16:48:56.006446,34876.97,moong
2023-11-19 16:48:56.006446,34820.78,moong
2023-11-20 16:48:56.006446,34766.35,moong
2023-11-21 16:48:56.006446,34753.85,moong
2023-11-22 16:48:56.006446,34740.02,moong
2023-11-23 16:48:56.006446,34794.68,moong
2023-11-24 16:48:56.006446,34836.87,moong
2023-11-25 16:48:56.006446,34755.12,moong
2023-11-26 16:48:56.006446,34706.4,moong
2023-11-27 16:48:56.006446,34675.48,moong
2023-11-28 16:48:56.006446,34750.47,moong
2023-11-29 16:48:56.006446,34691.07,moong
2023-11-30 16:48:56.006446,34531.63,moong
2023-12-01 16:48:56.006446,34278.67,moong
2023-12-02 16:48:56.006446,34005.65,moong
2023-12-03 16:48:56.006446,33785.86,moong
2023-12-04 16:48:56.006446,33545.81,moong
2023-12-05 16:48:56.006446,33286.18,moong
2023-12-06 16:48:56.006446,32945.49,moong
2023-12-07 16:48:56.006446,32645.24,moong
2023-12-08 16:48:56.006446,32371.98,moong
2023-12-09 16:48:56.006446,32118.56,moong
2023-12-10 16:48:56.006446,31870.42,moong
2023-12-11 16:48:56.006446,31611.23,moong
2023-12-12 16:48:56.006446,31359.77,moong
2023-12-13 16:48:56.006446,31109.81,moong
2023-12-14 16:48:56.006446,30849.73,moong
2023-12-15 16:48:56.006446,30592.89,moong
2023-12-16 16:48:56.006446,30327.47,moong
2023-12-17 16:48:56.006446,30081.41,moong
2023-12-18 16:48:56.006446,29883.53,moong
2023-12-19 16:48:56.006446,29673.06,moong
2023-12-20 16:48:56.006446,29444.26,moong
2023-12-21 16:48:56.006446,29260.51,moong
2023-12-22 16:48:56.006446,29052.68,moong
2023-12-23 16:48:56.006446,28858.35,moong
2023-12-24 16:48:56.006446,28576.13,moong
2023-12-25 16:48:56.006446,28353.39,moong
2023-12-26 16:48:56.006446,28187.42,moong
2023-12-27 16:48:56.006446,28143.2,moong
2023-12-28 16:48:56.006446,28077.88,moong
2023-12-29 16:48:56.006446,28029.52,moong
2023-12-30 16:48:56.006446,27918.45,moong
2023-12-31 16:48:56.006446,27643.63,moong
2024-01-01 16:48:56.006446,27160.93,moong
2024-01-02 16:48:56.006446,26525.84,moong
2024-01-03 16:48:56.006446,25883.86,moong
2024-01-04 16:48:56.006446,25360.88,moong
2024-01-05 16:48:56.006446,24785.86,moong
2024-01-06 16:48:56.006446,24258.23,moong
2024-01-07 16:48:56.006446,23705.17,moong
2024-01-08 16:48:56.006446,23247.04,moong
2024-01-09 16:48:56.006446,22815.38,moong
2024-01-10 16:48:56.006446,22247.04,moong
2024-01-11 16:48:56.006446,21726.09,moong
2024-01-12 16:48:56.006446,21166.09,moong
2024-01-13 16:48:56.006446,20795.33,moong
2024-01-14 16:48:56.006446,20365.29,moong
2024-01-15 16:48:56.006446,20004.84,moong
2024-01-16 16:48:56.006446,19573.93,moong
2024-01-17 16:48:56.006446,19231.84,moong
2024-01-18 16:48:56.006446,18918.72,moong
2024-01-19 16:48:56.006446,18668.97,moong
2024-01-20 16:48:56.006446,18307.57,moong
2024-01-21 16:48:56.006446,17896.47,moong
2024-01-22 16:48:56.006446,17496.14,moong
2024-01-23 16:48:56.006446,17187.96,moong
2024-01-24 16:48:56.006446,16952.27,moong
2024-01-25 16:48:56.006446,16689.28,moong
2024-01-26 16:48:56.006446,16396.03,moong
2024-01-27 16:48:56.006446,16039.49,moong
2024-01-28 16:48:56.006446,15679.65,moong
2024-01-29 16:48:56.006446,15270.18,moong
2024-01-30 16:48:56.006446,14867.74,moong
2024-01-31 16:48:56.006446,14274.14,moong
2024-02-01 16:48:56.006446,13619.53,moong
2024-02-02 16:48:56.006446,12778.67,moong
2024-02-03 16:48:56.006446,12066.28,moong
2024-02-04 16:48:56.006446,11359.41,moong
2024-02-05 16:48:56.006446,10732.19,moong
2024-02-06 16:48:56.006446,10087.1,moong
2024-02-07 16:48:56.006446,9479.95,moong
2024-02-08 16:48:56.006446,8850.99,moong
2024-02-09 16:48:56.006446,8204.27,moong
2024-02-10 16:48:56.006446,7641.13,moong
2024-02-11 16:48:56.006446,7149.48,moong
2024-02-12 16:48:56.006446,6682.17,moong
2024-02-13 16:48:56.006446,6181.27,moong
2024-02-14 16:48:56.006446,5733.38,moong
2024-02-15 16:48:56.006446,5287.05,moong
2024-02-16 16:48:56.006446,4760.58,moong
2024-02-17 16:48:56.006446,4211.76,moong
2024-02-18 16:48:56.006446,3690.41,moong
2024-02-19 16:48:56.006446,3392.19,moong
2024-02-20 16:48:56.006446,3250.0,moong
2024-02-21 16:48:56.006446,3250.0,moong
2024-02-22 16:48:56.006446,3250.0,moong
2024-02-23 16:48:56.006446,3250.0,moong
2024-02-24 16:48:56.006446,3250.0,moong
2024-02-25 16:48:56.006446,3250.0,moong
2024-02-26 16:48:56.006446,3250.0,moong
2024-02-27 16:48:56.006446,3250.0,moong
2024-02-28 16:48:56.006446,3250.0,moong
2024-02-29 16:48:56.006446,3250.0,moong
2024-03-01 16:48:56.006446,3250.0,moong
2024-03-02 16:48:56.006446,3250.0,moong
2024-03-03 16:48:56.006446,3250.0,moong
2024-03-04 16:48:56.006446,3250.0,moong
2024-03-05 16:48:56.006446,3250.0,moong
2024-03-06 16:48:56.006446,3250.0,moong
2024-03-07 16:48:56.006446,3250.0,moong
2024-03-08 16:48:56.006446,3250.0,moong
2024-03-09 16:48:56.006446,3250.0,moong
2024-03-10 16:48:56.006446,3250.0,moong
2024-03-11 16:48:56.006446,3250.0,moong
2024-03-12 16:48:56.006446,3250.0,moong
2024-03-13 16:48:56.006446,3250.0,moong
2024-03-14 16:48:56.006446,3250.0,moong
2024-03-15 16:48:56.006446,3250.0,moong
2024-03-16 16:48:56.006446,3250.0,moong
2024-03-17 16:48:56.006446,3250.0,moong
2024-03-18 16:48:56.006446,3250.0,moong
2024-03-19 16:48:56.006446,3250.0,moong
2024-03-20 16:48:56.006446,3250.0,moong
2024-03-21 16:48:56.006446,3250.0,moong
2024-03-22 16:48:56.006446,3250.0,moong
2024-03-23 16:48:56.006446,3250.0,moong
2024-03-24 16:48:56.006446,3250.0,moong
2024-03-25 16:48:56.006446,3250.0,moong
2024-03-26 16:48:56.006446,3250.0,moong
2024-03-27 16:48:56.006446,3250.0,moong
2024-03-28 16:48:56.006446,3250.0,moong
2024-03-29 16:48:56.006446,3250.0,moong
2024-03-30 16:48:56.006446,3250.0,moong
2024-03-31 16:48:56.006446,3250.0,moong
2024-04-01 16:48:56.006446,3250.0,moong
2024-04-02 16:48:56.006446,3250.0,moong
2024-04-03 16:48:56.006446,3250.0,moong
2024-04-04 16:48:56.006446,3250.0,moong
2024-04-05 16:48:56.006446,3250.0,moong
2024-04-06 16:48:56.006446,3250.0,moong
2024-04-07 16:48:56.006446,3250.0,moong
2024-04-08 16:48:56.006446,3250.0,moong
2024-04-09 16:48:56.006446,3250.0,moong
2024-04-10 16:48:56.006446,3250.0,moong
2024-04-11 16:48:56.006446,3250.0,moong
2024-04-12 16:48:56.006446,3250.0,moong
2024-04-13 16:48:56.006446,3250.0,moong
2024-04-14 16:48:56.006446,3250.0,moong
2024-04-15 16:48:56.006446,3250.0,moong
2024-04-16 16:48:56.006446,3250.0,moong
2024-04-17 16:48:56.006446,3250.0,moong
2024-04-18 16:48:56.006446,3250.0,moong
2024-04-19 16:48:56.006446,3250.0,moong
2024-04-20 16:48:56.006446,3250.0,moong
2024-04-21 16:48:56.006446,3250.0,moong
2024-04-22 16:48:56.006446,3250.0,moong
2024-04-23 16:48:56.006446,3250.0,moong
2024-04-24 16:48:56.006446,3250.0,moong
2024-04-25 16:48:56.006446,3250.0,moong
2024-04-26 16:48:56.006446,3250.0,moong
2024-04-27 16:48:56.006446,3250.0,moong
2024-04-28 16:48:56.006446,3250.0,moong
2024-04-29 16:48:56.006446,3250.0,moong
2024-04-30 16:48:56.006446,3250.0,moong
2024-05-01 16:48:56.006446,3250.0,moong
2024-05-02 16:48:56.006446,3250.0,moong
2024-05-03 16:48:56.006446,3250.0,moong
2024-05-04 16:48:56.006446,3250.0,moong
2024-05-05 16:48:56.006446,3250.0,moong
2024-05-06 16:48:56.006446,3250.0,moong
2024-05-07 16:48:56.006446,3250.0,moong
2024-05-08 16:48:56.006446,3250.0,moong
2024-05-09 16:48:56.006446,3250.0,moong
2024-05-10 16:48:56.006446,3250.0,moong
2024-05-11 16:48:56.006446,3250.0,moong
2024-05-12 16:48:56.006446,3250.0,moong
2024-05-13 16:48:56.006446,3250.0,moong
2024-05-14 16:48:56.006446,3250.0,moong
2024-05-15 16:48:56.006446,3250.0,moong
2024-05-16 16:48:56.006446,3250.0,moong
2024-05-17 16:48:56.006446,3250.0,moong
2024-05-18 16:48:56.006446,3250.0,moong
2024-05-19 16:48:56.006446,3250.0,moong
2024-05-20 16:48:56.006446,3250.0,moong
2024-05-21 16:48:56.006446,3250.0,moong
2024-05-22 16:48:56.006446,3250.0,moong
2024-05-23 16:48:56.006446,3250.0,moong
2024-05-24 16:48:56.006446,3250.0,moong
2024-05-25 16:48:56.006446,3250.0,moong
2024-05-26 16:48:56.006446,3250.0,moong
2024-05-27 16:48:56.006446,3250.0,moong
2024-05-28 16:48:56.006446,3250.0,moong
2024-05-29 16:48:56.006446,3250.0,moong
2024-05-30 16:48:56.006446,3250.0,moong
2024-05-31 16:48:56.006446,3250.0,moong
2024-06-01 16:48:56.006446,3250.0,moong
2024-06-02 16:48:56.006446,3250.0,moong
2024-06-03 16:48:56.006446,3250.0,moong
2024-06-04 16:48:56.006446,3250.0,moong
2024-06-05 16:48:56.006446,3250.0,moong
2024-06-06 16:48:56.006446,3250.0,moong
2024-06-07 16:48:56.006446,3250.0,moong
2024-06-08 16:48:56.006446,3250.0,moong
2024-06-09 16:48:56.006446,3250.0,moong
2024-06-10 16:48:56.006446,3250.0,moong
2024-06-11 16:48:56.006446,3250.0,moong
2024-06-12 16:48:56.006446,3250.0,moong
2024-06-13 16:48:56.006446,3250.0,moong
2024-06-14 16:48:56.006446,3250.0,moong
2024-06-15 16:48:56.006446,3250.0,moong
2024-06-16 16:48:56.006446,3250.0,moong
2024-06-17 16:48:56.006446,3250.0,moong
2024-06-18 16:48:56.006446,3250.0,moong
2024-06-19 16:48:56.006446,3250.0,moong
2024-06-20 16:48:56.006446,3250.0,moong
2024-06-21 16:48:56.006446,3250.0,moong
2024-06-22 16:48:56.006446,3250.0,moong
2024-06-23 16:48:56.006446,3250.0,moong
2024-06-24 16:48:56.006446,3250.0,moong
2024-06-25 16:48:56.006446,3250.0,moong
2024-06-26 16:48:56.006446,3250.0,moong
2024-06-27 16:48:56.006446,3250.0,moong
2024-06-28 16:48:56.006446,3250.0,moong
2024-06-29 16:48:56.006446,3250.0,moong
2024-06-30 16:48:56.006446,3250.0,moong
2024-07-01 16:48:56.006446,3250.0,moong
2024-07-02 16:48:56.006446,3292.07,moong
2024-07-03 16:48:56.006446,3414.81,moong
2024-07-04 16:48:56.006446,3619.16,moong
2024-07-05 16:48:56.006446,3822.03,moong
2024-07-06 16:48:56.006446,3935.72,moong
2024-07-07 16:48:56.006446,3933.39,moong
2024-07-08 16:48:56.006446,3928.64,moong
2024-07-09 16:48:56.006446,3948.11,moong
2024-07-10 16:48:56.006446,4075.34,moong
2024-07-11 16:48:56.006446,4190.15,moong
2024-07-12 16:48:56.006446,4379.23,moong
2024-07-13 16:48:56.006446,4524.83,moong
2024-07-14 16:48:56.006446,4677.52,moong
2024-07-15 16:48:56.006446,4665.22,moong
2024-07-16 16:48:56.006446,4656.88,moong
2024-07-17 16:48:56.006446,4613.86,moong
2024-07-18 16:48:56.006446,4726.59,moong
2024-07-19 16:48:56.006446,4864.94,moong
2024-07-20 16:48:56.006446,5030.65,moong
2024-07-21 16:48:56.006446,5197.9,moong
2024-07-22 16:48:56.006446,5371.8,moong
2024-07-23 16:48:56.006446,5520.52,moong
2024-07-24 16:48:56.006446,5562.07,moong
2024-07-25 16:48:56.006446,5580.48,moong
2024-07-26 16:48:56.006446,5588.37,moong
2024-07-27 16:48:56.006446,5608.03,moong
2024-07-28 16:48:56.006446,5649.1,moong
2024-07-29 16:48:56.006446,5677.07,moong
2024-07-30 16:48:56.006446,5699.07,moong
2024-07-31 16:48:56.006446,5841.5,moong
2024-08-01 16:48:56.006446,6185.8,moong
2024-08-02 16:48:56.006446,6605.64,moong
2024-08-03 16:48:56.006446,6868.77,moong
2024-08-04 16:48:56.006446,7080.15,moong
2024-08-05 16:48:56.006446,7378.98,moong
2024-08-06 16:48:56.006446,7866.87,moong
2024-08-07 16:48:56.006446,8368.19,moong
2024-08-08 16:48:56.006446,8926.9,moong
2024-08-09 16:48:56.006446,9444.36,moong
2024-08-10 16:48:56.006446,9903.46,moong
2024-08-11 16:48:56.006446,10256.86,moong
2024-08-12 16:48:56.006446,10644.38,moong
2024-08-13 16:48:56.006446,11085.4,moong
2024-08-14 16:48:56.006446,11457.32,moong
2024-08-15 16:48:56.006446,11710.21,moong
2024-08-16 16:48:56.006446,11933.12,moong
2024-08-17 16:48:56.006446,12317.98,moong
2024-08-18 16:48:56.006446,12690.52,moong
2024-08-19 16:48:56.006446,13101.4,moong
2024-08-20 16:48:56.006446,13485.41,moong
2024-08-21 16:48:56.006446,13929.64,moong
2024-08-22 16:48:56.006446,14379.74,moong
2024-08-23 16:48:56.006446,14829.47,moong
2024-08-24 16:48:56.006446,15211.9,moong
2024-08-25 16:48:56.006446,15464.44,moong
2024-08-26 16:48:56.006446,15682.18,moong
2024-08-27 16:48:56.006446,15870.92,moong
2024-08-28 16:48:56.006446,16062.68,moong
2024-08-29 16:48:56.006446,16138.69,moong
2024-08-30 16:48:56.006446,16204.47,moong
2024-08-31 16:48:56.006446,16435.59,moong
2024-09-01 16:48:56.006446,16772.89,moong
2024-09-02 16:48:56.006446,17188.47,moong
2024-09-03 16:48:56.006446,17636.28,moong
2024-09-04 16:48:56.006446,18168.65,moong
2024-09-05 16:48:56.006446,18691.52,moong
2024-09-06 16:48:56.006446,19147.56,moong
2024-09-07 16:48:56.006446,19532.58,moong
2024-09-08 16:48:56.006446,19898.85,moong
2024-09-09 16:48:56.006446,20275.25,moong
2024-09-10 16:48:56.006446,20590.24,moong
2024-09-11 16:48:56.006446,20916.02,moong
2024-09-12 16:48:56.006446,21277.82,moong
2024-09-13 16:48:56.006446,21729.32,moong
2024-09-14 16:48:56.006446,22273.22,moong
2024-09-15 16:48:56.006446,22784.48,moong
2024-09-16 16:48:56.006446,23310.72,moong
2024-09-17 16:48:56.006446,23762.34,moong
2024-09-18 16:48:56.006446,24100.41,moong
2024-09-19 16:48:56.006446,24284.63,moong
2024-09-20 16:48:56.006446,24539.64,moong
2024-09-21 16:48:56.006446,24829.88,moong
2024-09-22 16:48:56.006446,25192.47,moong
2024-09-23 16:48:56.006446,25400.44,moong
2024-09-24 16:48:56.006446,25649.38,moong
2024-09-25 16:48:56.006446,25996.74,moong
2024-09-26 16:48:56.006446,26404.23,moong
2024-09-27 16:48:56.006446,26779.17,moong
2024-09-28 16:48:56.006446,27123.31,moong
2024-09-29 16:48:56.006446,27476.75,moong
2024-09-30 16:48:56.006446,27782.21,moong
2024-10-01 16:48:56.006446,28033.73,moong
2024-10-02 16:48:56.006446,28256.66,moong
2024-10-03 16:48:56.006446,28516.94,moong
2024-10-04 16:48:56.006446,28782.99,moong
2024-10-05 16:48:56.006446,29041.91,moong
2024-10-06 16:48:56.006446,29317.59,moong
2024-10-07 16:48:56.006446,29625.8,moong
2024-10-08 16:48:56.006446,29968.04,moong
2024-10-09 16:48:56.006446,30294.53,moong
2024-10-10 16:48:56.006446,30590.47,moong
2024-10-11 16:48:56.006446,30883.17,moong
2024-10-12 16:48:56.006446,31200.69,moong
2024-10-13 16:48:56.006446,31505.28,moong
2024-10-14 16:48:56.006446,31850.22,moong
2024-10-15 16:48:56.006446,32189.07,moong
2024-10-16 16:48:56.006446,32571.41,moong
2024-10-17 16:48:56.006446,32930.4,moong
2024-10-18 16:48:56.006446,33274.97,moong
2024-10-19 16:48:56.006446,33540.15,moong
2024-10-20 16:48:56.006446,33797.7,moong
2024-10-21 16:48:56.006446,33980.69,moong
2024-10-22 16:48:56.006446,34141.09,moong
2024-10-23 16:48:56.006446,34263.26,moong
2024-10-24 16:48:56.006446,34465.84,moong
2024-10-25 16:48:56.006446,34628.57,moong
2024-10-26 16:48:56.006446,34789.82,moong
2024-10-27 16:48:56.006446,34868.28,moong
2024-10-28 16:48:56.006446,35037.81,moong
2024-10-29 16:48:56.006446,35174.78,moong
2024-10-30 16:48:56.006446,35362.45,moong
2024-10-31 16:48:56.006446,35423.72,moong
2024-11-01 16:48:56.006446,35491.73,moong
2024-11-02 16:48:56.006446,35535.02,moong
2024-11-03 16:48:56.006446,35680.67,moong
2024-11-04 16:48:56.006446,35794.57,moong
2024-11-05 16:48:56.006446,35837.27,moong
2024-11-06 16:48:56.006446,35785.91,moong
2024-11-07 16:48:56.006446,35746.03,moong
2024-11-08 16:48:56.006446,35757.56,moong
2024-11-09 16:48:56.006446,35789.11,moong
2024-11-10 16:48:56.006446,35787.9,moong
2024-11-11 16:48:56.006446,35793.08,moong
2024-11-12 16:48:56.006446,35699.19,moong
2024-11-13 16:48:56.006446,35590.97,moong
2024-11-14 16:48:56.006446,35446.27,moong
2024-11-15 16:48:56.006446,35373.94,moong
2024-11-16 16:48:56.006446,35334.89,moong
2024-11-17 16:48:56.006446,35272.37,moong
2024-11-18 16:48:56.006446,35234.05,moong
2024-11-19 16:48:56.006446,35281.04,moong
2024-11-20 16:48:56.006446,35420.87,moong
2024-11-21 16:48:56.006446,35596.57,moong
2024-11-22 16:48:56.006446,35632.56,moong
2024-11-23 16:48:56.006446,35589.52,moong
2024-11-24 16:48:56.006446,35510.3,moong
2024-11-25 16:48:56.006446,35511.22,moong
2024-11-26 16:48:56.006446,35472.59,moong
2024-11-27 16:48:56.006446,35488.33,moong
2024-11-28 16:48:56.006446,35453.31,moong
2024-11-29 16:48:56.006446,35456.38,moong
2024-11-30 16:48:56.006446,35220.55,moong
2024-12-01 16:48:56.006446,34940.85,moong
2024-12-02 16:48:56.006446,34653.75,moong
2024-12-03 16:48:56.006446,34452.31,moong
2024-12-04 16:48:56.006446,34282.22,moong
2024-12-05 16:48:56.006446,34021.52,moong
2024-12-06 16:48:56.006446,33765.86,moong
2024-12-07 16:48:56.006446,33413.76,moong
2024-12-08 16:48:56.006446,33030.89,moong
2024-12-09 16:48:56.006446,32713.96,moong
2024-12-10 16:48:56.006446,32402.48,moong
2024-12-11 16:48:56.006446,32147.09,moong
2024-12-12 16:48:56.006446,31908.14,moong
2024-12-13 16:48:56.006446,31732.85,moong
2024-12-14 16:48:56.006446,31566.94,moong
2024-12-15 16:48:56.006446,31365.92,moong
2024-12-16 16:48:56.006446,31151.36,moong
2024-12-17 16:48:56.006446,30970.9,moong
2024-12-18 16:48:56.006446,30724.84,moong
2024-12-19 16:48:56.006446,30431.5,moong
2024-12-20 16:48:56.006446,30132.53,moong
2024-12-21 16:48:56.006446,29940.04,moong
2024-12-22 16:48:56.006446,29792.64,moong
2024-12-23 16:48:56.006446,29633.44,moong
2024-12-24 16:48:56.006446,29443.8,moong
2024-12-25 16:48:56.006446,29244.98,moong
2024-12-26 16:48:56.006446,28968.91,moong
2024-12-27 16:48:56.006446,28713.44,moong
2024-12-28 16:48:56.006446,28448.28,moong
2024-12-29 16:48:56.006446,28280.47,moong
2024-12-30 16:48:56.006446,28106.96,moong
2024-12-31 16:48:56.006446,27800.14,moong
2025-01-01 16:48:56.006446,27309.63,moong
2025-01-02 16:48:56.006446,26524.38,moong
2025-01-03 16:48:56.006446,25808.12,moong
2025-01-04 16:48:56.006446,25134.89,moong
2025-01-05 16:48:56.006446,24621.33,moong
2025-01-06 16:48:56.006446,24127.95,moong
2025-01-07 16:48:56.006446,23686.06,moong
2025-01-08 16:48:56.006446,23280.14,moong
2025-01-09 16:48:56.006446,22740.82,moong
2025-01-10 16:48:56.006446,22238.76,moong
2025-01-11 16:48:56.006446,21695.33,moong
2025-01-12 16:48:56.006446,21268.88,moong
2025-01-13 16:48:56.006446,20758.87,moong
2025-01-14 16:48:56.006446,20277.51,moong
2025-01-15 16:48:56.006446,19868.28,moong
2025-01-16 16:48:56.006446,19563.8,moong
2025-01-17 16:48:56.006446,19262.68,moong
2025-01-18 16:48:56.006446,19025.17,moong
2025-01-19 16:48:56.006446,18751.17,moong
2025-01-20 16:48:56.006446,18466.57,moong
2025-01-21 16:48:56.006446,18127.19,moong
2025-01-22 16:48:56.006446,17753.34,moong
2025-01-23 16:48:56.006446,17409.36,moong
2025-01-24 16:48:56.006446,17072.15,moong
2025-01-25 16:48:56.006446,16787.93,moong
2025-01-26 16:48:56.006446,16495.29,moong
2025-01-27 16:48:56.006446,16203.05,moong
2025-01-28 16:48:56.006446,15934.51,moong
2025-01-29 16:48:56.006446,15695.08,moong
2025-01-30 16:48:56.006446,15428.32,moong
2025-01-31 16:48:56.006446,14957.87,moong
2025-02-01 16:48:56.006446,14414.53,moong
2025-02-02 16:48:56.006446,13728.65,moong
2025-02-03 16:48:56.006446,13107.4,moong
2025-02-04 16:48:56.006446,12360.1,moong
2025-02-05 16:48:56.006446,11626.6,moong
2025-02-06 16:48:56.006446,10911.43,moong
2025-02-07 16:48:56.006446,10315.92,moong
2025-02-08 16:48:56.006446,9751.76,moong
2025-02-09 16:48:56.006446,9180.38,moong
2025-02-10 16:48:56.006446,8552.28,moong
2025-02-11 16:48:56.006446,7876.36,moong
2025-02-12 16:48:56.006446,7167.15,moong
2025-02-13 16:48:56.006446,6550.74,moong
2025-02-14 16:48:56.006446,6065.32,moong
2025-02-15 16:48:56.006446,5714.29,moong
2025-02-16 16:48:56.006446,5411.97,moong
2025-02-17 16:48:56.006446,5031.67,moong
2025-02-18 16:48:56.006446,4600.85,moong
2025-02-19 16:48:56.006446,4139.07,moong
2025-02-20 16:48:56.006446,3702.39,moong
2025-02-21 16:48:56.006446,3414.79,moong
2025-02-22 16:48:56.006446,3250.0,moong
2025-02-23 16:48:56.006446,3261.16,moong
2025-02-24 16:48:56.006446,3261.16,moong
2025-02-25 16:48:56.006446,3261.16,moong
2025-02-26 16:48:56.006446,3250.0,moong
2025-02-27 16:48:56.006446,3250.0,moong
2025-02-28 16:48:56.006446,3250.0,moong
2025-03-01 16:48:56.006446,3250.0,moong
2025-03-02 16:48:56.006446,3250.0,moong
2025-03-03 16:48:56.006446,3250.0,moong
2025-03-04 16:48:56.006446,3250.0,moong
2025-03-05 16:48:56.006446,3250.0,moong
2025-03-06 16:48:56.006446,3250.0,moong
2025-03-07 16:48:56.006446,3250.0,moong
2025-03-08 16:48:56.006446,3250.0,moong
2025-03-09 16:48:56.006446,3250.0,moong
2025-03-10 16:48:56.006446,3250.0,moong
2025-03-11 16:48:56.006446,3250.0,moong
2025-03-12 16:48:56.006446,3250.0,moong
2025-03-13 16:48:56.006446,3250.0,moong
2025-03-14 16:48:56.006446,3250.0,moong
2025-03-15 16:48:56.006446,3250.0,moong
2025-03-16 16:48:56.006446,3250.0,moong
2025-03-17 16:48:56.006446,3250.0,moong
2025-03-18 16:48:56.006446,3250.0,moong
2025-03-19 16:48:56.006446,3250.0,moong
2025-03-20 16:48:56.006446,3250.0,moong
2025-03-21 16:48:56.006446,3250.0,moong
2025-03-22 16:48:56.006446,3250.0,moong
2025-03-23 16:48:56.006446,3250.0,moong
2025-03-24 16:48:56.006446,3250.0,moong
2025-03-25 16:48:56.006446,3250.0,moong
2025-03-26 16:48:56.006446,3250.0,moong
2025-03-27 16:48:56.006446,3250.0,moong
2025-03-28 16:48:56.006446,3250.0,moong
2025-03-29 16:48:56.006446,3250.0,moong
2025-03-30 16:48:56.006446,3250.0,moong
2025-03-31 16:48:56.006446,3250.0,moong
2025-04-01 16:48:56.006446,3250.0,moong
2025-04-02 16:48:56.006446,3250.0,moong
2025-04-03 16:48:56.006446,3250.0,moong
2025-04-04 16:48:56.006446,3250.0,moong
2025-04-05 16:48:56.006446,3250.0,moong
2025-04-06 16:48:56.006446,3250.0,moong
2025-04-07 16:48:56.006446,3250.0,moong
2025-04-08 16:48:56.006446,3250.0,moong
2025-04-09 16:48:56.006446,3250.0,moong
2025-04-10 16:48:56.006446,3250.0,moong
2025-04-11 16:48:56.006446,3250.0,moong
2025-04-12 16:48:56.006446,3250.0,moong
2025-04-13 16:48:56.006446,3250.0,moong
2025-04-14 16:48:56.006446,3250.0,moong
2025-04-15 16:48:56.006446,3250.0,moong
2025-04-16 16:48:56.006446,3250.0,moong
2025-04-17 16:48:56.006446,3250.0,moong
2025-04-18 16:48:56.006446,3250.0,moong
2025-04-19 16:48:56.006446,3250.0,moong
2025-04-20 16:48:56.006446,3250.0,moong
2025-04-21 16:48:56.006446,3250.0,moong
2025-04-22 16:48:56.006446,3250.0,moong
2025-04-23 16:48:56.006446,3250.0,moong
2025-04-24 16:48:56.006446,3250.0,moong
2025-04-25 16:48:56.006446,3250.0,moong
2025-04-26 16:48:56.006446,3250.0,moong
2025-04-27 16:48:56.006446,3250.0,moong
2025-04-28 16:48:56.006446,3250.0,moong
2025-04-29 16:48:56.006446,3250.0,moong
2025-04-30 16:48:56.006446,3250.0,moong
2025-05-01 16:48:56.006446,3250.0,moong
2025-05-02 16:48:56.006446,3250.0,moong
2025-05-03 16:48:56.006446,3250.0,moong
2025-05-04 16:48:56.006446,3250.0,moong
2025-05-05 16:48:56.006446,3250.0,moong
2025-05-06 16:48:56.006446,3250.0,moong
2025-05-07 16:48:56.006446,3250.0,moong
2025-05-08 16:48:56.006446,3250.0,moong
2025-05-09 16:48:56.006446,3250.0,moong
2025-05-10 16:48:56.006446,3250.0,moong
2025-05-11 16:48:56.006446,3250.0,moong
2025-05-12 16:48:56.006446,3250.0,moong
2025-05-13 16:48:56.006446,3250.0,moong
2025-05-14 16:48:56.006446,3250.0,moong
2025-05-15 16:48:56.006446,3250.0,moong
2025-05-16 16:48:56.006446,3250.0,moong
2025-05-17 16:48:56.006446,3250.0,moong
2025-05-18 16:48:56.006446,3250.0,moong
2025-05-19 16:48:56.006446,3250.0,moong
2025-05-20 16:48:56.006446,3250.0,moong
2025-05-21 16:48:56.006446,3250.0,moong
2025-05-22 16:48:56.006446,3250.0,moong
2025-05-23 16:48:56.006446,3250.0,moong
2025-05-24 16:48:56.006446,3250.0,moong
2025-05-25 16:48:56.006446,3250.0,moong
2025-05-26 16:48:56.006446,3250.0,moong
2025-05-27 16:48:56.006446,3250.0,moong
2025-05-28 16:48:56.006446,3250.0,moong
2025-05-29 16:48:56.006446,3250.0,moong
2025-05-30 16:48:56.006446,3250.0,moong
2025-05-31 16:48:56.006446,3250.0,moong
2025-06-01 16:48:56.006446,3250.0,moong
2025-06-02 16:48:56.006446,3250.0,moong
2025-06-03 16:48:56.006446,3250.0,moong
2025-06-04 16:48:56.006446,3250.0,moong
2025-06-05 16:48:56.006446,3250.0,moong
2025-06-06 16:48:56.006446,3250.0,moong
2025-06-07 16:48:56.006446,3250.0,moong
2025-06-08 16:48:56.006446,3250.0,moong
2025-06-09 16:48:56.006446,3250.0,moong
2025-06-10 16:48:56.006446,3250.0,moong
2025-06-11 16:48:56.006446,3250.0,moong
2025-06-12 16:48:56.006446,3250.0,moong
2025-06-13 16:48:56.006446,3250.0,moong
2025-06-14 16:48:56.006446,3250.0,moong
2025-06-15 16:48:56.006446,3250.0,moong
2025-06-16 16:48:56.006446,3250.0,moong
2025-06-17 16:48:56.006446,3250.0,moong
2025-06-18 16:48:56.006446,3250.0,moong
2025-06-19 16:48:56.006446,3250.0,moong
2025-06-20 16:48:56.006446,3250.0,moong
2025-06-21 16:48:56.006446,3250.0,moong
2025-06-22 16:48:56.006446,3250.0,moong
2025-06-23 16:48:56.006446,3250.0,moong
2025-06-24 16:48:56.006446,3250.0,moong
2025-06-25 16:48:56.006446,3250.0,moong
2025-06-26 16:48:56.006446,3250.0,moong
2025-06-27 16:48:56.006446,3250.0,moong
2025-06-28 16:48:56.006446,3250.0,moong
2025-06-29 16:48:56.006446,3250.0,moong
2025-06-30 16:48:56.006446,3261.62,moong
2025-07-01 16:48:56.006446,3362.94,moong
2025-07-02 16:48:56.006446,3526.48,moong
2025-07-03 16:48:56.006446,3725.66,moong
2025-07-04 16:48:56.006446,3921.76,moong
2025-07-05 16:48:56.006446,4064.05,moong
2025-07-06 16:48:56.006446,4158.44,moong
2025-07-07 16:48:56.006446,4173.02,moong
2025-07-08 16:48:56.006446,4223.54,moong
2025-07-09 16:48:56.006446,4268.24,moong
2025-07-10 16:48:56.006446,4357.59,moong
2025-07-11 16:48:56.006446,4505.27,moong
2025-07-12 16:48:56.006446,4700.47,moong
2025-07-13 16:48:56.006446,4926.57,moong
2025-07-14 16:48:56.006446,5069.41,moong
2025-07-15 16:48:56.006446,5076.65,moong
2025-07-16 16:48:56.006446,5059.75,moong
2025-07-17 16:48:56.006446,4963.07,moong
2025-07-18 16:48:56.006446,4931.44,moong
2025-07-19 16:48:56.006446,4880.71,moong
2025-07-20 16:48:56.006446,4936.95,moong
2025-07-21 16:48:56.006446,4999.44,moong
2025-07-22 16:48:56.006446,5079.62,moong
2025-07-23 16:48:56.006446,5150.49,moong
2025-07-24 16:48:56.006446,5296.96,moong
2025-07-25 16:48:56.006446,5374.03,moong
2025-07-26 16:48:56.006446,5396.5,moong
2025-07-27 16:48:56.006446,5325.9,moong
2025-07-28 16:48:56.006446,5356.16,moong
2025-07-29 16:48:56.006446,5392.98,moong
2025-07-30 16:48:56.006446,5507.75,moong
2025-07-31 16:48:56.006446,5811.54,moong
2025-08-01 16:48:56.006446,6364.39,moong
2025-08-02 16:48:56.006446,7073.75,moong
2025-08-03 16:48:56.006446,7707.82,moong
2025-08-04 16:48:56.006446,8294.96,moong
2025-08-05 16:48:56.006446,8867.42,moong
2025-08-06 16:48:56.006446,9334.56,moong
2025-08-07 16:48:56.006446,9780.65,moong
2025-08-08 16:48:56.006446,10116.35,moong
2025-08-09 16:48:56.006446,10481.6,moong
2025-08-10 16:48:56.006446,10741.83,moong
2025-08-11 16:48:56.006446,11116.28,moong
2025-08-12 16:48:56.006446,11439.99,moong
2025-08-13 16:48:56.006446,11805.51,moong
2025-08-14 16:48:56.006446,12084.54,moong
2025-08-15 16:48:56.006446,12384.09,moong
2025-08-16 16:48:56.006446,12729.17,moong
2025-08-17 16:48:56.006446,13132.58,moong
2025-08-18 16:48:56.006446,13538.27,moong
2025-08-19 16:48:56.006446,13903.69,moong
2025-08-20 16:48:56.006446,14205.5,moong
2025-08-21 16:48:56.006446,14535.99,moong
2025-08-22 16:48:56.006446,14843.63,moong
2025-08-23 16:48:56.006446,15053.31,moong
2025-08-24 16:48:56.006446,15223.62,moong
2025-08-25 16:48:56.006446,15348.74,moong
2025-08-26 16:48:56.006446,15537.39,moong
2025-08-27 16:48:56.006446,15712.43,moong
2025-08-28 16:48:56.006446,15887.68,moong
2025-08-29 16:48:56.006446,16043.09,moong
2025-08-30 16:48:56.006446,16198.23,moong
2025-08-31 16:48:56.006446,16423.51,moong
2025-09-01 16:48:56.006446,16771.24,moong
2025-09-02 16:48:56.006446,17260.67,moong
2025-09-03 16:48:56.006446,17832.69,moong
2025-09-04 16:48:56.006446,18440.32,moong
2025-09-05 16:48:56.006446,19012.19,moong
2025-09-06 16:48:56.006446,19556.99,moong
2025-09-07 16:48:56.006446,20004.02,moong
2025-09-08 16:48:56.006446,20449.03,moong
2025-09-09 16:48:56.006446,20871.82,moong
2025-09-10 16:48:56.006446,21357.37,moong
2025-09-11 16:48:56.006446,21770.49,moong
2025-09-12 16:48:56.006446,22188.98,moong
2025-09-13 16:48:56.006446,22620.16,moong
2025-09-14 16:48:56.006446,23060.45,moong
2025-09-15 16:48:56.006446,23494.51,moong
2025-09-16 16:48:56.006446,23799.54,moong
2025-09-17 16:48:56.006446,24078.66,moong
2025-09-18 16:48:56.006446,24335.14,moong
2025-09-19 16:48:56.006446,24633.93,moong
2025-09-20 16:48:56.006446,24976.14,moong
2025-09-21 16:48:56.006446,25297.39,moong
2025-09-22 16:48:56.006446,25662.47,moong
2025-09-23 16:48:56.006446,26062.6,moong
2025-09-24 16:48:56.006446,26471.22,moong
2025-09-25 16:48:56.006446,26783.25,moong
2025-09-26 16:48:56.006446,26928.82,moong
2025-09-27 16:48:56.006446,27048.25,moong
2025-09-28 16:48:56.006446,27279.11,moong
2025-09-29 16:48:56.006446,27697.65,moong
2025-09-30 16:48:56.006446,28074.71,moong
2025-10-01 16:48:56.006446,28407.33,moong
2025-10-02 16:48:56.006446,28733.18,moong
2025-10-03 16:48:56.006446,29143.89,moong
2025-10-04 16:48:56.006446,29579.4,moong
2025-10-05 16:48:56.006446,29868.14,moong
2025-10-06 16:48:56.006446,30065.9,moong
2025-10-07 16:48:56.006446,30178.06,moong
2025-10-08 16:48:56.006446,30365.16,moong
2025-10-09 16:48:56.006446,30689.02,moong
2025-10-10 16:48:56.006446,31069.89,moong
2025-10-11 16:48:56.006446,31504.46,moong
2025-10-12 16:48:56.006446,31823.91,moong
2025-10-13 16:48:56.006446,32149.99,moong
2025-10-14 16:48:56.006446,32355.24,moong
2025-10-15 16:48:56.006446,32506.96,moong
2025-10-16 16:48:56.006446,32655.7,moong
2025-10-17 16:48:56.006446,32783.03,moong
2025-10-18 16:48:56.006446,32948.64,moong
2025-10-19 16:48:56.006446,33036.62,moong
2025-10-20 16:48:56.006446,33232.41,moong
2025-10-21 16:48:56.006446,33450.33,moong
2025-10-22 16:48:56.006446,33747.78,moong
2025-10-23 16:48:56.006446,33952.72,moong
2025-10-24 16:48:56.006446,34234.93,moong
2025-10-25 16:48:56.006446,34485.91,moong
2025-10-26 16:48:56.006446,34784.87,moong
2025-10-27 16:48:56.006446,34949.19,moong
2025-10-28 16:48:56.006446,35055.79,moong
2025-10-29 16:48:56.006446,35194.74,moong
2025-10-30 16:48:56.006446,35261.59,moong
2025-10-31 16:48:56.006446,35370.35,moong
2025-11-01 16:48:56.006446,35356.79,moong
2025-11-02 16:48:56.006446,35408.26,moong
2025-11-03 16:48:56.006446,35367.03,moong
2025-11-04 16:48:56.006446,35318.81,moong
2025-11-05 16:48:56.006446,35261.35,moong
2025-11-06 16:48:56.006446,35244.03,moong
2025-11-07 16:48:56.006446,35192.78,moong
2025-11-08 16:48:56.006446,35175.65,moong
2025-11-09 16:48:56.006446,35197.8,moong
2025-11-10 16:48:56.006446,35321.88,moong
2025-11-11 16:48:56.006446,35440.81,moong
2025-11-12 16:48:56.006446,35561.44,moong
2025-11-13 16:48:56.006446,35620.77,moong
2025-11-14 16:48:56.006446,35673.9,moong
2025-11-15 16:48:56.006446,35712.83,moong
2025-11-16 16:48:56.006446,35786.77,moong
2025-11-17 16:48:56.006446,35803.67,moong
2025-11-18 16:48:56.006446,35685.39,moong
2025-11-19 16:48:56.006446,35509.85,moong
2025-11-20 16:48:56.006446,35415.85,moong
2025-11-21 16:48:56.006446,35484.85,moong
2025-11-22 16:48:56.006446,35572.82,moong
2025-11-23 16:48:56.006446,35595.92,moong
2025-11-24 16:48:56.006446,35544.87,moong
2025-11-25 16:48:56.006446,35569.56,moong
2025-11-26 16:48:56.006446,35601.69,moong
2025-11-27 16:48:56.006446,35717.24,moong
2025-11-28 16:48:56.006446,35714.82,moong
2025-11-29 16:48:56.006446,35733.53,moong
2025-11-30 16:48:56.006446,35607.57,moong
2025-12-01 16:48:56.006446,35347.93,moong
2025-12-02 16:48:56.006446,34984.73,moong
2025-12-03 16:48:56.006446,34568.39,moong
2025-12-04 16:48:56.006446,34233.62,moong
2025-12-05 16:48:56.006446,33834.48,moong
2025-12-06 16:48:56.006446,33483.44,moong
2025-12-07 16:48:56.006446,33182.2,moong
2025-12-08 16:48:56.006446,32956.0,moong
2025-12-09 16:48:56.006446,32667.54,moong
2025-12-10 16:48:56.006446,32326.49,moong
2025-12-11 16:48:56.006446,31953.47,moong
2025-12-12 16:48:56.006446,31639.6,moong
2025-12-13 16:48:56.006446,31387.0,moong
2025-12-14 16:48:56.006446,31143.36,moong
2025-12-15 16:48:56.006446,30944.27,moong
2025-12-16 16:48:56.006446,30748.98,moong
2025-12-17 16:48:56.006446,30559.42,moong
2025-12-18 16:48:56.006446,30391.48,moong
2025-12-19 16:48:56.006446,30219.28,moong
2025-12-20 16:48:56.006446,30053.1,moong
2025-12-21 16:48:56.006446,29868.53,moong
2025-12-22 16:48:56.006446,29622.68,moong
2025-12-23 16:48:56.006446,29414.61,moong
2025-12-24 16:48:56.006446,29154.75,moong
2025-12-25 16:48:56.006446,28964.17,moong
2025-12-26 16:48:56.006446,28711.62,moong
2025-12-27 16:48:56.006446,28495.32,moong
2025-12-28 16:48:56.006446,28276.3,moong
2025-12-29 16:48:56.006446,28172.85,moong
2025-12-30 16:48:56.006446,28105.62,moong
2025-12-31 16:48:56.006446,27835.0,moong
2026-01-01 16:48:56.006446,27404.85,moong
2026-01-02 16:48:56.006446,26754.72,moong
2026-01-03 16:48:56.006446,26161.67,moong
2026-01-04 16:48:56.006446,25520.44,moong
2026-01-05 16:48:56.006446,24913.85,moong
2026-01-06 16:48:56.006446,24449.0,moong
2026-01-07 16:48:56.006446,24064.3,moong
2026-01-08 16:48:56.006446,23692.3,moong
2026-01-09 16:48:56.006446,23208.81,moong
2026-01-10 16:48:56.006446,22651.04,moong
2026-01-11 16:48:56.006446,22129.81,moong
2026-01-12 16:48:56.006446,21608.69,moong
2026-01-13 16:48:56.006446,21154.86,moong
2026-01-14 16:48:56.006446,20627.86,moong
2026-01-15 16:48:56.006446,20177.09,moong
2026-01-16 16:48:56.006446,19707.79,moong
2026-01-17 16:48:56.006446,19412.12,moong
2026-01-18 16:48:56.006446,19131.71,moong
2026-01-19 16:48:56.006446,18955.6,moong
2026-01-20 16:48:56.006446,18690.68,moong
2026-01-21 16:48:56.006446,18359.11,moong
2026-01-22 16:48:56.006446,17953.63,moong
2026-01-23 16:48:56.006446,17591.36,moong
2026-01-24 16:48:56.006446,17309.92,moong
2026-01-25 16:48:56.006446,17065.31,moong
2026-01-26 16:48:56.006446,16855.91,moong
2026-01-27 16:48:56.006446,16697.54,moong
2026-01-28 16:48:56.006446,16458.76,moong
2026-01-29 16:48:56.006446,16174.78,moong
2026-01-30 16:48:56.006446,15867.71,moong
2026-01-31 16:48:56.006446,15518.39,moong
2026-02-01 16:48:56.006446,14991.59,moong
2026-02-02 16:48:56.006446,14269.95,moong
2026-02-03 16:48:56.006446,13559.86,moong
2026-02-04 16:48:56.006446,12915.03,moong
2026-02-05 16:48:56.006446,12282.44,moong
2026-02-06 16:48:56.006446,11653.54,moong
2026-02-07 16:48:56.006446,11103.31,moong
2026-02-08 16:48:56.006446,10520.05,moong
2026-02-09 16:48:56.006446,9988.96,moong
2026-02-10 16:48:56.006446,9473.68,moong
2026-02-11 16:48:56.006446,9088.98,moong
2026-02-12 16:48:56.006446,8650.76,moong
2026-02-13 16:48:56.006446,8171.41,moong
2026-02-14 16:48:56.006446,7667.11,moong
2026-02-15 16:48:56.006446,7196.33,moong
2026-02-16 16:48:56.006446,6762.22,moong
2026-02-17 16:48:56.006446,6388.13,moong
2026-02-18 16:48:56.006446,6131.3,moong
2026-02-19 16:48:56.006446,5974.85,moong
2026-02-20 16:48:56.006446,5753.48,moong
2026-02-21 16:48:56.006446,5415.03,moong
2026-02-22 16:48:56.006446,4995.53,moong
2026-02-23 16:48:56.006446,4587.01,moong
2026-02-24 16:48:56.006446,4142.77,moong
2026-02-25 16:48:56.006446,3740.04,moong
2026-02-26 16:48:56.006446,3416.19,moong
2026-02-27 16:48:56.006446,3297.75,moong
2026-02-28 16:48:56.006446,3250.0,moong
2026-03-01 16:48:56.006446,3250.0,moong
2026-03-02 16:48:56.006446,3250.0,moong
2026-03-03 16:48:56.006446,3250.0,moong
2026-03-04 16:48:56.006446,3250.0,moong
2026-03-05 16:48:56.006446,3250.0,moong
2026-03-06 16:48:56.006446,3250.0,moong
2026-03-07 16:48:56.006446,3250.0,moong
2026-03-08 16:48:56.006446,3250.0,moong
2026-03-09 16:48:56.006446,3250.0,moong
2026-03-10 16:48:56.006446,3250.0,moong
2026-03-11 16:48:56.006446,3250.0,moong
2026-03-12 16:48:56.006446,3250.0,moong
2026-03-13 16:48:56.006446,3250.0,moong
2026-03-14 16:48:56.006446,3250.0,moong
2026-03-15 16:48:56.006446,3250.0,moong
2026-03-16 16:48:56.006446,3250.0,moong
2026-03-17 16:48:56.006446,3250.0,moong
2026-03-18 16:48:56.006446,3250.0,moong
2026-03-19 16:48:56.006446,3250.0,moong
2026-03-20 16:48:56.006446,3250.0,moong
2026-03-21 16:48:56.006446,3250.0,moong
2026-03-22 16:48:56.006446,3250.0,moong
2026-03-23 16:48:56.006446,3250.0,moong
2026-03-24 16:48:56.006446,3250.0,moong
2026-03-25 16:48:56.006446,3250.0,moong
2026-03-26 16:48:56.006446,3250.0,moong
2026-03-27 16:48:56.006446,3250.0,moong
2026-03-28 16:48:56.006446,3250.0,moong
2026-03-29 16:48:56.006446,3250.0,moong
2026-03-30 16:48:56.006446,3250.0,moong
2026-03-31 16:48:56.006446,3250.0,moong
2026-04-01 16:48:56.006446,3250.0,moong
2026-04-02 16:48:56.006446,3250.0,moong
2026-04-03 16:48:56.006446,3250.0,moong
2026-04-04 16:48:56.006446,3250.0,moong
2026-04-05 16:48:56.006446,3250.0,moong
2026-04-06 16:48:56.006446,3250.0,moong
2026-04-07 16:48:56.006446,3250.0,moong
2026-04-08 16:48:56.006446,3250.0,moong
2026-04-09 16:48:56.006446,3250.0,moong
2026-04-10 16:48:56.006446,3250.0,moong
2026-04-11 16:48:56.006446,2166.67,moong
2023-04-12 16:48:56.014461,3158.53,urad
2023-04-13 16:48:56.014461,4310.36,urad
2023-04-14 16:48:56.014461,3590.36,urad
2023-04-15 16:48:56.014461,3151.83,urad
2023-04-16 16:48:56.014461,3000.0,urad
2023-04-17 16:48:56.014461,3000.0,urad
2023-04-18 16:48:56.014461,3000.0,urad
2023-04-19 16:48:56.014461,3000.0,urad
2023-04-20 16:48:56.014461,3000.0,urad
2023-04-21 16:48:56.014461,3000.0,urad
2023-04-22 16:48:56.014461,3000.0,urad
2023-04-23 16:48:56.014461,3000.0,urad
2023-04-24 16:48:56.014461,3000.0,urad
2023-04-25 16:48:56.014461,3000.0,urad
2023-04-26 16:48:56.014461,3000.0,urad
2023-04-27 16:48:56.014461,3000.0,urad
2023-04-28 16:48:56.014461,3000.0,urad
2023-04-29 16:48:56.014461,3000.0,urad
2023-04-30 16:48:56.014461,3000.0,urad
2023-05-01 16:48:56.014461,3000.0,urad
2023-05-02 16:48:56.014461,3000.0,urad
2023-05-03 16:48:56.014461,3000.0,urad
2023-05-04 16:48:56.014461,3000.0,urad
2023-05-05 16:48:56.014461,3000.0,urad
2023-05-06 16:48:56.014461,3000.0,urad
2023-05-07 16:48:56.014461,3000.0,urad
2023-05-08 16:48:56.014461,3000.0,urad
2023-05-09 16:48:56.014461,3000.0,urad
2023-05-10 16:48:56.014461,3000.0,urad
2023-05-11 16:48:56.014461,3000.0,urad
2023-05-12 16:48:56.014461,3000.0,urad
2023-05-13 16:48:56.014461,3000.0,urad
2023-05-14 16:48:56.014461,3000.0,urad
2023-05-15 16:48:56.014461,3000.0,urad
2023-05-16 16:48:56.014461,3000.0,urad
2023-05-17 16:48:56.014461,3000.0,urad
2023-05-18 16:48:56.014461,3000.0,urad
2023-05-19 16:48:56.014461,3000.0,urad
2023-05-20 16:48:56.014461,3000.0,urad
2023-05-21 16:48:56.014461,3000.0,urad
2023-05-22 16:48:56.014461,3000.0,urad
2023-05-23 16:48:56.014461,3000.0,urad
2023-05-24 16:48:56.014461,3000.0,urad
2023-05-25 16:48:56.014461,3000.0,urad
2023-05-26 16:48:56.014461,3000.0,urad
2023-05-27 16:48:56.014461,3000.0,urad
2023-05-28 16:48:56.014461,3000.0,urad
2023-05-29 16:48:56.014461,3000.0,urad
2023-05-30 16:48:56.014461,3000.0,urad
2023-05-31 16:48:56.014461,3000.0,urad
2023-06-01 16:48:56.014461,3000.0,urad
2023-06-02 16:48:56.014461,3000.0,urad
2023-06-03 16:48:56.014461,3000.0,urad
2023-06-04 16:48:56.014461,3000.0,urad
2023-06-05 16:48:56.014461,3000.0,urad
2023-06-06 16:48:56.014461,3000.0,urad
2023-06-07 16:48:56.014461,3000.0,urad
2023-06-08 16:48:56.014461,3000.0,urad
2023-06-09 16:48:56.014461,3000.0,urad
2023-06-10 16:48:56.014461,3000.0,urad
2023-06-11 16:48:56.014461,3000.0,urad
2023-06-12 16:48:56.014461,3000.0,urad
2023-06-13 16:48:56.014461,3000.0,urad
2023-06-14 16:48:56.014461,3000.0,urad
2023-06-15 16:48:56.014461,3000.0,urad
2023-06-16 16:48:56.014461,3000.0,urad
2023-06-17 16:48:56.014461,3000.0,urad
2023-06-18 16:48:56.014461,3000.0,urad
2023-06-19 16:48:56.014461,3000.0,urad
2023-06-20 16:48:56.014461,3000.0,urad
2023-06-21 16:48:56.014461,3000.0,urad
2023-06-22 16:48:56.014461,3000.0,urad
2023-06-23 16:48:56.014461,3000.0,urad
2023-06-24 16:48:56.014461,3000.0,urad
2023-06-25 16:48:56.014461,3000.0,urad
2023-06-26 16:48:56.014461,3000.0,urad
2023-06-27 16:48:56.014461,3000.0,urad
2023-06-28 16:48:56.014461,3000.0,urad
2023-06-29 16:48:56.014461,3000.0,urad
2023-06-30 16:48:56.014461,3097.03,urad
2023-07-01 16:48:56.014461,3210.97,urad
2023-07-02 16:48:56.014461,3333.08,urad
2023-07-03 16:48:56.014461,3435.45,urad
2023-07-04 16:48:56.014461,3565.8,urad
2023-07-05 16:48:56.014461,3732.83,urad
2023-07-06 16:48:56.014461,3814.08,urad
2023-07-07 16:48:56.014461,3854.56,urad
2023-07-08 16:48:56.014461,3863.7,urad
2023-07-09 16:48:56.014461,3907.21,urad
2023-07-10 16:48:56.014461,4010.24,urad
2023-07-11 16:48:56.014461,4050.92,urad
2023-07-12 16:48:56.014461,4114.31,urad
2023-07-13 16:48:56.014461,4111.51,urad
2023-07-14 16:48:56.014461,4116.03,urad
2023-07-15 16:48:56.014461,4125.18,urad
2023-07-16 16:48:56.014461,4230.01,urad
2023-07-17 16:48:56.014461,4423.35,urad
2023-07-18 16:48:56.014461,4577.37,urad
2023-07-19 16:48:56.014461,4572.07,urad
2023-07-20 16:48:56.014461,4511.33,urad
2023-07-21 16:48:56.014461,4421.63,urad
2023-07-22 16:48:56.014461,4466.48,urad
2023-07-23 16:48:56.014461,4457.21,urad
2023-07-24 16:48:56.014461,4511.11,urad
2023-07-25 16:48:56.014461,4476.96,urad
2023-07-26 16:48:56.014461,4554.45,urad
2023-07-27 16:48:56.014461,4654.04,urad
2023-07-28 16:48:56.014461,4755.05,urad
2023-07-29 16:48:56.014461,4900.38,urad
2023-07-30 16:48:56.014461,4979.31,urad
2023-07-31 16:48:56.014461,5325.92,urad
2023-08-01 16:48:56.014461,5735.08,urad
2023-08-02 16:48:56.014461,6243.49,urad
2023-08-03 16:48:56.014461,6654.13,urad
2023-08-04 16:48:56.014461,7132.01,urad
2023-08-05 16:48:56.014461,7630.11,urad
2023-08-06 16:48:56.014461,8095.04,urad
2023-08-07 16:48:56.014461,8498.44,urad
2023-08-08 16:48:56.014461,8922.23,urad
2023-08-09 16:48:56.014461,9405.33,urad
2023-08-10 16:48:56.014461,9840.0,urad
2023-08-11 16:48:56.014461,10190.95,urad
2023-08-12 16:48:56.014461,10468.25,urad
2023-08-13 16:48:56.014461,10774.96,urad
2023-08-14 16:48:56.014461,11118.9,urad
2023-08-15 16:48:56.014461,11438.78,urad
2023-08-16 16:48:56.014461,11747.1,urad
2023-08-17 16:48:56.014461,11993.16,urad
2023-08-18 16:48:56.014461,12233.9,urad
2023-08-19 16:48:56.014461,12468.87,urad
2023-08-20 16:48:56.014461,12743.04,urad
2023-08-21 16:48:56.014461,12973.0,urad
2023-08-22 16:48:56.014461,13187.59,urad
2023-08-23 16:48:56.014461,13385.52,urad
2023-08-24 16:48:56.014461,13681.34,urad
2023-08-25 16:48:56.014461,13935.83,urad
2023-08-26 16:48:56.014461,14152.86,urad
2023-08-27 16:48:56.014461,14268.21,urad
2023-08-28 16:48:56.014461,14361.65,urad
2023-08-29 16:48:56.014461,14521.09,urad
2023-08-30 16:48:56.014461,14675.69,urad
2023-08-31 16:48:56.014461,14963.35,urad
2023-09-01 16:48:56.014461,15292.04,urad
2023-09-02 16:48:56.014461,15816.55,urad
2023-09-03 16:48:56.014461,16243.82,urad
2023-09-04 16:48:56.014461,16708.1,urad
2023-09-05 16:48:56.014461,17095.95,urad
2023-09-06 16:48:56.014461,17551.87,urad
2023-09-07 16:48:56.014461,18031.69,urad
2023-09-08 16:48:56.014461,18436.34,urad
2023-09-09 16:48:56.014461,18812.72,urad
2023-09-10 16:48:56.014461,19077.55,urad
2023-09-11 16:48:56.014461,19409.28,urad
2023-09-12 16:48:56.014461,19684.09,urad
2023-09-13 16:48:56.014461,19954.96,urad
2023-09-14 16:48:56.014461,20214.47,urad
2023-09-15 16:48:56.014461,20460.87,urad
2023-09-16 16:48:56.014461,20716.35,urad
2023-09-17 16:48:56.014461,20989.33,urad
2023-09-18 16:48:56.014461,21323.31,urad
2023-09-19 16:48:56.014461,21739.14,urad
2023-09-20 16:48:56.014461,22132.26,urad
2023-09-21 16:48:56.014461,22545.76,urad
2023-09-22 16:48:56.014461,22866.59,urad
2023-09-23 16:48:56.014461,23159.29,urad
2023-09-24 16:48:56.014461,23422.53,urad
2023-09-25 16:48:56.014461,23705.39,urad
2023-09-26 16:48:56.014461,23976.5,urad
2023-09-27 16:48:56.014461,24145.85,urad
2023-09-28 16:48:56.014461,24304.09,urad
2023-09-29 16:48:56.014461,24399.11,urad
2023-09-30 16:48:56.014461,24636.27,urad
2023-10-01 16:48:56.014461,24935.38,urad
2023-10-02 16:48:56.014461,25298.68,urad
2023-10-03 16:48:56.014461,25558.22,urad
2023-10-04 16:48:56.014461,25771.64,urad
2023-10-05 16:48:56.014461,25983.56,urad
2023-10-06 16:48:56.014461,26330.8,urad
2023-10-07 16:48:56.014461,26655.65,urad
2023-10-08 16:48:56.014461,27001.38,urad
2023-10-09 16:48:56.014461,27246.35,urad
2023-10-10 16:48:56.014461,27457.54,urad
2023-10-11 16:48:56.014461,27644.14,urad
2023-10-12 16:48:56.014461,27788.5,urad
2023-10-13 16:48:56.014461,27924.23,urad
2023-10-14 16:48:56.014461,28073.38,urad
2023-10-15 16:48:56.014461,28174.98,urad
2023-10-16 16:48:56.014461,28228.44,urad
2023-10-17 16:48:56.014461,28263.92,urad
2023-10-18 16:48:56.014461,28395.33,urad
2023-10-19 16:48:56.014461,28626.99,urad
2023-10-20 16:48:56.014461,28813.39,urad
2023-10-21 16:48:56.014461,28955.89,urad
2023-10-22 16:48:56.014461,29032.52,urad
2023-10-23 16:48:56.014461,29164.25,urad
2023-10-24 16:48:56.014461,29273.45,urad
2023-10-25 16:48:56.014461,29477.12,urad
2023-10-26 16:48:56.014461,29621.94,urad
2023-10-27 16:48:56.014461,29773.45,urad
2023-10-28 16:48:56.014461,29838.74,urad
2023-10-29 16:48:56.014461,29886.29,urad
2023-10-30 16:48:56.014461,29967.23,urad
2023-10-31 16:48:56.014461,29971.85,urad
2023-11-01 16:48:56.014461,30069.99,urad
2023-11-02 16:48:56.014461,30165.78,urad
2023-11-03 16:48:56.014461,30306.57,urad
2023-11-04 16:48:56.014461,30350.94,urad
2023-11-05 16:48:56.014461,30354.78,urad
2023-11-06 16:48:56.014461,30343.53,urad
2023-11-07 16:48:56.014461,30364.22,urad
2023-11-08 16:48:56.014461,30415.97,urad
2023-11-09 16:48:56.014461,30482.15,urad
2023-11-10 16:48:56.014461,30507.9,urad
2023-11-11 16:48:56.014461,30459.45,urad
2023-11-12 16:48:56.014461,30364.24,urad
2023-11-13 16:48:56.014461,30297.5,urad
2023-11-14 16:48:56.014461,30340.79,urad
2023-11-15 16:48:56.014461,30451.42,urad
2023-11-16 16:48:56.014461,30581.29,urad
2023-11-17 16:48:56.014461,30711.8,urad
2023-11-18 16:48:56.014461,30823.44,urad
2023-11-19 16:48:56.014461,30867.58,urad
2023-11-20 16:48:56.014461,30842.18,urad
2023-11-21 16:48:56.014461,30860.79,urad
2023-11-22 16:48:56.014461,30944.36,urad
2023-11-23 16:48:56.014461,30998.22,urad
2023-11-24 16:48:56.014461,30989.79,urad
2023-11-25 16:48:56.014461,31011.67,urad
2023-11-26 16:48:56.014461,31019.05,urad
2023-11-27 16:48:56.014461,31063.24,urad
2023-11-28 16:48:56.014461,31032.71,urad
2023-11-29 16:48:56.014461,31047.7,urad
2023-11-30 16:48:56.014461,30906.19,urad
2023-12-01 16:48:56.014461,30629.73,urad
2023-12-02 16:48:56.014461,30248.98,urad
2023-12-03 16:48:56.014461,29942.99,urad
2023-12-04 16:48:56.014461,29667.73,urad
2023-12-05 16:48:56.014461,29374.3,urad
2023-12-06 16:48:56.014461,29008.68,urad
2023-12-07 16:48:56.014461,28576.66,urad
2023-12-08 16:48:56.014461,28201.49,urad
2023-12-09 16:48:56.014461,27845.41,urad
2023-12-10 16:48:56.014461,27691.0,urad
2023-12-11 16:48:56.014461,27514.56,urad
2023-12-12 16:48:56.014461,27352.13,urad
2023-12-13 16:48:56.014461,27115.48,urad
2023-12-14 16:48:56.014461,26877.44,urad
2023-12-15 16:48:56.014461,26612.72,urad
2023-12-16 16:48:56.014461,26297.3,urad
2023-12-17 16:48:56.014461,26020.47,urad
2023-12-18 16:48:56.014461,25809.15,urad
2023-12-19 16:48:56.014461,25648.63,urad
2023-12-20 16:48:56.014461,25458.09,urad
2023-12-21 16:48:56.014461,25302.68,urad
2023-12-22 16:48:56.014461,25128.85,urad
2023-12-23 16:48:56.014461,24996.12,urad
2023-12-24 16:48:56.014461,24841.68,urad
2023-12-25 16:48:56.014461,24689.48,urad
2023-12-26 16:48:56.014461,24558.16,urad
2023-12-27 16:48:56.014461,24404.67,urad
2023-12-28 16:48:56.014461,24298.73,urad
2023-12-29 16:48:56.014461,24159.75,urad
2023-12-30 16:48:56.014461,24148.24,urad
2023-12-31 16:48:56.014461,24001.14,urad
2024-01-01 16:48:56.014461,23734.06,urad
2024-01-02 16:48:56.014461,23242.21,urad
2024-01-03 16:48:56.014461,22726.93,urad
2024-01-04 16:48:56.014461,22182.41,urad
2024-01-05 16:48:56.014461,21658.22,urad
2024-01-06 16:48:56.014461,21171.15,urad
2024-01-07 16:48:56.014461,20757.81,urad
2024-01-08 16:48:56.014461,20330.35,urad
2024-01-09 16:48:56.014461,19964.15,urad
2024-01-10 16:48:56.014461,19567.23,urad
2024-01-11 16:48:56.014461,19272.01,urad
2024-01-12 16:48:56.014461,18902.83,urad
2024-01-13 16:48:56.014461,18601.4,urad
2024-01-14 16:48:56.014461,18294.62,urad
2024-01-15 16:48:56.014461,17994.55,urad
2024-01-16 16:48:56.014461,17709.11,urad
2024-01-17 16:48:56.014461,17377.43,urad
2024-01-18 16:48:56.014461,17080.15,urad
2024-01-19 16:48:56.014461,16783.71,urad
2024-01-20 16:48:56.014461,16537.01,urad
2024-01-21 16:48:56.014461,16261.94,urad
2024-01-22 16:48:56.014461,15886.17,urad
2024-01-23 16:48:56.014461,15509.92,urad
2024-01-24 16:48:56.014461,15185.98,urad
2024-01-25 16:48:56.014461,14924.17,urad
2024-01-26 16:48:56.014461,14649.69,urad
2024-01-27 16:48:56.014461,14346.86,urad
2024-01-28 16:48:56.014461,14057.44,urad
2024-01-29 16:48:56.014461,13739.59,urad
2024-01-30 16:48:56.014461,13585.38,urad
2024-01-31 16:48:56.014461,13300.13,urad
2024-02-01 16:48:56.014461,12913.54,urad
2024-02-02 16:48:56.014461,12219.11,urad
2024-02-03 16:48:56.014461,11609.31,urad
2024-02-04 16:48:56.014461,11062.39,urad
2024-02-05 16:48:56.014461,10541.11,urad
2024-02-06 16:48:56.014461,9964.54,urad
2024-02-07 16:48:56.014461,9365.21,urad
2024-02-08 16:48:56.014461,8786.21,urad
2024-02-09 16:48:56.014461,8223.14,urad
2024-02-10 16:48:56.014461,7724.99,urad
2024-02-11 16:48:56.014461,7304.04,urad
2024-02-12 16:48:56.014461,6887.63,urad
2024-02-13 16:48:56.014461,6470.44,urad
2024-02-14 16:48:56.014461,6074.24,urad
2024-02-15 16:48:56.014461,5711.69,urad
2024-02-16 16:48:56.014461,5294.89,urad
2024-02-17 16:48:56.014461,4817.92,urad
2024-02-18 16:48:56.014461,4422.11,urad
2024-02-19 16:48:56.014461,4095.31,urad
2024-02-20 16:48:56.014461,3837.26,urad
2024-02-21 16:48:56.014461,3520.96,urad
2024-02-22 16:48:56.014461,3235.92,urad
2024-02-23 16:48:56.014461,3061.57,urad
2024-02-24 16:48:56.014461,3000.0,urad
2024-02-25 16:48:56.014461,3000.0,urad
2024-02-26 16:48:56.014461,3000.0,urad
2024-02-27 16:48:56.014461,3000.0,urad
2024-02-28 16:48:56.014461,3000.0,urad
2024-02-29 16:48:56.014461,3000.0,urad
2024-03-01 16:48:56.014461,3000.0,urad
2024-03-02 16:48:56.014461,3000.0,urad
2024-03-03 16:48:56.014461,3000.0,urad
2024-03-04 16:48:56.014461,3000.0,urad
2024-03-05 16:48:56.014461,3000.0,urad
2024-03-06 16:48:56.014461,3000.0,urad
2024-03-07 16:48:56.014461,3000.0,urad
2024-03-08 16:48:56.014461,3000.0,urad
2024-03-09 16:48:56.014461,3000.0,urad
2024-03-10 16:48:56.014461,3000.0,urad
2024-03-11 16:48:56.014461,3000.0,urad
2024-03-12 16:48:56.014461,3000.0,urad
2024-03-13 16:48:56.014461,3000.0,urad
2024-03-14 16:48:56.014461,3000.0,urad
2024-03-15 16:48:56.014461,3000.0,urad
2024-03-16 16:48:56.014461,3000.0,urad
2024-03-17 16:48:56.014461,3000.0,urad
2024-03-18 16:48:56.014461,3000.0,urad
2024-03-19 16:48:56.014461,3000.0,urad
2024-03-20 16:48:56.014461,3000.0,urad
2024-03-21 16:48:56.014461,3000.0,urad
2024-03-22 16:48:56.014461,3000.0,urad
2024-03-23 16:48:56.014461,3000.0,urad
2024-03-24 16:48:56.014461,3000.0,urad
2024-03-25 16:48:56.014461,3000.0,urad
2024-03-26 16:48:56.014461,3000.0,urad
2024-03-27 16:48:56.014461,3000.0,urad
2024-03-28 16:48:56.014461,3000.0,urad
2024-03-29 16:48:56.014461,3000.0,urad
2024-03-30 16:48:56.014461,3000.0,urad
2024-03-31 16:48:56.014461,3000.0,urad
2024-04-01 16:48:56.014461,3000.0,urad
2024-04-02 16:48:56.014461,3000.0,urad
2024-04-03 16:48:56.014461,3000.0,urad
2024-04-04 16:48:56.014461,3000.0,urad
2024-04-05 16:48:56.014461,3000.0,urad
2024-04-06 16:48:56.014461,3000.0,urad
2024-04-07 16:48:56.014461,3000.0,urad
2024-04-08 16:48:56.014461,3000.0,urad
2024-04-09 16:48:56.014461,3000.0,urad
2024-04-10 16:48:56.014461,3000.0,urad
2024-04-11 16:48:56.014461,3000.0,urad
2024-04-12 16:48:56.014461,3000.0,urad
2024-04-13 16:48:56.014461,3000.0,urad
2024-04-14 16:48:56.014461,3000.0,urad
2024-04-15 16:48:56.014461,3000.0,urad
2024-04-16 16:48:56.014461,3000.0,urad
2024-04-17 16:48:56.014461,3000.0,urad
2024-04-18 16:48:56.014461,3000.0,urad
2024-04-19 16:48:56.014461,3000.0,urad
2024-04-20 16:48:56.014461,3000.0,urad
2024-04-21 16:48:56.014461,3000.0,urad
2024-04-22 16:48:56.014461,3000.0,urad
2024-04-23 16:48:56.014461,3000.0,urad
2024-04-24 16:48:56.014461,3000.0,urad
2024-04-25 16:48:56.014461,3000.0,urad
2024-04-26 16:48:56.014461,3000.0,urad
2024-04-27 16:48:56.014461,3000.0,urad
2024-04-28 16:48:56.014461,3000.0,urad
2024-04-29 16:48:56.014461,3000.0,urad
2024-04-30 16:48:56.014461,3000.0,urad
2024-05-01 16:48:56.014461,3000.0,urad
2024-05-02 16:48:56.014461,3000.0,urad
2024-05-03 16:48:56.014461,3000.0,urad
2024-05-04 16:48:56.014461,3000.0,urad
2024-05-05 16:48:56.014461,3000.0,urad
2024-05-06 16:48:56.014461,3000.0,urad
2024-05-07 16:48:56.014461,3000.0,urad
2024-05-08 16:48:56.014461,3000.0,urad
2024-05-09 16:48:56.014461,3000.0,urad
2024-05-10 16:48:56.014461,3000.0,urad
2024-05-11 16:48:56.014461,3000.0,urad
2024-05-12 16:48:56.014461,3000.0,urad
2024-05-13 16:48:56.014461,3000.0,urad
2024-05-14 16:48:56.014461,3000.0,urad
2024-05-15 16:48:56.014461,3000.0,urad
2024-05-16 16:48:56.014461,3000.0,urad
2024-05-17 16:48:56.014461,3000.0,urad
2024-05-18 16:48:56.014461,3000.0,urad
2024-05-19 16:48:56.014461,3000.0,urad
2024-05-20 16:48:56.014461,3000.0,urad
2024-05-21 16:48:56.014461,3000.0,urad
2024-05-22 16:48:56.014461,3000.0,urad
2024-05-23 16:48:56.014461,3000.0,urad
2024-05-24 16:48:56.014461,3000.0,urad
2024-05-25 16:48:56.014461,3000.0,urad
2024-05-26 16:48:56.014461,3000.0,urad
2024-05-27 16:48:56.014461,3000.0,urad
2024-05-28 16:48:56.014461,3000.0,urad
2024-05-29 16:48:56.014461,3000.0,urad
2024-05-30 16:48:56.014461,3000.0,urad
2024-05-31 16:48:56.014461,3000.0,urad
2024-06-01 16:48:56.014461,3000.0,urad
2024-06-02 16:48:56.014461,3000.0,urad
2024-06-03 16:48:56.014461,3000.0,urad
2024-06-04 16:48:56.014461,3000.0,urad
2024-06-05 16:48:56.014461,3000.0,urad
2024-06-06 16:48:56.014461,3000.0,urad
2024-06-07 16:48:56.014461,3000.0,urad
2024-06-08 16:48:56.014461,3000.0,urad
2024-06-09 16:48:56.014461,3000.0,urad
2024-06-10 16:48:56.014461,3000.0,urad
2024-06-11 16:48:56.014461,3000.0,urad
2024-06-12 16:48:56.014461,3000.0,urad
2024-06-13 16:48:56.014461,3000.0,urad
2024-06-14 16:48:56.014461,3000.0,urad
2024-06-15 16:48:56.014461,3000.0,urad
2024-06-16 16:48:56.014461,3000.0,urad
2024-06-17 16:48:56.014461,3000.0,urad
2024-06-18 16:48:56.014461,3000.0,urad
2024-06-19 16:48:56.014461,3000.0,urad
2024-06-20 16:48:56.014461,3000.0,urad
2024-06-21 16:48:56.014461,3000.0,urad
2024-06-22 16:48:56.014461,3000.0,urad
2024-06-23 16:48:56.014461,3000.0,urad
2024-06-24 16:48:56.014461,3000.0,urad
2024-06-25 16:48:56.014461,3000.0,urad
2024-06-26 16:48:56.014461,3000.0,urad
2024-06-27 16:48:56.014461,3000.0,urad
2024-06-28 16:48:56.014461,3000.0,urad
2024-06-29 16:48:56.014461,3000.0,urad
2024-06-30 16:48:56.014461,3003.15,urad
2024-07-01 16:48:56.014461,3046.42,urad
2024-07-02 16:48:56.014461,3128.06,urad
2024-07-03 16:48:56.014461,3259.0,urad
2024-07-04 16:48:56.014461,3360.34,urad
2024-07-05 16:48:56.014461,3472.45,urad
2024-07-06 16:48:56.014461,3522.42,urad
2024-07-07 16:48:56.014461,3579.63,urad
2024-07-08 16:48:56.014461,3648.22,urad
2024-07-09 16:48:56.014461,3776.24,urad
2024-07-10 16:48:56.014461,3932.69,urad
2024-07-11 16:48:56.014461,4033.02,urad
2024-07-12 16:48:56.014461,4063.87,urad
2024-07-13 16:48:56.014461,4058.0,urad
2024-07-14 16:48:56.014461,3999.15,urad
2024-07-15 16:48:56.014461,3914.18,urad
2024-07-16 16:48:56.014461,3781.25,urad
2024-07-17 16:48:56.014461,3734.8,urad
2024-07-18 16:48:56.014461,3806.15,urad
2024-07-19 16:48:56.014461,4032.15,urad
2024-07-20 16:48:56.014461,4219.51,urad
2024-07-21 16:48:56.014461,4381.59,urad
2024-07-22 16:48:56.014461,4436.28,urad
2024-07-23 16:48:56.014461,4502.36,urad
2024-07-24 16:48:56.014461,4596.56,urad
2024-07-25 16:48:56.014461,4662.51,urad
2024-07-26 16:48:56.014461,4755.51,urad
2024-07-27 16:48:56.014461,4800.62,urad
2024-07-28 16:48:56.014461,5035.99,urad
2024-07-29 16:48:56.014461,5223.28,urad
2024-07-30 16:48:56.014461,5319.17,urad
2024-07-31 16:48:56.014461,5400.33,urad
2024-08-01 16:48:56.014461,5628.24,urad
2024-08-02 16:48:56.014461,6050.04,urad
2024-08-03 16:48:56.014461,6448.11,urad
2024-08-04 16:48:56.014461,6871.95,urad
2024-08-05 16:48:56.014461,7311.23,urad
2024-08-06 16:48:56.014461,7818.04,urad
2024-08-07 16:48:56.014461,8300.44,urad
2024-08-08 16:48:56.014461,8822.61,urad
2024-08-09 16:48:56.014461,9289.71,urad
2024-08-10 16:48:56.014461,9728.24,urad
2024-08-11 16:48:56.014461,10103.07,urad
2024-08-12 16:48:56.014461,10468.47,urad
2024-08-13 16:48:56.014461,10777.7,urad
2024-08-14 16:48:56.014461,11095.83,urad
2024-08-15 16:48:56.014461,11430.87,urad
2024-08-16 16:48:56.014461,11780.62,urad
2024-08-17 16:48:56.014461,12143.47,urad
2024-08-18 16:48:56.014461,12426.28,urad
2024-08-19 16:48:56.014461,12801.57,urad
2024-08-20 16:48:56.014461,13109.75,urad
2024-08-21 16:48:56.014461,13376.22,urad
2024-08-22 16:48:56.014461,13664.95,urad
2024-08-23 16:48:56.014461,13990.25,urad
2024-08-24 16:48:56.014461,14332.26,urad
2024-08-25 16:48:56.014461,14523.92,urad
2024-08-26 16:48:56.014461,14663.5,urad
2024-08-27 16:48:56.014461,14770.66,urad
2024-08-28 16:48:56.014461,14892.54,urad
2024-08-29 16:48:56.014461,14991.09,urad
2024-08-30 16:48:56.014461,15102.91,urad
2024-08-31 16:48:56.014461,15273.39,urad
2024-09-01 16:48:56.014461,15513.87,urad
2024-09-02 16:48:56.014461,15835.25,urad
2024-09-03 16:48:56.014461,16153.33,urad
2024-09-04 16:48:56.014461,16507.66,urad
2024-09-05 16:48:56.014461,16943.71,urad
2024-09-06 16:48:56.014461,17374.25,urad
2024-09-07 16:48:56.014461,17803.19,urad
2024-09-08 16:48:56.014461,18178.59,urad
2024-09-09 16:48:56.014461,18601.67,urad
2024-09-10 16:48:56.014461,19023.09,urad
2024-09-11 16:48:56.014461,19394.07,urad
2024-09-12 16:48:56.014461,19721.0,urad
2024-09-13 16:48:56.014461,20018.01,urad
2024-09-14 16:48:56.014461,20337.99,urad
2024-09-15 16:48:56.014461,20608.82,urad
2024-09-16 16:48:56.014461,20791.95,urad
2024-09-17 16:48:56.014461,20952.91,urad
2024-09-18 16:48:56.014461,21159.64,urad
2024-09-19 16:48:56.014461,21476.05,urad
2024-09-20 16:48:56.014461,21794.25,urad
2024-09-21 16:48:56.014461,22115.21,urad
2024-09-22 16:48:56.014461,22396.12,urad
2024-09-23 16:48:56.014461,22646.24,urad
2024-09-24 16:48:56.014461,22899.42,urad
2024-09-25 16:48:56.014461,23106.05,urad
2024-09-26 16:48:56.014461,23376.47,urad
2024-09-27 16:48:56.014461,23682.64,urad
2024-09-28 16:48:56.014461,23984.31,urad
2024-09-29 16:48:56.014461,24235.13,urad
2024-09-30 16:48:56.014461,24476.98,urad
2024-10-01 16:48:56.014461,24823.31,urad
2024-10-02 16:48:56.014461,25114.32,urad
2024-10-03 16:48:56.014461,25274.51,urad
2024-10-04 16:48:56.014461,25405.02,urad
2024-10-05 16:48:56.014461,25575.88,urad
2024-10-06 16:48:56.014461,25876.58,urad
2024-10-07 16:48:56.014461,26171.66,urad
2024-10-08 16:48:56.014461,26409.82,urad
2024-10-09 16:48:56.014461,26681.3,urad
2024-10-10 16:48:56.014461,26844.75,urad
2024-10-11 16:48:56.014461,27015.56,urad
2024-10-12 16:48:56.014461,27072.91,urad
2024-10-13 16:48:56.014461,27228.32,urad
2024-10-14 16:48:56.014461,27464.86,urad
2024-10-15 16:48:56.014461,27706.39,urad
2024-10-16 16:48:56.014461,27859.88,urad
2024-10-17 16:48:56.014461,27963.27,urad
2024-10-18 16:48:56.014461,28077.32,urad
2024-10-19 16:48:56.014461,28211.3,urad
2024-10-20 16:48:56.014461,28317.97,urad
2024-10-21 16:48:56.014461,28374.86,urad
2024-10-22 16:48:56.014461,28458.83,urad
2024-10-23 16:48:56.014461,28493.03,urad
2024-10-24 16:48:56.014461,28572.06,urad
2024-10-25 16:48:56.014461,28575.9,urad
2024-10-26 16:48:56.014461,28693.77,urad
2024-10-27 16:48:56.014461,28853.14,urad
2024-10-28 16:48:56.014461,29116.73,urad
2024-10-29 16:48:56.014461,29385.97,urad
2024-10-30 16:48:56.014461,29545.62,urad
2024-10-31 16:48:56.014461,29565.74,urad
2024-11-01 16:48:56.014461,29422.52,urad
2024-11-02 16:48:56.014461,29340.02,urad
2024-11-03 16:48:56.014461,29370.16,urad
2024-11-04 16:48:56.014461,29490.44,urad
2024-11-05 16:48:56.014461,29587.63,urad
2024-11-06 16:48:56.014461,29668.1,urad
2024-11-07 16:48:56.014461,29670.56,urad
2024-11-08 16:48:56.014461,29587.54,urad
2024-11-09 16:48:56.014461,29450.64,urad
2024-11-10 16:48:56.014461,29373.58,urad
2024-11-11 16:48:56.014461,29368.72,urad
2024-11-12 16:48:56.014461,29407.67,urad
2024-11-13 16:48:56.014461,29414.63,urad
2024-11-14 16:48:56.014461,29361.49,urad
2024-11-15 16:48:56.014461,29285.94,urad
2024-11-16 16:48:56.014461,29202.04,urad
2024-11-17 16:48:56.014461,29213.22,urad
2024-11-18 16:48:56.014461,29282.92,urad
2024-11-19 16:48:56.014461,29364.43,urad
2024-11-20 16:48:56.014461,29381.97,urad
2024-11-21 16:48:56.014461,29299.13,urad
2024-11-22 16:48:56.014461,29329.15,urad
2024-11-23 16:48:56.014461,29449.91,urad
2024-11-24 16:48:56.014461,29575.79,urad
2024-11-25 16:48:56.014461,29685.73,urad
2024-11-26 16:48:56.014461,29733.01,urad
2024-11-27 16:48:56.014461,29761.69,urad
2024-11-28 16:48:56.014461,29809.61,urad
2024-11-29 16:48:56.014461,29832.81,urad
2024-11-30 16:48:56.014461,29937.38,urad
2024-12-01 16:48:56.014461,29828.36,urad
2024-12-02 16:48:56.014461,29606.63,urad
2024-12-03 16:48:56.014461,29318.96,urad
2024-12-04 16:48:56.014461,29100.06,urad
2024-12-05 16:48:56.014461,28934.16,urad
2024-12-06 16:48:56.014461,28782.06,urad
2024-12-07 16:48:56.014461,28630.31,urad
2024-12-08 16:48:56.014461,28447.29,urad
2024-12-09 16:48:56.014461,28233.08,urad
2024-12-10 16:48:56.014461,28068.04,urad
2024-12-11 16:48:56.014461,27901.7,urad
2024-12-12 16:48:56.014461,27763.77,urad
2024-12-13 16:48:56.014461,27635.76,urad
2024-12-14 16:48:56.014461,27551.02,urad
2024-12-15 16:48:56.014461,27449.79,urad
2024-12-16 16:48:56.014461,27219.28,urad
2024-12-17 16:48:56.014461,27001.85,urad
2024-12-18 16:48:56.014461,26753.6,urad
2024-12-19 16:48:56.014461,26592.11,urad
2024-12-20 16:48:56.014461,26445.01,urad
2024-12-21 16:48:56.014461,26320.67,urad
2024-12-22 16:48:56.014461,26198.44,urad
2024-12-23 16:48:56.014461,26052.33,urad
2024-12-24 16:48:56.014461,25934.5,urad
2024-12-25 16:48:56.014461,25796.36,urad
2024-12-26 16:48:56.014461,25670.7,urad
2024-12-27 16:48:56.014461,25463.25,urad
2024-12-28 16:48:56.014461,25283.23,urad
2024-12-29 16:48:56.014461,25043.66,urad
2024-12-30 16:48:56.014461,24913.1,urad
2024-12-31 16:48:56.014461,24685.2,urad
2025-01-01 16:48:56.014461,24390.17,urad
2025-01-02 16:48:56.014461,23941.0,urad
2025-01-03 16:48:56.014461,23523.53,urad
2025-01-04 16:48:56.014461,23105.21,urad
2025-01-05 16:48:56.014461,22653.81,urad
2025-01-06 16:48:56.014461,22139.62,urad
2025-01-07 16:48:56.014461,21649.0,urad
2025-01-08 16:48:56.014461,21187.42,urad
2025-01-09 16:48:56.014461,20769.09,urad
2025-01-10 16:48:56.014461,20266.82,urad
2025-01-11 16:48:56.014461,19802.45,urad
2025-01-12 16:48:56.014461,19401.87,urad
2025-01-13 16:48:56.014461,19062.52,urad
2025-01-14 16:48:56.014461,18707.66,urad
2025-01-15 16:48:56.014461,18372.08,urad
2025-01-16 16:48:56.014461,18125.16,urad
2025-01-17 16:48:56.014461,17859.48,urad
2025-01-18 16:48:56.014461,17523.88,urad
2025-01-19 16:48:56.014461,17173.68,urad
2025-01-20 16:48:56.014461,16861.15,urad
2025-01-21 16:48:56.014461,16553.18,urad
2025-01-22 16:48:56.014461,16270.4,urad
2025-01-23 16:48:56.014461,16025.28,urad
2025-01-24 16:48:56.014461,15839.47,urad
2025-01-25 16:48:56.014461,15592.31,urad
2025-01-26 16:48:56.014461,15338.22,urad
2025-01-27 16:48:56.014461,15057.37,urad
2025-01-28 16:48:56.014461,14812.14,urad
2025-01-29 16:48:56.014461,14447.16,urad
2025-01-30 16:48:56.014461,14137.69,urad
2025-01-31 16:48:56.014461,13718.34,urad
2025-02-01 16:48:56.014461,13299.69,urad
2025-02-02 16:48:56.014461,12620.16,urad
2025-02-03 16:48:56.014461,11961.75,urad
2025-02-04 16:48:56.014461,11251.08,urad
2025-02-05 16:48:56.014461,10695.25,urad
2025-02-06 16:48:56.014461,10085.83,urad
2025-02-07 16:48:56.014461,9615.45,urad
2025-02-08 16:48:56.014461,9123.04,urad
2025-02-09 16:48:56.014461,8671.85,urad
2025-02-10 16:48:56.014461,8157.6,urad
2025-02-11 16:48:56.014461,7632.87,urad
2025-02-12 16:48:56.014461,7234.04,urad
2025-02-13 16:48:56.014461,6901.45,urad
2025-02-14 16:48:56.014461,6490.58,urad
2025-02-15 16:48:56.014461,6045.92,urad
2025-02-16 16:48:56.014461,5556.51,urad
2025-02-17 16:48:56.014461,5131.98,urad
2025-02-18 16:48:56.014461,4685.93,urad
2025-02-19 16:48:56.014461,4260.12,urad
2025-02-20 16:48:56.014461,3925.99,urad
2025-02-21 16:48:56.014461,3583.25,urad
2025-02-22 16:48:56.014461,3289.23,urad
2025-02-23 16:48:56.014461,3076.89,urad
2025-02-24 16:48:56.014461,3000.0,urad
2025-02-25 16:48:56.014461,3000.0,urad
2025-02-26 16:48:56.014461,3000.0,urad
2025-02-27 16:48:56.014461,3000.0,urad
2025-02-28 16:48:56.014461,3000.0,urad
2025-03-01 16:48:56.014461,3000.0,urad
2025-03-02 16:48:56.014461,3000.0,urad
2025-03-03 16:48:56.014461,3000.0,urad
2025-03-04 16:48:56.014461,3000.0,urad
2025-03-05 16:48:56.014461,3000.0,urad
2025-03-06 16:48:56.014461,3000.0,urad
2025-03-07 16:48:56.014461,3000.0,urad
2025-03-08 16:48:56.014461,3000.0,urad
2025-03-09 16:48:56.014461,3000.0,urad
2025-03-10 16:48:56.014461,3000.0,urad
2025-03-11 16:48:56.014461,3000.0,urad
2025-03-12 16:48:56.014461,3000.0,urad
2025-03-13 16:48:56.014461,3000.0,urad
2025-03-14 16:48:56.014461,3000.0,urad
2025-03-15 16:48:56.014461,3000.0,urad
2025-03-16 16:48:56.014461,3000.0,urad
2025-03-17 16:48:56.014461,3000.0,urad
2025-03-18 16:48:56.014461,3000.0,urad
2025-03-19 16:48:56.014461,3000.0,urad
2025-03-20 16:48:56.014461,3000.0,urad
2025-03-21 16:48:56.014461,3000.0,urad
2025-03-22 16:48:56.014461,3000.0,urad
2025-03-23 16:48:56.014461,3000.0,urad
2025-03-24 16:48:56.014461,3000.0,urad
2025-03-25 16:48:56.014461,3000.0,urad
2025-03-26 16:48:56.014461,3000.0,urad
2025-03-27 16:48:56.014461,3000.0,urad
2025-03-28 16:48:56.014461,3000.0,urad
2025-03-29 16:48:56.014461,3000.0,urad
2025-03-30 16:48:56.014461,3000.0,urad
2025-03-31 16:48:56.014461,3000.0,urad
2025-04-01 16:48:56.014461,3000.0,urad
2025-04-02 16:48:56.014461,3000.0,urad
2025-04-03 16:48:56.014461,3000.0,urad
2025-04-04 16:48:56.014461,3000.0,urad
2025-04-05 16:48:56.014461,3000.0,urad
2025-04-06 16:48:56.014461,3000.0,urad
2025-04-07 16:48:56.014461,3000.0,urad
2025-04-08 16:48:56.014461,3000.0,urad
2025-04-09 16:48:56.014461,3000.0,urad
2025-04-10 16:48:56.014461,3000.0,urad
2025-04-11 16:48:56.014461,3000.0,urad
2025-04-12 16:48:56.014461,3000.0,urad
2025-04-13 16:48:56.014461,3000.0,urad
2025-04-14 16:48:56.014461,3000.0,urad
2025-04-15 16:48:56.014461,3000.0,urad
2025-04-16 16:48:56.014461,3000.0,urad
2025-04-17 16:48:56.014461,3000.0,urad
2025-04-18 16:48:56.014461,3000.0,urad
2025-04-19 16:48:56.014461,3000.0,urad
2025-04-20 16:48:56.014461,3000.0,urad
2025-04-21 16:48:56.014461,3000.0,urad
2025-04-22 16:48:56.014461,3000.0,urad
2025-04-23 16:48:56.014461,3000.0,urad
2025-04-24 16:48:56.014461,3000.0,urad
2025-04-25 16:48:56.014461,3000.0,urad
2025-04-26 16:48:56.014461,3000.0,urad
2025-04-27 16:48:56.014461,3000.0,urad
2025-04-28 16:48:56.014461,3000.0,urad
2025-04-29 16:48:56.014461,3000.0,urad
2025-04-30 16:48:56.014461,3000.0,urad
2025-05-01 16:48:56.014461,3000.0,urad
2025-05-02 16:48:56.014461,3000.0,urad
2025-05-03 16:48:56.014461,3000.0,urad
2025-05-04 16:48:56.014461,3000.0,urad
2025-05-05 16:48:56.014461,3000.0,urad
2025-05-06 16:48:56.014461,3000.0,urad
2025-05-07 16:48:56.014461,3000.0,urad
2025-05-08 16:48:56.014461,3000.0,urad
2025-05-09 16:48:56.014461,3000.0,urad
2025-05-10 16:48:56.014461,3000.0,urad
2025-05-11 16:48:56.014461,3000.0,urad
2025-05-12 16:48:56.014461,3000.0,urad
2025-05-13 16:48:56.014461,3000.0,urad
2025-05-14 16:48:56.014461,3000.0,urad
2025-05-15 16:48:56.014461,3000.0,urad
2025-05-16 16:48:56.014461,3000.0,urad
2025-05-17 16:48:56.014461,3000.0,urad
2025-05-18 16:48:56.014461,3000.0,urad
2025-05-19 16:48:56.014461,3000.0,urad
2025-05-20 16:48:56.014461,3000.0,urad
2025-05-21 16:48:56.014461,3000.0,urad
2025-05-22 16:48:56.014461,3000.0,urad
2025-05-23 16:48:56.014461,3000.0,urad
2025-05-24 16:48:56.014461,3000.0,urad
2025-05-25 16:48:56.014461,3000.0,urad
2025-05-26 16:48:56.014461,3000.0,urad
2025-05-27 16:48:56.014461,3000.0,urad
2025-05-28 16:48:56.014461,3000.0,urad
2025-05-29 16:48:56.014461,3000.0,urad
2025-05-30 16:48:56.014461,3000.0,urad
2025-05-31 16:48:56.014461,3000.0,urad
2025-06-01 16:48:56.014461,3000.0,urad
2025-06-02 16:48:56.014461,3000.0,urad
2025-06-03 16:48:56.014461,3000.0,urad
2025-06-04 16:48:56.014461,3000.0,urad
2025-06-05 16:48:56.014461,3000.0,urad
2025-06-06 16:48:56.014461,3000.0,urad
2025-06-07 16:48:56.014461,3000.0,urad
2025-06-08 16:48:56.014461,3000.0,urad
2025-06-09 16:48:56.014461,3000.0,urad
2025-06-10 16:48:56.014461,3000.0,urad
2025-06-11 16:48:56.014461,3000.0,urad
2025-06-12 16:48:56.014461,3000.0,urad
2025-06-13 16:48:56.014461,3000.0,urad
2025-06-14 16:48:56.014461,3000.0,urad
2025-06-15 16:48:56.014461,3000.0,urad
2025-06-16 16:48:56.014461,3000.0,urad
2025-06-17 16:48:56.014461,3000.0,urad
2025-06-18 16:48:56.014461,3000.0,urad
2025-06-19 16:48:56.014461,3000.0,urad
2025-06-20 16:48:56.014461,3000.0,urad
2025-06-21 16:48:56.014461,3000.0,urad
2025-06-22 16:48:56.014461,3000.0,urad
2025-06-23 16:48:56.014461,3000.0,urad
2025-06-24 16:48:56.014461,3000.0,urad
2025-06-25 16:48:56.014461,3000.0,urad
2025-06-26 16:48:56.014461,3000.0,urad
2025-06-27 16:48:56.014461,3000.0,urad
2025-06-28 16:48:56.014461,3000.0,urad
2025-06-29 16:48:56.014461,3000.0,urad
2025-06-30 16:48:56.014461,3090.63,urad
2025-07-01 16:48:56.014461,3162.86,urad
2025-07-02 16:48:56.014461,3315.19,urad
2025-07-03 16:48:56.014461,3345.91,urad
2025-07-04 16:48:56.014461,3405.2,urad
2025-07-05 16:48:56.014461,3413.03,urad
2025-07-06 16:48:56.014461,3434.76,urad
2025-07-07 16:48:56.014461,3468.0,urad
2025-07-08 16:48:56.014461,3430.53,urad
2025-07-09 16:48:56.014461,3362.24,urad
2025-07-10 16:48:56.014461,3349.69,urad
2025-07-11 16:48:56.014461,3297.21,urad
2025-07-12 16:48:56.014461,3341.74,urad
2025-07-13 16:48:56.014461,3338.04,urad
2025-07-14 16:48:56.014461,3431.43,urad
2025-07-15 16:48:56.014461,3550.86,urad
2025-07-16 16:48:56.014461,3669.33,urad
2025-07-17 16:48:56.014461,3757.74,urad
2025-07-18 16:48:56.014461,3828.28,urad
2025-07-19 16:48:56.014461,3879.31,urad
2025-07-20 16:48:56.014461,3991.18,urad
2025-07-21 16:48:56.014461,4138.96,urad
2025-07-22 16:48:56.014461,4257.45,urad
2025-07-23 16:48:56.014461,4346.65,urad
2025-07-24 16:48:56.014461,4357.8,urad
2025-07-25 16:48:56.014461,4408.75,urad
2025-07-26 16:48:56.014461,4488.09,urad
2025-07-27 16:48:56.014461,4537.36,urad
2025-07-28 16:48:56.014461,4563.23,urad
2025-07-29 16:48:56.014461,4576.19,urad
2025-07-30 16:48:56.014461,4556.79,urad
2025-07-31 16:48:56.014461,4714.99,urad
2025-08-01 16:48:56.014461,4993.75,urad
2025-08-02 16:48:56.014461,5414.27,urad
2025-08-03 16:48:56.014461,5842.0,urad
2025-08-04 16:48:56.014461,6299.51,urad
2025-08-05 16:48:56.014461,6822.3,urad
2025-08-06 16:48:56.014461,7372.01,urad
2025-08-07 16:48:56.014461,7931.87,urad
2025-08-08 16:48:56.014461,8408.16,urad
2025-08-09 16:48:56.014461,8790.62,urad
2025-08-10 16:48:56.014461,9154.82,urad
2025-08-11 16:48:56.014461,9502.12,urad
2025-08-12 16:48:56.014461,9925.6,urad
2025-08-13 16:48:56.014461,10299.93,urad
2025-08-14 16:48:56.014461,10728.52,urad
2025-08-15 16:48:56.014461,11097.37,urad
2025-08-16 16:48:56.014461,11504.7,urad
2025-08-17 16:48:56.014461,11840.73,urad
2025-08-18 16:48:56.014461,12058.44,urad
2025-08-19 16:48:56.014461,12210.92,urad
2025-08-20 16:48:56.014461,12395.19,urad
2025-08-21 16:48:56.014461,12648.64,urad
2025-08-22 16:48:56.014461,12921.52,urad
2025-08-23 16:48:56.014461,13275.58,urad
2025-08-24 16:48:56.014461,13645.64,urad
2025-08-25 16:48:56.014461,13978.92,urad
2025-08-26 16:48:56.014461,14269.74,urad
2025-08-27 16:48:56.014461,14511.86,urad
2025-08-28 16:48:56.014461,14702.31,urad
2025-08-29 16:48:56.014461,14803.92,urad
2025-08-30 16:48:56.014461,14955.78,urad
2025-08-31 16:48:56.014461,15228.64,urad
2025-09-01 16:48:56.014461,15577.85,urad
2025-09-02 16:48:56.014461,15934.73,urad
2025-09-03 16:48:56.014461,16287.65,urad
2025-09-04 16:48:56.014461,16694.75,urad
2025-09-05 16:48:56.014461,17075.72,urad
2025-09-06 16:48:56.014461,17416.76,urad
2025-09-07 16:48:56.014461,17766.53,urad
2025-09-08 16:48:56.014461,18136.0,urad
2025-09-09 16:48:56.014461,18584.4,urad
2025-09-10 16:48:56.014461,19058.98,urad
2025-09-11 16:48:56.014461,19564.48,urad
2025-09-12 16:48:56.014461,19937.42,urad
2025-09-13 16:48:56.014461,20197.83,urad
2025-09-14 16:48:56.014461,20396.69,urad
2025-09-15 16:48:56.014461,20651.92,urad
2025-09-16 16:48:56.014461,20925.31,urad
2025-09-17 16:48:56.014461,21256.24,urad
2025-09-18 16:48:56.014461,21626.86,urad
2025-09-19 16:48:56.014461,21944.76,urad
2025-09-20 16:48:56.014461,22214.04,urad
2025-09-21 16:48:56.014461,22538.31,urad
2025-09-22 16:48:56.014461,22906.72,urad
2025-09-23 16:48:56.014461,23328.43,urad
2025-09-24 16:48:56.014461,23658.48,urad
2025-09-25 16:48:56.014461,24003.77,urad
2025-09-26 16:48:56.014461,24315.89,urad
2025-09-27 16:48:56.014461,24578.21,urad
2025-09-28 16:48:56.014461,24805.03,urad
2025-09-29 16:48:56.014461,24994.6,urad
2025-09-30 16:48:56.014461,25179.62,urad
2025-10-01 16:48:56.014461,25395.78,urad
2025-10-02 16:48:56.014461,25704.2,urad
2025-10-03 16:48:56.014461,26029.75,urad
2025-10-04 16:48:56.014461,26398.69,urad
2025-10-05 16:48:56.014461,26725.16,urad
2025-10-06 16:48:56.014461,27095.42,urad
2025-10-07 16:48:56.014461,27387.27,urad
2025-10-08 16:48:56.014461,27603.85,urad
2025-10-09 16:48:56.014461,27798.71,urad
2025-10-10 16:48:56.014461,28015.86,urad
2025-10-11 16:48:56.014461,28232.73,urad
2025-10-12 16:48:56.014461,28391.2,urad
2025-10-13 16:48:56.014461,28478.98,urad
2025-10-14 16:48:56.014461,28538.42,urad
2025-10-15 16:48:56.014461,28575.43,urad
2025-10-16 16:48:56.014461,28674.52,urad
2025-10-17 16:48:56.014461,28883.53,urad
2025-10-18 16:48:56.014461,29069.38,urad
2025-10-19 16:48:56.014461,29274.57,urad
2025-10-20 16:48:56.014461,29394.55,urad
2025-10-21 16:48:56.014461,29649.39,urad
2025-10-22 16:48:56.014461,29885.17,urad
2025-10-23 16:48:56.014461,30102.99,urad
2025-10-24 16:48:56.014461,30320.19,urad
2025-10-25 16:48:56.014461,30442.23,urad
2025-10-26 16:48:56.014461,30532.6,urad
2025-10-27 16:48:56.014461,30542.12,urad
2025-10-28 16:48:56.014461,30599.22,urad
2025-10-29 16:48:56.014461,30708.12,urad
2025-10-30 16:48:56.014461,30763.81,urad
2025-10-31 16:48:56.014461,30770.35,urad
2025-11-01 16:48:56.014461,30793.96,urad
2025-11-02 16:48:56.014461,30810.3,urad
2025-11-03 16:48:56.014461,30840.97,urad
2025-11-04 16:48:56.014461,30790.39,urad
2025-11-05 16:48:56.014461,30806.69,urad
2025-11-06 16:48:56.014461,30902.91,urad
2025-11-07 16:48:56.014461,31105.33,urad
2025-11-08 16:48:56.014461,31238.15,urad
2025-11-09 16:48:56.014461,31290.49,urad
2025-11-10 16:48:56.014461,31195.04,urad
2025-11-11 16:48:56.014461,31114.18,urad
2025-11-12 16:48:56.014461,31054.46,urad
2025-11-13 16:48:56.014461,31037.4,urad
2025-11-14 16:48:56.014461,31069.62,urad
2025-11-15 16:48:56.014461,31184.71,urad
2025-11-16 16:48:56.014461,31380.38,urad
2025-11-17 16:48:56.014461,31546.81,urad
2025-11-18 16:48:56.014461,31580.79,urad
2025-11-19 16:48:56.014461,31563.63,urad
2025-11-20 16:48:56.014461,31516.87,urad
2025-11-21 16:48:56.014461,31552.61,urad
2025-11-22 16:48:56.014461,31632.1,urad
2025-11-23 16:48:56.014461,31736.38,urad
2025-11-24 16:48:56.014461,31895.58,urad
2025-11-25 16:48:56.014461,31928.41,urad
2025-11-26 16:48:56.014461,31963.3,urad
2025-11-27 16:48:56.014461,31868.14,urad
2025-11-28 16:48:56.014461,31812.2,urad
2025-11-29 16:48:56.014461,31792.75,urad
2025-11-30 16:48:56.014461,31732.31,urad
2025-12-01 16:48:56.014461,31575.25,urad
2025-12-02 16:48:56.014461,31284.87,urad
2025-12-03 16:48:56.014461,30974.53,urad
2025-12-04 16:48:56.014461,30690.15,urad
2025-12-05 16:48:56.014461,30318.41,urad
2025-12-06 16:48:56.014461,29963.94,urad
2025-12-07 16:48:56.014461,29662.84,urad
2025-12-08 16:48:56.014461,29496.59,urad
2025-12-09 16:48:56.014461,29347.85,urad
2025-12-10 16:48:56.014461,29106.41,urad
2025-12-11 16:48:56.014461,28890.7,urad
2025-12-12 16:48:56.014461,28641.61,urad
2025-12-13 16:48:56.014461,28469.21,urad
2025-12-14 16:48:56.014461,28193.07,urad
2025-12-15 16:48:56.014461,27892.67,urad
2025-12-16 16:48:56.014461,27533.84,urad
2025-12-17 16:48:56.014461,27279.27,urad
2025-12-18 16:48:56.014461,27107.91,urad
2025-12-19 16:48:56.014461,27014.13,urad
2025-12-20 16:48:56.014461,26776.51,urad
2025-12-21 16:48:56.014461,26464.21,urad
2025-12-22 16:48:56.014461,26184.43,urad
2025-12-23 16:48:56.014461,25911.07,urad
2025-12-24 16:48:56.014461,25744.76,urad
2025-12-25 16:48:56.014461,25640.32,urad
2025-12-26 16:48:56.014461,25670.55,urad
2025-12-27 16:48:56.014461,25631.38,urad
2025-12-28 16:48:56.014461,25548.51,urad
2025-12-29 16:48:56.014461,25469.15,urad
2025-12-30 16:48:56.014461,25408.01,urad
2025-12-31 16:48:56.014461,25185.1,urad
2026-01-01 16:48:56.014461,24732.15,urad
2026-01-02 16:48:56.014461,24217.42,urad
2026-01-03 16:48:56.014461,23637.9,urad
2026-01-04 16:48:56.014461,23103.26,urad
2026-01-05 16:48:56.014461,22470.42,urad
2026-01-06 16:48:56.014461,21958.45,urad
2026-01-07 16:48:56.014461,21464.52,urad
2026-01-08 16:48:56.014461,21026.08,urad
2026-01-09 16:48:56.014461,20558.29,urad
2026-01-10 16:48:56.014461,20165.36,urad
2026-01-11 16:48:56.014461,19758.34,urad
2026-01-12 16:48:56.014461,19293.43,urad
2026-01-13 16:48:56.014461,18800.23,urad
2026-01-14 16:48:56.014461,18396.6,urad
2026-01-15 16:48:56.014461,18076.38,urad
2026-01-16 16:48:56.014461,17753.72,urad
2026-01-17 16:48:56.014461,17386.88,urad
2026-01-18 16:48:56.014461,17033.65,urad
2026-01-19 16:48:56.014461,16655.9,urad
2026-01-20 16:48:56.014461,16286.06,urad
2026-01-21 16:48:56.014461,15971.35,urad
2026-01-22 16:48:56.014461,15789.05,urad
2026-01-23 16:48:56.014461,15625.04,urad
2026-01-24 16:48:56.014461,15484.71,urad
2026-01-25 16:48:56.014461,15319.85,urad
2026-01-26 16:48:56.014461,15163.22,urad
2026-01-27 16:48:56.014461,14911.15,urad
2026-01-28 16:48:56.014461,14587.5,urad
2026-01-29 16:48:56.014461,14279.31,urad
2026-01-30 16:48:56.014461,14031.37,urad
2026-01-31 16:48:56.014461,13634.78,urad
2026-02-01 16:48:56.014461,13110.78,urad
2026-02-02 16:48:56.014461,12365.88,urad
2026-02-03 16:48:56.014461,11693.51,urad
2026-02-04 16:48:56.014461,11091.57,urad
2026-02-05 16:48:56.014461,10576.27,urad
2026-02-06 16:48:56.014461,10054.54,urad
2026-02-07 16:48:56.014461,9442.92,urad
2026-02-08 16:48:56.014461,8826.13,urad
2026-02-09 16:48:56.014461,8128.89,urad
2026-02-10 16:48:56.014461,7506.41,urad
2026-02-11 16:48:56.014461,6960.82,urad
2026-02-12 16:48:56.014461,6480.36,urad
2026-02-13 16:48:56.014461,5931.08,urad
2026-02-14 16:48:56.014461,5344.87,urad
2026-02-15 16:48:56.014461,4926.67,urad
2026-02-16 16:48:56.014461,4596.04,urad
2026-02-17 16:48:56.014461,4295.69,urad
2026-02-18 16:48:56.014461,3929.1,urad
2026-02-19 16:48:56.014461,3578.84,urad
2026-02-20 16:48:56.014461,3273.71,urad
2026-02-21 16:48:56.014461,3083.06,urad
2026-02-22 16:48:56.014461,3000.0,urad
2026-02-23 16:48:56.014461,3000.0,urad
2026-02-24 16:48:56.014461,3000.0,urad
2026-02-25 16:48:56.014461,3000.0,urad
2026-02-26 16:48:56.014461,3000.0,urad
2026-02-27 16:48:56.014461,3000.0,urad
2026-02-28 16:48:56.014461,3000.0,urad
2026-03-01 16:48:56.014461,3000.0,urad
2026-03-02 16:48:56.014461,3000.0,urad
2026-03-03 16:48:56.014461,3000.0,urad
2026-03-04 16:48:56.014461,3000.0,urad
2026-03-05 16:48:56.014461,3000.0,urad
2026-03-06 16:48:56.014461,3000.0,urad
2026-03-07 16:48:56.014461,3000.0,urad
2026-03-08 16:48:56.014461,3000.0,urad
2026-03-09 16:48:56.014461,3000.0,urad
2026-03-10 16:48:56.014461,3000.0,urad
2026-03-11 16:48:56.014461,3000.0,urad
2026-03-12 16:48:56.014461,3000.0,urad
2026-03-13 16:48:56.014461,3000.0,urad
2026-03-14 16:48:56.014461,3000.0,urad
2026-03-15 16:48:56.014461,3000.0,urad
2026-03-16 16:48:56.014461,3000.0,urad
2026-03-17 16:48:56.014461,3000.0,urad
2026-03-18 16:48:56.014461,3000.0,urad
2026-03-19 16:48:56.014461,3000.0,urad
2026-03-20 16:48:56.014461,3000.0,urad
2026-03-21 16:48:56.014461,3000.0,urad
2026-03-22 16:48:56.014461,3000.0,urad
2026-03-23 16:48:56.014461,3000.0,urad
2026-03-24 16:48:56.014461,3000.0,urad
2026-03-25 16:48:56.014461,3000.0,urad
2026-03-26 16:48:56.014461,3000.0,urad
2026-03-27 16:48:56.014461,3000.0,urad
2026-03-28 16:48:56.014461,3000.0,urad
2026-03-29 16:48:56.014461,3000.0,urad
2026-03-30 16:48:56.014461,3000.0,urad
2026-03-31 16:48:56.014461,3000.0,urad
2026-04-01 16:48:56.014461,3000.0,urad
2026-04-02 16:48:56.014461,3000.0,urad
2026-04-03 16:48:56.014461,3000.0,urad
2026-04-04 16:48:56.014461,3000.0,urad
2026-04-05 16:48:56.014461,3000.0,urad
2026-04-06 16:48:56.014461,3000.0,urad
2026-04-07 16:48:56.014461,3000.0,urad
2026-04-08 16:48:56.014461,3000.0,urad
2026-04-09 16:48:56.014461,3000.0,urad
2026-04-10 16:48:56.014461,3000.0,urad
2026-04-11 16:48:56.014461,2000.0,urad
2023-04-12 16:48:56.022956,1706.78,jowar
2023-04-13 16:48:56.022956,2432.55,jowar
2023-04-14 16:48:56.022956,2139.61,jowar
2023-04-15 16:48:56.022956,1869.71,jowar
2023-04-16 16:48:56.022956,1643.94,jowar
2023-04-17 16:48:56.022956,1540.8,jowar
2023-04-18 16:48:56.022956,1500.0,jowar
2023-04-19 16:48:56.022956,1500.0,jowar
2023-04-20 16:48:56.022956,1500.0,jowar
2023-04-21 16:48:56.022956,1500.0,jowar
2023-04-22 16:48:56.022956,1500.0,jowar
2023-04-23 16:48:56.022956,1500.0,jowar
2023-04-24 16:48:56.022956,1500.0,jowar
2023-04-25 16:48:56.022956,1500.0,jowar
2023-04-26 16:48:56.022956,1500.0,jowar
2023-04-27 16:48:56.022956,1500.0,jowar
2023-04-28 16:48:56.022956,1500.0,jowar
2023-04-29 16:48:56.022956,1500.0,jowar
2023-04-30 16:48:56.022956,1500.0,jowar
2023-05-01 16:48:56.022956,1500.0,jowar
2023-05-02 16:48:56.022956,1500.0,jowar
2023-05-03 16:48:56.022956,1500.0,jowar
2023-05-04 16:48:56.022956,1500.0,jowar
2023-05-05 16:48:56.022956,1500.0,jowar
2023-05-06 16:48:56.022956,1500.0,jowar
2023-05-07 16:48:56.022956,1500.0,jowar
2023-05-08 16:48:56.022956,1500.0,jowar
2023-05-09 16:48:56.022956,1500.0,jowar
2023-05-10 16:48:56.022956,1500.0,jowar
2023-05-11 16:48:56.022956,1500.0,jowar
2023-05-12 16:48:56.022956,1500.0,jowar
2023-05-13 16:48:56.022956,1500.0,jowar
2023-05-14 16:48:56.022956,1500.0,jowar
2023-05-15 16:48:56.022956,1500.0,jowar
2023-05-16 16:48:56.022956,1500.0,jowar
2023-05-17 16:48:56.022956,1500.0,jowar
2023-05-18 16:48:56.022956,1500.0,jowar
2023-05-19 16:48:56.022956,1500.0,jowar
2023-05-20 16:48:56.022956,1500.0,jowar
2023-05-21 16:48:56.022956,1500.0,jowar
2023-05-22 16:48:56.022956,1500.0,jowar
2023-05-23 16:48:56.022956,1500.0,jowar
2023-05-24 16:48:56.022956,1500.0,jowar
2023-05-25 16:48:56.022956,1500.0,jowar
2023-05-26 16:48:56.022956,1500.0,jowar
2023-05-27 16:48:56.022956,1500.0,jowar
2023-05-28 16:48:56.022956,1500.0,jowar
2023-05-29 16:48:56.022956,1500.0,jowar
2023-05-30 16:48:56.022956,1500.0,jowar
2023-05-31 16:48:56.022956,1500.0,jowar
2023-06-01 16:48:56.022956,1500.0,jowar
2023-06-02 16:48:56.022956,1500.0,jowar
2023-06-03 16:48:56.022956,1500.0,jowar
2023-06-04 16:48:56.022956,1500.0,jowar
2023-06-05 16:48:56.022956,1500.0,jowar
2023-06-06 16:48:56.022956,1500.0,jowar
2023-06-07 16:48:56.022956,1500.0,jowar
2023-06-08 16:48:56.022956,1500.0,jowar
2023-06-09 16:48:56.022956,1500.0,jowar
2023-06-10 16:48:56.022956,1500.0,jowar
2023-06-11 16:48:56.022956,1500.0,jowar
2023-06-12 16:48:56.022956,1500.0,jowar
2023-06-13 16:48:56.022956,1500.0,jowar
2023-06-14 16:48:56.022956,1500.0,jowar
2023-06-15 16:48:56.022956,1500.0,jowar
2023-06-16 16:48:56.022956,1500.0,jowar
2023-06-17 16:48:56.022956,1500.0,jowar
2023-06-18 16:48:56.022956,1500.0,jowar
2023-06-19 16:48:56.022956,1500.0,jowar
2023-06-20 16:48:56.022956,1500.0,jowar
2023-06-21 16:48:56.022956,1500.0,jowar
2023-06-22 16:48:56.022956,1500.0,jowar
2023-06-23 16:48:56.022956,1500.0,jowar
2023-06-24 16:48:56.022956,1500.0,jowar
2023-06-25 16:48:56.022956,1500.0,jowar
2023-06-26 16:48:56.022956,1500.0,jowar
2023-06-27 16:48:56.022956,1500.0,jowar
2023-06-28 16:48:56.022956,1500.0,jowar
2023-06-29 16:48:56.022956,1500.0,jowar
2023-06-30 16:48:56.022956,1500.0,jowar
2023-07-01 16:48:56.022956,1500.0,jowar
2023-07-02 16:48:56.022956,1500.0,jowar
2023-07-03 16:48:56.022956,1500.0,jowar
2023-07-04 16:48:56.022956,1500.0,jowar
2023-07-05 16:48:56.022956,1500.0,jowar
2023-07-06 16:48:56.022956,1500.0,jowar
2023-07-07 16:48:56.022956,1500.0,jowar
2023-07-08 16:48:56.022956,1500.0,jowar
2023-07-09 16:48:56.022956,1500.0,jowar
2023-07-10 16:48:56.022956,1500.0,jowar
2023-07-11 16:48:56.022956,1500.0,jowar
2023-07-12 16:48:56.022956,1500.0,jowar
2023-07-13 16:48:56.022956,1500.0,jowar
2023-07-14 16:48:56.022956,1500.0,jowar
2023-07-15 16:48:56.022956,1500.0,jowar
2023-07-16 16:48:56.022956,1500.0,jowar
2023-07-17 16:48:56.022956,1500.0,jowar
2023-07-18 16:48:56.022956,1500.0,jowar
2023-07-19 16:48:56.022956,1500.0,jowar
2023-07-20 16:48:56.022956,1500.0,jowar
2023-07-21 16:48:56.022956,1500.0,jowar
2023-07-22 16:48:56.022956,1500.0,jowar
2023-07-23 16:48:56.022956,1500.0,jowar
2023-07-24 16:48:56.022956,1500.0,jowar
2023-07-25 16:48:56.022956,1500.0,jowar
2023-07-26 16:48:56.022956,1500.0,jowar
2023-07-27 16:48:56.022956,1500.0,jowar
2023-07-28 16:48:56.022956,1500.0,jowar
2023-07-29 16:48:56.022956,1500.0,jowar
2023-07-30 16:48:56.022956,1500.0,jowar
2023-07-31 16:48:56.022956,1500.0,jowar
2023-08-01 16:48:56.022956,1525.36,jowar
2023-08-02 16:48:56.022956,1556.05,jowar
2023-08-03 16:48:56.022956,1592.32,jowar
2023-08-04 16:48:56.022956,1639.14,jowar
2023-08-05 16:48:56.022956,1691.88,jowar
2023-08-06 16:48:56.022956,1754.66,jowar
2023-08-07 16:48:56.022956,1810.82,jowar
2023-08-08 16:48:56.022956,1862.35,jowar
2023-08-09 16:48:56.022956,1903.56,jowar
2023-08-10 16:48:56.022956,1961.46,jowar
2023-08-11 16:48:56.022956,2047.28,jowar
2023-08-12 16:48:56.022956,2148.51,jowar
2023-08-13 16:48:56.022956,2226.85,jowar
2023-08-14 16:48:56.022956,2255.78,jowar
2023-08-15 16:48:56.022956,2273.84,jowar
2023-08-16 16:48:56.022956,2272.87,jowar
2023-08-17 16:48:56.022956,2301.1,jowar
2023-08-18 16:48:56.022956,2311.64,jowar
2023-08-19 16:48:56.022956,2341.94,jowar
2023-08-20 16:48:56.022956,2358.55,jowar
2023-08-21 16:48:56.022956,2387.73,jowar
2023-08-22 16:48:56.022956,2364.71,jowar
2023-08-23 16:48:56.022956,2340.81,jowar
2023-08-24 16:48:56.022956,2323.91,jowar
2023-08-25 16:48:56.022956,2352.6,jowar
2023-08-26 16:48:56.022956,2375.32,jowar
2023-08-27 16:48:56.022956,2384.38,jowar
2023-08-28 16:48:56.022956,2388.11,jowar
2023-08-29 16:48:56.022956,2409.68,jowar
2023-08-30 16:48:56.022956,2417.91,jowar
2023-08-31 16:48:56.022956,2484.26,jowar
2023-09-01 16:48:56.022956,2643.11,jowar
2023-09-02 16:48:56.022956,2854.78,jowar
2023-09-03 16:48:56.022956,3063.03,jowar
2023-09-04 16:48:56.022956,3238.3,jowar
2023-09-05 16:48:56.022956,3407.21,jowar
2023-09-06 16:48:56.022956,3529.41,jowar
2023-09-07 16:48:56.022956,3622.94,jowar
2023-09-08 16:48:56.022956,3743.79,jowar
2023-09-09 16:48:56.022956,3900.74,jowar
2023-09-10 16:48:56.022956,4093.07,jowar
2023-09-11 16:48:56.022956,4307.99,jowar
2023-09-12 16:48:56.022956,4529.39,jowar
2023-09-13 16:48:56.022956,4713.77,jowar
2023-09-14 16:48:56.022956,4862.03,jowar
2023-09-15 16:48:56.022956,4970.86,jowar
2023-09-16 16:48:56.022956,5081.26,jowar
2023-09-17 16:48:56.022956,5218.86,jowar
2023-09-18 16:48:56.022956,5336.8,jowar
2023-09-19 16:48:56.022956,5431.04,jowar
2023-09-20 16:48:56.022956,5486.21,jowar
2023-09-21 16:48:56.022956,5604.42,jowar
2023-09-22 16:48:56.022956,5751.51,jowar
2023-09-23 16:48:56.022956,5907.1,jowar
2023-09-24 16:48:56.022956,6009.88,jowar
2023-09-25 16:48:56.022956,6098.3,jowar
2023-09-26 16:48:56.022956,6152.66,jowar
2023-09-27 16:48:56.022956,6244.39,jowar
2023-09-28 16:48:56.022956,6348.05,jowar
2023-09-29 16:48:56.022956,6464.63,jowar
2023-09-30 16:48:56.022956,6615.44,jowar
2023-10-01 16:48:56.022956,6797.26,jowar
2023-10-02 16:48:56.022956,7013.09,jowar
2023-10-03 16:48:56.022956,7218.14,jowar
2023-10-04 16:48:56.022956,7384.17,jowar
2023-10-05 16:48:56.022956,7606.38,jowar
2023-10-06 16:48:56.022956,7824.63,jowar
2023-10-07 16:48:56.022956,8043.31,jowar
2023-10-08 16:48:56.022956,8174.35,jowar
2023-10-09 16:48:56.022956,8300.34,jowar
2023-10-10 16:48:56.022956,8438.95,jowar
2023-10-11 16:48:56.022956,8597.14,jowar
2023-10-12 16:48:56.022956,8734.12,jowar
2023-10-13 16:48:56.022956,8887.67,jowar
2023-10-14 16:48:56.022956,9023.88,jowar
2023-10-15 16:48:56.022956,9128.81,jowar
2023-10-16 16:48:56.022956,9217.56,jowar
2023-10-17 16:48:56.022956,9320.38,jowar
2023-10-18 16:48:56.022956,9464.62,jowar
2023-10-19 16:48:56.022956,9622.75,jowar
2023-10-20 16:48:56.022956,9789.0,jowar
2023-10-21 16:48:56.022956,9933.69,jowar
2023-10-22 16:48:56.022956,10066.09,jowar
2023-10-23 16:48:56.022956,10198.06,jowar
2023-10-24 16:48:56.022956,10344.3,jowar
2023-10-25 16:48:56.022956,10453.73,jowar
2023-10-26 16:48:56.022956,10548.92,jowar
2023-10-27 16:48:56.022956,10621.22,jowar
2023-10-28 16:48:56.022956,10718.69,jowar
2023-10-29 16:48:56.022956,10816.0,jowar
2023-10-30 16:48:56.022956,10953.65,jowar
2023-10-31 16:48:56.022956,11101.49,jowar
2023-11-01 16:48:56.022956,11260.53,jowar
2023-11-02 16:48:56.022956,11377.37,jowar
2023-11-03 16:48:56.022956,11492.72,jowar
2023-11-04 16:48:56.022956,11579.6,jowar
2023-11-05 16:48:56.022956,11709.06,jowar
2023-11-06 16:48:56.022956,11860.47,jowar
2023-11-07 16:48:56.022956,12048.91,jowar
2023-11-08 16:48:56.022956,12174.62,jowar
2023-11-09 16:48:56.022956,12275.95,jowar
2023-11-10 16:48:56.022956,12347.47,jowar
2023-11-11 16:48:56.022956,12477.94,jowar
2023-11-12 16:48:56.022956,12578.89,jowar
2023-11-13 16:48:56.022956,12657.75,jowar
2023-11-14 16:48:56.022956,12694.71,jowar
2023-11-15 16:48:56.022956,12756.81,jowar
2023-11-16 16:48:56.022956,12816.72,jowar
2023-11-17 16:48:56.022956,12874.71,jowar
2023-11-18 16:48:56.022956,12901.58,jowar
2023-11-19 16:48:56.022956,12929.19,jowar
2023-11-20 16:48:56.022956,12965.87,jowar
2023-11-21 16:48:56.022956,12999.45,jowar
2023-11-22 16:48:56.022956,13058.11,jowar
2023-11-23 16:48:56.022956,13092.14,jowar
2023-11-24 16:48:56.022956,13125.04,jowar
2023-11-25 16:48:56.022956,13148.41,jowar
2023-11-26 16:48:56.022956,13179.49,jowar
2023-11-27 16:48:56.022956,13239.25,jowar
2023-11-28 16:48:56.022956,13277.99,jowar
2023-11-29 16:48:56.022956,13357.87,jowar
2023-11-30 16:48:56.022956,13396.31,jowar
2023-12-01 16:48:56.022956,13461.47,jowar
2023-12-02 16:48:56.022956,13464.9,jowar
2023-12-03 16:48:56.022956,13457.85,jowar
2023-12-04 16:48:56.022956,13463.57,jowar
2023-12-05 16:48:56.022956,13485.04,jowar
2023-12-06 16:48:56.022956,13512.16,jowar
2023-12-07 16:48:56.022956,13480.15,jowar
2023-12-08 16:48:56.022956,13439.58,jowar
2023-12-09 16:48:56.022956,13370.1,jowar
2023-12-10 16:48:56.022956,13334.24,jowar
2023-12-11 16:48:56.022956,13302.15,jowar
2023-12-12 16:48:56.022956,13265.64,jowar
2023-12-13 16:48:56.022956,13222.59,jowar
2023-12-14 16:48:56.022956,13176.25,jowar
2023-12-15 16:48:56.022956,13178.69,jowar
2023-12-16 16:48:56.022956,13193.87,jowar
2023-12-17 16:48:56.022956,13201.82,jowar
2023-12-18 16:48:56.022956,13191.26,jowar
2023-12-19 16:48:56.022956,13155.14,jowar
2023-12-20 16:48:56.022956,13128.83,jowar
2023-12-21 16:48:56.022956,13125.46,jowar
2023-12-22 16:48:56.022956,13121.95,jowar
2023-12-23 16:48:56.022956,13074.38,jowar
2023-12-24 16:48:56.022956,13036.02,jowar
2023-12-25 16:48:56.022956,13024.16,jowar
2023-12-26 16:48:56.022956,13084.29,jowar
2023-12-27 16:48:56.022956,13118.21,jowar
2023-12-28 16:48:56.022956,13137.73,jowar
2023-12-29 16:48:56.022956,13122.19,jowar
2023-12-30 16:48:56.022956,13111.25,jowar
2023-12-31 16:48:56.022956,13064.17,jowar
2024-01-01 16:48:56.022956,12966.65,jowar
2024-01-02 16:48:56.022956,12845.81,jowar
2024-01-03 16:48:56.022956,12724.98,jowar
2024-01-04 16:48:56.022956,12653.19,jowar
2024-01-05 16:48:56.022956,12564.18,jowar
2024-01-06 16:48:56.022956,12452.71,jowar
2024-01-07 16:48:56.022956,12329.01,jowar
2024-01-08 16:48:56.022956,12227.56,jowar
2024-01-09 16:48:56.022956,12145.13,jowar
2024-01-10 16:48:56.022956,12084.04,jowar
2024-01-11 16:48:56.022956,12006.83,jowar
2024-01-12 16:48:56.022956,11938.82,jowar
2024-01-13 16:48:56.022956,11847.51,jowar
2024-01-14 16:48:56.022956,11768.36,jowar
2024-01-15 16:48:56.022956,11685.53,jowar
2024-01-16 16:48:56.022956,11616.78,jowar
2024-01-17 16:48:56.022956,11537.85,jowar
2024-01-18 16:48:56.022956,11457.09,jowar
2024-01-19 16:48:56.022956,11379.14,jowar
2024-01-20 16:48:56.022956,11301.08,jowar
2024-01-21 16:48:56.022956,11236.45,jowar
2024-01-22 16:48:56.022956,11167.27,jowar
2024-01-23 16:48:56.022956,11125.07,jowar
2024-01-24 16:48:56.022956,11085.9,jowar
2024-01-25 16:48:56.022956,11036.55,jowar
2024-01-26 16:48:56.022956,10967.22,jowar
2024-01-27 16:48:56.022956,10889.95,jowar
2024-01-28 16:48:56.022956,10805.11,jowar
2024-01-29 16:48:56.022956,10742.7,jowar
2024-01-30 16:48:56.022956,10657.64,jowar
2024-01-31 16:48:56.022956,10511.95,jowar
2024-02-01 16:48:56.022956,10329.59,jowar
2024-02-02 16:48:56.022956,10115.66,jowar
2024-02-03 16:48:56.022956,9945.39,jowar
2024-02-04 16:48:56.022956,9763.28,jowar
2024-02-05 16:48:56.022956,9583.85,jowar
2024-02-06 16:48:56.022956,9391.66,jowar
2024-02-07 16:48:56.022956,9203.37,jowar
2024-02-08 16:48:56.022956,9048.41,jowar
2024-02-09 16:48:56.022956,8881.62,jowar
2024-02-10 16:48:56.022956,8695.18,jowar
2024-02-11 16:48:56.022956,8483.95,jowar
2024-02-12 16:48:56.022956,8292.18,jowar
2024-02-13 16:48:56.022956,8122.07,jowar
2024-02-14 16:48:56.022956,8004.75,jowar
2024-02-15 16:48:56.022956,7895.31,jowar
2024-02-16 16:48:56.022956,7773.46,jowar
2024-02-17 16:48:56.022956,7616.76,jowar
2024-02-18 16:48:56.022956,7462.53,jowar
2024-02-19 16:48:56.022956,7348.21,jowar
2024-02-20 16:48:56.022956,7243.21,jowar
2024-02-21 16:48:56.022956,7129.58,jowar
2024-02-22 16:48:56.022956,6992.59,jowar
2024-02-23 16:48:56.022956,6861.68,jowar
2024-02-24 16:48:56.022956,6773.51,jowar
2024-02-25 16:48:56.022956,6686.5,jowar
2024-02-26 16:48:56.022956,6577.45,jowar
2024-02-27 16:48:56.022956,6477.86,jowar
2024-02-28 16:48:56.022956,6374.73,jowar
2024-02-29 16:48:56.022956,6237.88,jowar
2024-03-01 16:48:56.022956,6017.54,jowar
2024-03-02 16:48:56.022956,5774.83,jowar
2024-03-03 16:48:56.022956,5525.5,jowar
2024-03-04 16:48:56.022956,5284.32,jowar
2024-03-05 16:48:56.022956,5043.36,jowar
2024-03-06 16:48:56.022956,4815.98,jowar
2024-03-07 16:48:56.022956,4586.66,jowar
2024-03-08 16:48:56.022956,4354.13,jowar
2024-03-09 16:48:56.022956,4149.84,jowar
2024-03-10 16:48:56.022956,3961.84,jowar
2024-03-11 16:48:56.022956,3759.55,jowar
2024-03-12 16:48:56.022956,3560.94,jowar
2024-03-13 16:48:56.022956,3359.69,jowar
2024-03-14 16:48:56.022956,3204.86,jowar
2024-03-15 16:48:56.022956,3042.44,jowar
2024-03-16 16:48:56.022956,2862.59,jowar
2024-03-17 16:48:56.022956,2658.87,jowar
2024-03-18 16:48:56.022956,2449.59,jowar
2024-03-19 16:48:56.022956,2259.06,jowar
2024-03-20 16:48:56.022956,2061.13,jowar
2024-03-21 16:48:56.022956,1910.94,jowar
2024-03-22 16:48:56.022956,1769.36,jowar
2024-03-23 16:48:56.022956,1669.73,jowar
2024-03-24 16:48:56.022956,1569.35,jowar
2024-03-25 16:48:56.022956,1519.96,jowar
2024-03-26 16:48:56.022956,1500.0,jowar
2024-03-27 16:48:56.022956,1500.0,jowar
2024-03-28 16:48:56.022956,1500.0,jowar
2024-03-29 16:48:56.022956,1500.0,jowar
2024-03-30 16:48:56.022956,1500.0,jowar
2024-03-31 16:48:56.022956,1500.0,jowar
2024-04-01 16:48:56.022956,1500.0,jowar
2024-04-02 16:48:56.022956,1500.0,jowar
2024-04-03 16:48:56.022956,1500.0,jowar
2024-04-04 16:48:56.022956,1500.0,jowar
2024-04-05 16:48:56.022956,1500.0,jowar
2024-04-06 16:48:56.022956,1500.0,jowar
2024-04-07 16:48:56.022956,1500.0,jowar
2024-04-08 16:48:56.022956,1500.0,jowar
2024-04-09 16:48:56.022956,1500.0,jowar
2024-04-10 16:48:56.022956,1500.0,jowar
2024-04-11 16:48:56.022956,1500.0,jowar
2024-04-12 16:48:56.022956,1500.0,jowar
2024-04-13 16:48:56.022956,1500.0,jowar
2024-04-14 16:48:56.022956,1500.0,jowar
2024-04-15 16:48:56.022956,1500.0,jowar
2024-04-16 16:48:56.022956,1500.0,jowar
2024-04-17 16:48:56.022956,1500.0,jowar
2024-04-18 16:48:56.022956,1500.0,jowar
2024-04-19 16:48:56.022956,1500.0,jowar
2024-04-20 16:48:56.022956,1500.0,jowar
2024-04-21 16:48:56.022956,1500.0,jowar
2024-04-22 16:48:56.022956,1500.0,jowar
2024-04-23 16:48:56.022956,1500.0,jowar
2024-04-24 16:48:56.022956,1500.0,jowar
2024-04-25 16:48:56.022956,1500.0,jowar
2024-04-26 16:48:56.022956,1500.0,jowar
2024-04-27 16:48:56.022956,1500.0,jowar
2024-04-28 16:48:56.022956,1500.0,jowar
2024-04-29 16:48:56.022956,1500.0,jowar
2024-04-30 16:48:56.022956,1500.0,jowar
2024-05-01 16:48:56.022956,1500.0,jowar
2024-05-02 16:48:56.022956,1500.0,jowar
2024-05-03 16:48:56.022956,1500.0,jowar
2024-05-04 16:48:56.022956,1500.0,jowar
2024-05-05 16:48:56.022956,1500.0,jowar
2024-05-06 16:48:56.022956,1500.0,jowar
2024-05-07 16:48:56.022956,1500.0,jowar
2024-05-08 16:48:56.022956,1500.0,jowar
2024-05-09 16:48:56.022956,1500.0,jowar
2024-05-10 16:48:56.022956,1500.0,jowar
2024-05-11 16:48:56.022956,1500.0,jowar
2024-05-12 16:48:56.022956,1500.0,jowar
2024-05-13 16:48:56.022956,1500.0,jowar
2024-05-14 16:48:56.022956,1500.0,jowar
2024-05-15 16:48:56.022956,1500.0,jowar
2024-05-16 16:48:56.022956,1500.0,jowar
2024-05-17 16:48:56.022956,1500.0,jowar
2024-05-18 16:48:56.022956,1500.0,jowar
2024-05-19 16:48:56.022956,1500.0,jowar
2024-05-20 16:48:56.022956,1500.0,jowar
2024-05-21 16:48:56.022956,1500.0,jowar
2024-05-22 16:48:56.022956,1500.0,jowar
2024-05-23 16:48:56.022956,1500.0,jowar
2024-05-24 16:48:56.022956,1500.0,jowar
2024-05-25 16:48:56.022956,1500.0,jowar
2024-05-26 16:48:56.022956,1500.0,jowar
2024-05-27 16:48:56.022956,1500.0,jowar
2024-05-28 16:48:56.022956,1500.0,jowar
2024-05-29 16:48:56.022956,1500.0,jowar
2024-05-30 16:48:56.022956,1500.0,jowar
2024-05-31 16:48:56.022956,1500.0,jowar
2024-06-01 16:48:56.022956,1500.0,jowar
2024-06-02 16:48:56.022956,1500.0,jowar
2024-06-03 16:48:56.022956,1500.0,jowar
2024-06-04 16:48:56.022956,1500.0,jowar
2024-06-05 16:48:56.022956,1500.0,jowar
2024-06-06 16:48:56.022956,1500.0,jowar
2024-06-07 16:48:56.022956,1500.0,jowar
2024-06-08 16:48:56.022956,1500.0,jowar
2024-06-09 16:48:56.022956,1500.0,jowar
2024-06-10 16:48:56.022956,1500.0,jowar
2024-06-11 16:48:56.022956,1500.0,jowar
2024-06-12 16:48:56.022956,1500.0,jowar
2024-06-13 16:48:56.022956,1500.0,jowar
2024-06-14 16:48:56.022956,1500.0,jowar
2024-06-15 16:48:56.022956,1500.0,jowar
2024-06-16 16:48:56.022956,1500.0,jowar
2024-06-17 16:48:56.022956,1500.0,jowar
2024-06-18 16:48:56.022956,1500.0,jowar
2024-06-19 16:48:56.022956,1500.0,jowar
2024-06-20 16:48:56.022956,1500.0,jowar
2024-06-21 16:48:56.022956,1500.0,jowar
2024-06-22 16:48:56.022956,1500.0,jowar
2024-06-23 16:48:56.022956,1500.0,jowar
2024-06-24 16:48:56.022956,1500.0,jowar
2024-06-25 16:48:56.022956,1500.0,jowar
2024-06-26 16:48:56.022956,1500.0,jowar
2024-06-27 16:48:56.022956,1500.0,jowar
2024-06-28 16:48:56.022956,1500.0,jowar
2024-06-29 16:48:56.022956,1500.0,jowar
2024-06-30 16:48:56.022956,1500.0,jowar
2024-07-01 16:48:56.022956,1500.0,jowar
2024-07-02 16:48:56.022956,1500.0,jowar
2024-07-03 16:48:56.022956,1500.0,jowar
2024-07-04 16:48:56.022956,1500.0,jowar
2024-07-05 16:48:56.022956,1500.0,jowar
2024-07-06 16:48:56.022956,1500.0,jowar
2024-07-07 16:48:56.022956,1500.0,jowar
2024-07-08 16:48:56.022956,1500.0,jowar
2024-07-09 16:48:56.022956,1500.0,jowar
2024-07-10 16:48:56.022956,1500.0,jowar
2024-07-11 16:48:56.022956,1500.0,jowar
2024-07-12 16:48:56.022956,1500.0,jowar
2024-07-13 16:48:56.022956,1500.0,jowar
2024-07-14 16:48:56.022956,1500.0,jowar
2024-07-15 16:48:56.022956,1500.0,jowar
2024-07-16 16:48:56.022956,1500.0,jowar
2024-07-17 16:48:56.022956,1500.0,jowar
2024-07-18 16:48:56.022956,1500.0,jowar
2024-07-19 16:48:56.022956,1500.0,jowar
2024-07-20 16:48:56.022956,1500.0,jowar
2024-07-21 16:48:56.022956,1500.0,jowar
2024-07-22 16:48:56.022956,1500.0,jowar
2024-07-23 16:48:56.022956,1500.0,jowar
2024-07-24 16:48:56.022956,1500.0,jowar
2024-07-25 16:48:56.022956,1500.0,jowar
2024-07-26 16:48:56.022956,1500.0,jowar
2024-07-27 16:48:56.022956,1500.0,jowar
2024-07-28 16:48:56.022956,1500.0,jowar
2024-07-29 16:48:56.022956,1500.0,jowar
2024-07-30 16:48:56.022956,1500.0,jowar
2024-07-31 16:48:56.022956,1500.0,jowar
2024-08-01 16:48:56.022956,1510.47,jowar
2024-08-02 16:48:56.022956,1548.63,jowar
2024-08-03 16:48:56.022956,1597.68,jowar
2024-08-04 16:48:56.022956,1682.49,jowar
2024-08-05 16:48:56.022956,1803.38,jowar
2024-08-06 16:48:56.022956,1899.75,jowar
2024-08-07 16:48:56.022956,1988.39,jowar
2024-08-08 16:48:56.022956,2036.18,jowar
2024-08-09 16:48:56.022956,2119.59,jowar
2024-08-10 16:48:56.022956,2168.81,jowar
2024-08-11 16:48:56.022956,2214.06,jowar
2024-08-12 16:48:56.022956,2271.31,jowar
2024-08-13 16:48:56.022956,2343.21,jowar
2024-08-14 16:48:56.022956,2382.61,jowar
2024-08-15 16:48:56.022956,2399.31,jowar
2024-08-16 16:48:56.022956,2400.31,jowar
2024-08-17 16:48:56.022956,2404.12,jowar
2024-08-18 16:48:56.022956,2410.02,jowar
2024-08-19 16:48:56.022956,2440.54,jowar
2024-08-20 16:48:56.022956,2497.19,jowar
2024-08-21 16:48:56.022956,2530.01,jowar
2024-08-22 16:48:56.022956,2557.35,jowar
2024-08-23 16:48:56.022956,2585.18,jowar
2024-08-24 16:48:56.022956,2633.1,jowar
2024-08-25 16:48:56.022956,2667.67,jowar
2024-08-26 16:48:56.022956,2670.16,jowar
2024-08-27 16:48:56.022956,2645.4,jowar
2024-08-28 16:48:56.022956,2642.96,jowar
2024-08-29 16:48:56.022956,2675.44,jowar
2024-08-30 16:48:56.022956,2708.76,jowar
2024-08-31 16:48:56.022956,2754.08,jowar
2024-09-01 16:48:56.022956,2853.27,jowar
2024-09-02 16:48:56.022956,3025.95,jowar
2024-09-03 16:48:56.022956,3167.93,jowar
2024-09-04 16:48:56.022956,3291.72,jowar
2024-09-05 16:48:56.022956,3437.24,jowar
2024-09-06 16:48:56.022956,3623.37,jowar
2024-09-07 16:48:56.022956,3786.88,jowar
2024-09-08 16:48:56.022956,3886.71,jowar
2024-09-09 16:48:56.022956,4015.36,jowar
2024-09-10 16:48:56.022956,4185.52,jowar
2024-09-11 16:48:56.022956,4398.2,jowar
2024-09-12 16:48:56.022956,4587.82,jowar
2024-09-13 16:48:56.022956,4768.91,jowar
2024-09-14 16:48:56.022956,4939.56,jowar
2024-09-15 16:48:56.022956,5112.51,jowar
2024-09-16 16:48:56.022956,5247.22,jowar
2024-09-17 16:48:56.022956,5391.5,jowar
2024-09-18 16:48:56.022956,5507.38,jowar
2024-09-19 16:48:56.022956,5638.3,jowar
2024-09-20 16:48:56.022956,5745.47,jowar
2024-09-21 16:48:56.022956,5845.84,jowar
2024-09-22 16:48:56.022956,5909.03,jowar
2024-09-23 16:48:56.022956,5962.89,jowar
2024-09-24 16:48:56.022956,6012.41,jowar
2024-09-25 16:48:56.022956,6089.13,jowar
2024-09-26 16:48:56.022956,6180.8,jowar
2024-09-27 16:48:56.022956,6297.62,jowar
2024-09-28 16:48:56.022956,6400.01,jowar
2024-09-29 16:48:56.022956,6468.16,jowar
2024-09-30 16:48:56.022956,6532.26,jowar
2024-10-01 16:48:56.022956,6641.65,jowar
2024-10-02 16:48:56.022956,6846.53,jowar
2024-10-03 16:48:56.022956,7088.23,jowar
2024-10-04 16:48:56.022956,7323.45,jowar
2024-10-05 16:48:56.022956,7524.71,jowar
2024-10-06 16:48:56.022956,7698.28,jowar
2024-10-07 16:48:56.022956,7866.41,jowar
2024-10-08 16:48:56.022956,8007.15,jowar
2024-10-09 16:48:56.022956,8142.02,jowar
2024-10-10 16:48:56.022956,8276.1,jowar
2024-10-11 16:48:56.022956,8443.31,jowar
2024-10-12 16:48:56.022956,8631.9,jowar
2024-10-13 16:48:56.022956,8804.92,jowar
2024-10-14 16:48:56.022956,8948.11,jowar
2024-10-15 16:48:56.022956,9055.04,jowar
2024-10-16 16:48:56.022956,9177.19,jowar
2024-10-17 16:48:56.022956,9328.03,jowar
2024-10-18 16:48:56.022956,9480.18,jowar
2024-10-19 16:48:56.022956,9643.05,jowar
2024-10-20 16:48:56.022956,9775.43,jowar
2024-10-21 16:48:56.022956,9939.0,jowar
2024-10-22 16:48:56.022956,10101.88,jowar
2024-10-23 16:48:56.022956,10255.54,jowar
2024-10-24 16:48:56.022956,10386.18,jowar
2024-10-25 16:48:56.022956,10499.45,jowar
2024-10-26 16:48:56.022956,10604.77,jowar
2024-10-27 16:48:56.022956,10664.47,jowar
2024-10-28 16:48:56.022956,10705.8,jowar
2024-10-29 16:48:56.022956,10718.56,jowar
2024-10-30 16:48:56.022956,10775.77,jowar
2024-10-31 16:48:56.022956,10837.34,jowar
2024-11-01 16:48:56.022956,10943.42,jowar
2024-11-02 16:48:56.022956,11065.53,jowar
2024-11-03 16:48:56.022956,11193.45,jowar
2024-11-04 16:48:56.022956,11342.0,jowar
2024-11-05 16:48:56.022956,11467.57,jowar
2024-11-06 16:48:56.022956,11595.41,jowar
2024-11-07 16:48:56.022956,11678.31,jowar
2024-11-08 16:48:56.022956,11766.77,jowar
2024-11-09 16:48:56.022956,11843.93,jowar
2024-11-10 16:48:56.022956,11927.92,jowar
2024-11-11 16:48:56.022956,12027.74,jowar
2024-11-12 16:48:56.022956,12147.77,jowar
2024-11-13 16:48:56.022956,12255.95,jowar
2024-11-14 16:48:56.022956,12356.34,jowar
2024-11-15 16:48:56.022956,12439.09,jowar
2024-11-16 16:48:56.022956,12529.14,jowar
2024-11-17 16:48:56.022956,12638.08,jowar
2024-11-18 16:48:56.022956,12764.24,jowar
2024-11-19 16:48:56.022956,12902.19,jowar
2024-11-20 16:48:56.022956,12994.5,jowar
2024-11-21 16:48:56.022956,13097.84,jowar
2024-11-22 16:48:56.022956,13199.61,jowar
2024-11-23 16:48:56.022956,13290.1,jowar
2024-11-24 16:48:56.022956,13315.38,jowar
2024-11-25 16:48:56.022956,13346.56,jowar
2024-11-26 16:48:56.022956,13395.38,jowar
2024-11-27 16:48:56.022956,13473.53,jowar
2024-11-28 16:48:56.022956,13558.89,jowar
2024-11-29 16:48:56.022956,13649.26,jowar
2024-11-30 16:48:56.022956,13702.11,jowar
2024-12-01 16:48:56.022956,13694.47,jowar
2024-12-02 16:48:56.022956,13654.31,jowar
2024-12-03 16:48:56.022956,13635.18,jowar
2024-12-04 16:48:56.022956,13651.81,jowar
2024-12-05 16:48:56.022956,13652.35,jowar
2024-12-06 16:48:56.022956,13646.14,jowar
2024-12-07 16:48:56.022956,13612.26,jowar
2024-12-08 16:48:56.022956,13594.84,jowar
2024-12-09 16:48:56.022956,13557.09,jowar
2024-12-10 16:48:56.022956,13519.81,jowar
2024-12-11 16:48:56.022956,13486.83,jowar
2024-12-12 16:48:56.022956,13467.89,jowar
2024-12-13 16:48:56.022956,13456.65,jowar
2024-12-14 16:48:56.022956,13459.28,jowar
2024-12-15 16:48:56.022956,13459.65,jowar
2024-12-16 16:48:56.022956,13456.01,jowar
2024-12-17 16:48:56.022956,13406.49,jowar
2024-12-18 16:48:56.022956,13361.95,jowar
2024-12-19 16:48:56.022956,13367.12,jowar
2024-12-20 16:48:56.022956,13410.54,jowar
2024-12-21 16:48:56.022956,13466.42,jowar
2024-12-22 16:48:56.022956,13492.17,jowar
2024-12-23 16:48:56.022956,13495.74,jowar
2024-12-24 16:48:56.022956,13469.69,jowar
2024-12-25 16:48:56.022956,13478.64,jowar
2024-12-26 16:48:56.022956,13477.58,jowar
2024-12-27 16:48:56.022956,13520.38,jowar
2024-12-28 16:48:56.022956,13517.74,jowar
2024-12-29 16:48:56.022956,13503.13,jowar
2024-12-30 16:48:56.022956,13476.97,jowar
2024-12-31 16:48:56.022956,13419.69,jowar
2025-01-01 16:48:56.022956,13342.37,jowar
2025-01-02 16:48:56.022956,13213.1,jowar
2025-01-03 16:48:56.022956,13067.49,jowar
2025-01-04 16:48:56.022956,12983.69,jowar
2025-01-05 16:48:56.022956,12892.59,jowar
2025-01-06 16:48:56.022956,12811.54,jowar
2025-01-07 16:48:56.022956,12694.38,jowar
2025-01-08 16:48:56.022956,12592.1,jowar
2025-01-09 16:48:56.022956,12525.18,jowar
2025-01-10 16:48:56.022956,12451.29,jowar
2025-01-11 16:48:56.022956,12395.35,jowar
2025-01-12 16:48:56.022956,12290.04,jowar
2025-01-13 16:48:56.022956,12185.11,jowar
2025-01-14 16:48:56.022956,12056.21,jowar
2025-01-15 16:48:56.022956,11949.8,jowar
2025-01-16 16:48:56.022956,11857.37,jowar
2025-01-17 16:48:56.022956,11777.83,jowar
2025-01-18 16:48:56.022956,11720.58,jowar
2025-01-19 16:48:56.022956,11687.06,jowar
2025-01-20 16:48:56.022956,11653.9,jowar
2025-01-21 16:48:56.022956,11592.37,jowar
2025-01-22 16:48:56.022956,11539.77,jowar
2025-01-23 16:48:56.022956,11485.88,jowar
2025-01-24 16:48:56.022956,11462.58,jowar
2025-01-25 16:48:56.022956,11414.08,jowar
2025-01-26 16:48:56.022956,11365.06,jowar
2025-01-27 16:48:56.022956,11319.35,jowar
2025-01-28 16:48:56.022956,11274.09,jowar
2025-01-29 16:48:56.022956,11224.06,jowar
2025-01-30 16:48:56.022956,11164.57,jowar
2025-01-31 16:48:56.022956,11045.28,jowar
2025-02-01 16:48:56.022956,10867.36,jowar
2025-02-02 16:48:56.022956,10608.73,jowar
2025-02-03 16:48:56.022956,10351.44,jowar
2025-02-04 16:48:56.022956,10098.72,jowar
2025-02-05 16:48:56.022956,9864.34,jowar
2025-02-06 16:48:56.022956,9678.29,jowar
2025-02-07 16:48:56.022956,9518.04,jowar
2025-02-08 16:48:56.022956,9377.04,jowar
2025-02-09 16:48:56.022956,9179.91,jowar
2025-02-10 16:48:56.022956,9005.99,jowar
2025-02-11 16:48:56.022956,8834.06,jowar
2025-02-12 16:48:56.022956,8666.3,jowar
2025-02-13 16:48:56.022956,8462.95,jowar
2025-02-14 16:48:56.022956,8252.55,jowar
2025-02-15 16:48:56.022956,8068.57,jowar
2025-02-16 16:48:56.022956,7927.46,jowar
2025-02-17 16:48:56.022956,7816.54,jowar
2025-02-18 16:48:56.022956,7734.77,jowar
2025-02-19 16:48:56.022956,7648.85,jowar
2025-02-20 16:48:56.022956,7555.76,jowar
2025-02-21 16:48:56.022956,7428.9,jowar
2025-02-22 16:48:56.022956,7315.46,jowar
2025-02-23 16:48:56.022956,7200.3,jowar
2025-02-24 16:48:56.022956,7127.1,jowar
2025-02-25 16:48:56.022956,7048.58,jowar
2025-02-26 16:48:56.022956,6941.06,jowar
2025-02-27 16:48:56.022956,6806.35,jowar
2025-02-28 16:48:56.022956,6589.15,jowar
2025-03-01 16:48:56.022956,6334.87,jowar
2025-03-02 16:48:56.022956,6022.89,jowar
2025-03-03 16:48:56.022956,5748.64,jowar
2025-03-04 16:48:56.022956,5509.07,jowar
2025-03-05 16:48:56.022956,5290.79,jowar
2025-03-06 16:48:56.022956,5084.76,jowar
2025-03-07 16:48:56.022956,4867.7,jowar
2025-03-08 16:48:56.022956,4644.9,jowar
2025-03-09 16:48:56.022956,4425.18,jowar
2025-03-10 16:48:56.022956,4209.42,jowar
2025-03-11 16:48:56.022956,4019.6,jowar
2025-03-12 16:48:56.022956,3821.96,jowar
2025-03-13 16:48:56.022956,3604.8,jowar
2025-03-14 16:48:56.022956,3369.71,jowar
2025-03-15 16:48:56.022956,3148.71,jowar
2025-03-16 16:48:56.022956,2968.53,jowar
2025-03-17 16:48:56.022956,2835.1,jowar
2025-03-18 16:48:56.022956,2671.83,jowar
2025-03-19 16:48:56.022956,2530.84,jowar
2025-03-20 16:48:56.022956,2358.19,jowar
2025-03-21 16:48:56.022956,2218.36,jowar
2025-03-22 16:48:56.022956,2059.44,jowar
2025-03-23 16:48:56.022956,1888.8,jowar
2025-03-24 16:48:56.022956,1727.31,jowar
2025-03-25 16:48:56.022956,1591.19,jowar
2025-03-26 16:48:56.022956,1525.33,jowar
2025-03-27 16:48:56.022956,1500.0,jowar
2025-03-28 16:48:56.022956,1500.0,jowar
2025-03-29 16:48:56.022956,1500.0,jowar
2025-03-30 16:48:56.022956,1500.0,jowar
2025-03-31 16:48:56.022956,1500.0,jowar
2025-04-01 16:48:56.022956,1500.0,jowar
2025-04-02 16:48:56.022956,1500.0,jowar
2025-04-03 16:48:56.022956,1500.0,jowar
2025-04-04 16:48:56.022956,1500.0,jowar
2025-04-05 16:48:56.022956,1500.0,jowar
2025-04-06 16:48:56.022956,1500.0,jowar
2025-04-07 16:48:56.022956,1500.0,jowar
2025-04-08 16:48:56.022956,1500.0,jowar
2025-04-09 16:48:56.022956,1500.0,jowar
2025-04-10 16:48:56.022956,1500.0,jowar
2025-04-11 16:48:56.022956,1500.0,jowar
2025-04-12 16:48:56.022956,1500.0,jowar
2025-04-13 16:48:56.022956,1500.0,jowar
2025-04-14 16:48:56.022956,1500.0,jowar
2025-04-15 16:48:56.022956,1500.0,jowar
2025-04-16 16:48:56.022956,1500.0,jowar
2025-04-17 16:48:56.022956,1500.0,jowar
2025-04-18 16:48:56.022956,1500.0,jowar
2025-04-19 16:48:56.022956,1500.0,jowar
2025-04-20 16:48:56.022956,1500.0,jowar
2025-04-21 16:48:56.022956,1500.0,jowar
2025-04-22 16:48:56.022956,1500.0,jowar
2025-04-23 16:48:56.022956,1500.0,jowar
2025-04-24 16:48:56.022956,1500.0,jowar
2025-04-25 16:48:56.022956,1500.0,jowar
2025-04-26 16:48:56.022956,1500.0,jowar
2025-04-27 16:48:56.022956,1500.0,jowar
2025-04-28 16:48:56.022956,1500.0,jowar
2025-04-29 16:48:56.022956,1500.0,jowar
2025-04-30 16:48:56.022956,1500.0,jowar
2025-05-01 16:48:56.022956,1500.0,jowar
2025-05-02 16:48:56.022956,1500.0,jowar
2025-05-03 16:48:56.022956,1500.0,jowar
2025-05-04 16:48:56.022956,1500.0,jowar
2025-05-05 16:48:56.022956,1500.0,jowar
2025-05-06 16:48:56.022956,1500.0,jowar
2025-05-07 16:48:56.022956,1500.0,jowar
2025-05-08 16:48:56.022956,1500.0,jowar
2025-05-09 16:48:56.022956,1500.0,jowar
2025-05-10 16:48:56.022956,1500.0,jowar
2025-05-11 16:48:56.022956,1500.0,jowar
2025-05-12 16:48:56.022956,1500.0,jowar
2025-05-13 16:48:56.022956,1500.0,jowar
2025-05-14 16:48:56.022956,1500.0,jowar
2025-05-15 16:48:56.022956,1500.0,jowar
2025-05-16 16:48:56.022956,1500.0,jowar
2025-05-17 16:48:56.022956,1500.0,jowar
2025-05-18 16:48:56.022956,1500.0,jowar
2025-05-19 16:48:56.022956,1500.0,jowar
2025-05-20 16:48:56.022956,1500.0,jowar
2025-05-21 16:48:56.022956,1500.0,jowar
2025-05-22 16:48:56.022956,1500.0,jowar
2025-05-23 16:48:56.022956,1500.0,jowar
2025-05-24 16:48:56.022956,1500.0,jowar
2025-05-25 16:48:56.022956,1500.0,jowar
2025-05-26 16:48:56.022956,1500.0,jowar
2025-05-27 16:48:56.022956,1500.0,jowar
2025-05-28 16:48:56.022956,1500.0,jowar
2025-05-29 16:48:56.022956,1500.0,jowar
2025-05-30 16:48:56.022956,1500.0,jowar
2025-05-31 16:48:56.022956,1500.0,jowar
2025-06-01 16:48:56.022956,1500.0,jowar
2025-06-02 16:48:56.022956,1500.0,jowar
2025-06-03 16:48:56.022956,1500.0,jowar
2025-06-04 16:48:56.022956,1500.0,jowar
2025-06-05 16:48:56.022956,1500.0,jowar
2025-06-06 16:48:56.022956,1500.0,jowar
2025-06-07 16:48:56.022956,1500.0,jowar
2025-06-08 16:48:56.022956,1500.0,jowar
2025-06-09 16:48:56.022956,1500.0,jowar
2025-06-10 16:48:56.022956,1500.0,jowar
2025-06-11 16:48:56.022956,1500.0,jowar
2025-06-12 16:48:56.022956,1500.0,jowar
2025-06-13 16:48:56.022956,1500.0,jowar
2025-06-14 16:48:56.022956,1500.0,jowar
2025-06-15 16:48:56.022956,1500.0,jowar
2025-06-16 16:48:56.022956,1500.0,jowar
2025-06-17 16:48:56.022956,1500.0,jowar
2025-06-18 16:48:56.022956,1500.0,jowar
2025-06-19 16:48:56.022956,1500.0,jowar
2025-06-20 16:48:56.022956,1500.0,jowar
2025-06-21 16:48:56.022956,1500.0,jowar
2025-06-22 16:48:56.022956,1500.0,jowar
2025-06-23 16:48:56.022956,1500.0,jowar
2025-06-24 16:48:56.022956,1500.0,jowar
2025-06-25 16:48:56.022956,1500.0,jowar
2025-06-26 16:48:56.022956,1500.0,jowar
2025-06-27 16:48:56.022956,1500.0,jowar
2025-06-28 16:48:56.022956,1500.0,jowar
2025-06-29 16:48:56.022956,1500.0,jowar
2025-06-30 16:48:56.022956,1500.0,jowar
2025-07-01 16:48:56.022956,1500.0,jowar
2025-07-02 16:48:56.022956,1500.0,jowar
2025-07-03 16:48:56.022956,1500.0,jowar
2025-07-04 16:48:56.022956,1500.0,jowar
2025-07-05 16:48:56.022956,1500.0,jowar
2025-07-06 16:48:56.022956,1500.0,jowar
2025-07-07 16:48:56.022956,1500.0,jowar
2025-07-08 16:48:56.022956,1500.0,jowar
2025-07-09 16:48:56.022956,1500.0,jowar
2025-07-10 16:48:56.022956,1500.0,jowar
2025-07-11 16:48:56.022956,1500.0,jowar
2025-07-12 16:48:56.022956,1500.0,jowar
2025-07-13 16:48:56.022956,1500.0,jowar
2025-07-14 16:48:56.022956,1500.0,jowar
2025-07-15 16:48:56.022956,1500.0,jowar
2025-07-16 16:48:56.022956,1500.0,jowar
2025-07-17 16:48:56.022956,1500.0,jowar
2025-07-18 16:48:56.022956,1500.0,jowar
2025-07-19 16:48:56.022956,1500.0,jowar
2025-07-20 16:48:56.022956,1500.0,jowar
2025-07-21 16:48:56.022956,1500.0,jowar
2025-07-22 16:48:56.022956,1500.0,jowar
2025-07-23 16:48:56.022956,1500.0,jowar
2025-07-24 16:48:56.022956,1500.0,jowar
2025-07-25 16:48:56.022956,1500.0,jowar
2025-07-26 16:48:56.022956,1500.0,jowar
2025-07-27 16:48:56.022956,1500.0,jowar
2025-07-28 16:48:56.022956,1500.0,jowar
2025-07-29 16:48:56.022956,1500.0,jowar
2025-07-30 16:48:56.022956,1500.0,jowar
2025-07-31 16:48:56.022956,1536.07,jowar
2025-08-01 16:48:56.022956,1579.05,jowar
2025-08-02 16:48:56.022956,1644.9,jowar
2025-08-03 16:48:56.022956,1661.55,jowar
2025-08-04 16:48:56.022956,1695.34,jowar
2025-08-05 16:48:56.022956,1736.46,jowar
2025-08-06 16:48:56.022956,1778.92,jowar
2025-08-07 16:48:56.022956,1822.47,jowar
2025-08-08 16:48:56.022956,1819.06,jowar
2025-08-09 16:48:56.022956,1830.4,jowar
2025-08-10 16:48:56.022956,1839.36,jowar
2025-08-11 16:48:56.022956,1879.45,jowar
2025-08-12 16:48:56.022956,1883.47,jowar
2025-08-13 16:48:56.022956,1927.66,jowar
2025-08-14 16:48:56.022956,1956.81,jowar
2025-08-15 16:48:56.022956,2021.81,jowar
2025-08-16 16:48:56.022956,2035.67,jowar
2025-08-17 16:48:56.022956,2055.25,jowar
2025-08-18 16:48:56.022956,2071.88,jowar
2025-08-19 16:48:56.022956,2092.84,jowar
2025-08-20 16:48:56.022956,2110.35,jowar
2025-08-21 16:48:56.022956,2138.51,jowar
2025-08-22 16:48:56.022956,2136.4,jowar
2025-08-23 16:48:56.022956,2146.31,jowar
2025-08-24 16:48:56.022956,2158.47,jowar
2025-08-25 16:48:56.022956,2228.15,jowar
2025-08-26 16:48:56.022956,2285.39,jowar
2025-08-27 16:48:56.022956,2307.65,jowar
2025-08-28 16:48:56.022956,2293.97,jowar
2025-08-29 16:48:56.022956,2272.73,jowar
2025-08-30 16:48:56.022956,2285.13,jowar
2025-08-31 16:48:56.022956,2368.67,jowar
2025-09-01 16:48:56.022956,2529.37,jowar
2025-09-02 16:48:56.022956,2749.7,jowar
2025-09-03 16:48:56.022956,2983.45,jowar
2025-09-04 16:48:56.022956,3191.68,jowar
2025-09-05 16:48:56.022956,3392.1,jowar
2025-09-06 16:48:56.022956,3546.19,jowar
2025-09-07 16:48:56.022956,3687.0,jowar
2025-09-08 16:48:56.022956,3821.51,jowar
2025-09-09 16:48:56.022956,3967.38,jowar
2025-09-10 16:48:56.022956,4142.75,jowar
2025-09-11 16:48:56.022956,4308.8,jowar
2025-09-12 16:48:56.022956,4475.34,jowar
2025-09-13 16:48:56.022956,4602.84,jowar
2025-09-14 16:48:56.022956,4764.76,jowar
2025-09-15 16:48:56.022956,4898.69,jowar
2025-09-16 16:48:56.022956,5042.02,jowar
2025-09-17 16:48:56.022956,5156.87,jowar
2025-09-18 16:48:56.022956,5257.71,jowar
2025-09-19 16:48:56.022956,5343.31,jowar
2025-09-20 16:48:56.022956,5436.93,jowar
2025-09-21 16:48:56.022956,5547.64,jowar
2025-09-22 16:48:56.022956,5671.86,jowar
2025-09-23 16:48:56.022956,5800.15,jowar
2025-09-24 16:48:56.022956,5920.0,jowar
2025-09-25 16:48:56.022956,6051.69,jowar
2025-09-26 16:48:56.022956,6160.84,jowar
2025-09-27 16:48:56.022956,6300.16,jowar
2025-09-28 16:48:56.022956,6442.09,jowar
2025-09-29 16:48:56.022956,6560.03,jowar
2025-09-30 16:48:56.022956,6691.16,jowar
2025-10-01 16:48:56.022956,6839.71,jowar
2025-10-02 16:48:56.022956,7039.66,jowar
2025-10-03 16:48:56.022956,7239.61,jowar
2025-10-04 16:48:56.022956,7436.86,jowar
2025-10-05 16:48:56.022956,7621.7,jowar
2025-10-06 16:48:56.022956,7790.88,jowar
2025-10-07 16:48:56.022956,7948.72,jowar
2025-10-08 16:48:56.022956,8076.77,jowar
2025-10-09 16:48:56.022956,8220.28,jowar
2025-10-10 16:48:56.022956,8354.87,jowar
2025-10-11 16:48:56.022956,8498.67,jowar
2025-10-12 16:48:56.022956,8603.4,jowar
2025-10-13 16:48:56.022956,8725.31,jowar
2025-10-14 16:48:56.022956,8842.16,jowar
2025-10-15 16:48:56.022956,8963.12,jowar
2025-10-16 16:48:56.022956,9110.68,jowar
2025-10-17 16:48:56.022956,9297.55,jowar
2025-10-18 16:48:56.022956,9508.84,jowar
2025-10-19 16:48:56.022956,9682.37,jowar
2025-10-20 16:48:56.022956,9826.8,jowar
2025-10-21 16:48:56.022956,9968.55,jowar
2025-10-22 16:48:56.022956,10086.02,jowar
2025-10-23 16:48:56.022956,10219.58,jowar
2025-10-24 16:48:56.022956,10296.3,jowar
2025-10-25 16:48:56.022956,10391.35,jowar
2025-10-26 16:48:56.022956,10468.7,jowar
2025-10-27 16:48:56.022956,10582.56,jowar
2025-10-28 16:48:56.022956,10669.93,jowar
2025-10-29 16:48:56.022956,10746.98,jowar
2025-10-30 16:48:56.022956,10823.28,jowar
2025-10-31 16:48:56.022956,10916.3,jowar
2025-11-01 16:48:56.022956,11039.8,jowar
2025-11-02 16:48:56.022956,11149.48,jowar
2025-11-03 16:48:56.022956,11260.33,jowar
2025-11-04 16:48:56.022956,11337.47,jowar
2025-11-05 16:48:56.022956,11427.63,jowar
2025-11-06 16:48:56.022956,11548.44,jowar
2025-11-07 16:48:56.022956,11677.57,jowar
2025-11-08 16:48:56.022956,11824.65,jowar
2025-11-09 16:48:56.022956,11938.48,jowar
2025-11-10 16:48:56.022956,12041.04,jowar
2025-11-11 16:48:56.022956,12144.59,jowar
2025-11-12 16:48:56.022956,12270.01,jowar
2025-11-13 16:48:56.022956,12373.34,jowar
2025-11-14 16:48:56.022956,12447.42,jowar
2025-11-15 16:48:56.022956,12526.36,jowar
2025-11-16 16:48:56.022956,12618.14,jowar
2025-11-17 16:48:56.022956,12677.74,jowar
2025-11-18 16:48:56.022956,12705.75,jowar
2025-11-19 16:48:56.022956,12759.47,jowar
2025-11-20 16:48:56.022956,12865.27,jowar
2025-11-21 16:48:56.022956,12928.54,jowar
2025-11-22 16:48:56.022956,12966.18,jowar
2025-11-23 16:48:56.022956,12981.11,jowar
2025-11-24 16:48:56.022956,13047.77,jowar
2025-11-25 16:48:56.022956,13110.03,jowar
2025-11-26 16:48:56.022956,13179.07,jowar
2025-11-27 16:48:56.022956,13259.35,jowar
2025-11-28 16:48:56.022956,13348.15,jowar
2025-11-29 16:48:56.022956,13406.56,jowar
2025-11-30 16:48:56.022956,13446.03,jowar
2025-12-01 16:48:56.022956,13455.33,jowar
2025-12-02 16:48:56.022956,13469.01,jowar
2025-12-03 16:48:56.022956,13443.59,jowar
2025-12-04 16:48:56.022956,13445.69,jowar
2025-12-05 16:48:56.022956,13462.65,jowar
2025-12-06 16:48:56.022956,13488.71,jowar
2025-12-07 16:48:56.022956,13505.89,jowar
2025-12-08 16:48:56.022956,13493.94,jowar
2025-12-09 16:48:56.022956,13506.77,jowar
2025-12-10 16:48:56.022956,13494.85,jowar
2025-12-11 16:48:56.022956,13525.32,jowar
2025-12-12 16:48:56.022956,13525.49,jowar
2025-12-13 16:48:56.022956,13528.02,jowar
2025-12-14 16:48:56.022956,13499.65,jowar
2025-12-15 16:48:56.022956,13474.21,jowar
2025-12-16 16:48:56.022956,13470.37,jowar
2025-12-17 16:48:56.022956,13479.12,jowar
2025-12-18 16:48:56.022956,13508.71,jowar
2025-12-19 16:48:56.022956,13487.92,jowar
2025-12-20 16:48:56.022956,13455.81,jowar
2025-12-21 16:48:56.022956,13430.93,jowar
2025-12-22 16:48:56.022956,13453.46,jowar
2025-12-23 16:48:56.022956,13438.51,jowar
2025-12-24 16:48:56.022956,13415.74,jowar
2025-12-25 16:48:56.022956,13378.16,jowar
2025-12-26 16:48:56.022956,13392.53,jowar
2025-12-27 16:48:56.022956,13405.51,jowar
2025-12-28 16:48:56.022956,13436.26,jowar
2025-12-29 16:48:56.022956,13452.0,jowar
2025-12-30 16:48:56.022956,13478.36,jowar
2025-12-31 16:48:56.022956,13467.24,jowar
2026-01-01 16:48:56.022956,13417.65,jowar
2026-01-02 16:48:56.022956,13324.6,jowar
2026-01-03 16:48:56.022956,13228.15,jowar
2026-01-04 16:48:56.022956,13150.27,jowar
2026-01-05 16:48:56.022956,13028.87,jowar
2026-01-06 16:48:56.022956,12915.31,jowar
2026-01-07 16:48:56.022956,12757.42,jowar
2026-01-08 16:48:56.022956,12636.81,jowar
2026-01-09 16:48:56.022956,12533.15,jowar
2026-01-10 16:48:56.022956,12492.99,jowar
2026-01-11 16:48:56.022956,12437.97,jowar
2026-01-12 16:48:56.022956,12352.35,jowar
2026-01-13 16:48:56.022956,12273.27,jowar
2026-01-14 16:48:56.022956,12169.33,jowar
2026-01-15 16:48:56.022956,12079.66,jowar
2026-01-16 16:48:56.022956,11929.32,jowar
2026-01-17 16:48:56.022956,11819.27,jowar
2026-01-18 16:48:56.022956,11720.41,jowar
2026-01-19 16:48:56.022956,11666.99,jowar
2026-01-20 16:48:56.022956,11626.36,jowar
2026-01-21 16:48:56.022956,11562.38,jowar
2026-01-22 16:48:56.022956,11491.2,jowar
2026-01-23 16:48:56.022956,11398.65,jowar
2026-01-24 16:48:56.022956,11333.97,jowar
2026-01-25 16:48:56.022956,11256.9,jowar
2026-01-26 16:48:56.022956,11206.53,jowar
2026-01-27 16:48:56.022956,11150.67,jowar
2026-01-28 16:48:56.022956,11102.19,jowar
2026-01-29 16:48:56.022956,11047.31,jowar
2026-01-30 16:48:56.022956,10997.2,jowar
2026-01-31 16:48:56.022956,10902.97,jowar
2026-02-01 16:48:56.022956,10774.52,jowar
2026-02-02 16:48:56.022956,10571.27,jowar
2026-02-03 16:48:56.022956,10390.83,jowar
2026-02-04 16:48:56.022956,10179.21,jowar
2026-02-05 16:48:56.022956,10009.05,jowar
2026-02-06 16:48:56.022956,9801.97,jowar
2026-02-07 16:48:56.022956,9590.19,jowar
2026-02-08 16:48:56.022956,9387.57,jowar
2026-02-09 16:48:56.022956,9223.27,jowar
2026-02-10 16:48:56.022956,9117.98,jowar
2026-02-11 16:48:56.022956,9003.18,jowar
2026-02-12 16:48:56.022956,8873.78,jowar
2026-02-13 16:48:56.022956,8706.01,jowar
2026-02-14 16:48:56.022956,8505.29,jowar
2026-02-15 16:48:56.022956,8314.18,jowar
2026-02-16 16:48:56.022956,8135.69,jowar
2026-02-17 16:48:56.022956,7985.29,jowar
2026-02-18 16:48:56.022956,7824.58,jowar
2026-02-19 16:48:56.022956,7685.5,jowar
2026-02-20 16:48:56.022956,7540.0,jowar
2026-02-21 16:48:56.022956,7414.65,jowar
2026-02-22 16:48:56.022956,7284.08,jowar
2026-02-23 16:48:56.022956,7164.5,jowar
2026-02-24 16:48:56.022956,7050.24,jowar
2026-02-25 16:48:56.022956,6922.7,jowar
2026-02-26 16:48:56.022956,6793.9,jowar
2026-02-27 16:48:56.022956,6675.69,jowar
2026-02-28 16:48:56.022956,6522.91,jowar
2026-03-01 16:48:56.022956,6319.64,jowar
2026-03-02 16:48:56.022956,6032.85,jowar
2026-03-03 16:48:56.022956,5730.23,jowar
2026-03-04 16:48:56.022956,5427.63,jowar
2026-03-05 16:48:56.022956,5142.72,jowar
2026-03-06 16:48:56.022956,4895.28,jowar
2026-03-07 16:48:56.022956,4685.76,jowar
2026-03-08 16:48:56.022956,4485.38,jowar
2026-03-09 16:48:56.022956,4268.99,jowar
2026-03-10 16:48:56.022956,4047.73,jowar
2026-03-11 16:48:56.022956,3866.37,jowar
2026-03-12 16:48:56.022956,3692.67,jowar
2026-03-13 16:48:56.022956,3490.89,jowar
2026-03-14 16:48:56.022956,3235.6,jowar
2026-03-15 16:48:56.022956,2988.9,jowar
2026-03-16 16:48:56.022956,2772.78,jowar
2026-03-17 16:48:56.022956,2608.38,jowar
2026-03-18 16:48:56.022956,2453.83,jowar
2026-03-19 16:48:56.022956,2307.04,jowar
2026-03-20 16:48:56.022956,2133.87,jowar
2026-03-21 16:48:56.022956,1916.87,jowar
2026-03-22 16:48:56.022956,1700.51,jowar
2026-03-23 16:48:56.022956,1552.1,jowar
2026-03-24 16:48:56.022956,1500.0,jowar
2026-03-25 16:48:56.022956,1500.0,jowar
2026-03-26 16:48:56.022956,1500.0,jowar
2026-03-27 16:48:56.022956,1500.0,jowar
2026-03-28 16:48:56.022956,1500.0,jowar
2026-03-29 16:48:56.022956,1500.0,jowar
2026-03-30 16:48:56.022956,1500.0,jowar
2026-03-31 16:48:56.022956,1500.0,jowar
2026-04-01 16:48:56.022956,1500.0,jowar
2026-04-02 16:48:56.022956,1500.0,jowar
2026-04-03 16:48:56.022956,1500.0,jowar
2026-04-04 16:48:56.022956,1500.0,jowar
2026-04-05 16:48:56.022956,1500.0,jowar
2026-04-06 16:48:56.022956,1500.0,jowar
2026-04-07 16:48:56.022956,1500.0,jowar
2026-04-08 16:48:56.022956,1500.0,jowar
2026-04-09 16:48:56.022956,1500.0,jowar
2026-04-10 16:48:56.022956,1500.0,jowar
2026-04-11 16:48:56.022956,1000.0,jowar
